# Blender 4.4.3
# www.blender.org
mtllib deer.mtl
o deer_001
v 0.000000 0.616510 0.211422
v 0.056523 0.632521 0.384627
v 0.133737 1.619526 -0.735279
v 0.068896 0.927660 0.506951
v 0.045918 0.922512 0.532657
v 0.000000 0.902010 0.527349
v 0.000000 0.820385 0.519363
v 0.096662 0.825997 0.523921
v 0.000000 0.690573 0.429003
v 0.000000 1.025758 0.484017
v 0.000000 1.072785 0.378547
v 0.000000 0.626762 -0.097206
v 0.084149 0.646711 0.095508
v 0.081777 0.638125 -0.100496
v 0.000000 0.605560 -0.201148
v 0.000000 0.758236 -0.542666
v 0.054372 1.633927 -0.562306
v 0.086652 -0.000000 -0.313945
v 0.066749 1.506521 -0.670448
v 0.042660 0.613074 0.218959
v 0.152430 0.709338 0.111613
v 0.133587 0.643208 0.143519
v 0.212903 0.725175 0.209384
v 0.212271 0.851293 0.230557
v 0.183544 0.842536 0.119728
v 0.173863 0.958912 0.236230
v 0.099377 1.057122 0.246923
v 0.080338 1.057428 0.123983
v 0.086097 1.050156 0.381327
v 0.000000 1.087113 0.255339
v 0.051824 1.008882 0.480965
v 0.144833 0.953551 0.402862
v 0.092923 1.053193 -0.096725
v 0.000000 1.096543 -0.105040
v 0.000000 1.080677 0.126885
v 0.116156 1.061133 -0.223615
v 0.185291 0.853464 0.406792
v 0.111738 0.712373 0.474624
v 0.194496 0.728555 0.372783
v 0.129589 0.638874 0.425697
v 0.189732 0.634501 0.355556
v 0.160851 0.696273 -0.120691
v 0.196629 0.831375 -0.095083
v 0.230610 0.842598 -0.216411
v 0.226818 0.724282 -0.215454
v 0.177387 0.960300 -0.212027
v 0.209922 0.719859 -0.339778
v 0.204785 0.869535 -0.402335
v 0.169209 0.975255 -0.360028
v 0.122048 0.617369 -0.168045
v 0.059380 0.616119 -0.203017
v 0.064768 0.512650 -0.217033
v 0.106206 0.512888 -0.189907
v 0.000000 1.111555 -0.231220
v 0.150110 0.513935 -0.212864
v 0.184289 0.643414 -0.216663
v 0.133109 1.628009 -0.570409
v 0.193658 0.591033 0.243169
v 0.360479 1.839158 -0.832461
v 0.141087 0.555257 0.205857
v 0.037830 1.524349 -0.664927
v 0.244434 1.599571 -0.759199
v -0.014683 1.437689 -0.668736
v -0.000001 1.234967 -0.952220
v 0.033767 1.235004 -0.940989
v 0.090394 1.675079 -0.574068
v 0.042856 1.240691 -0.913949
v 0.050469 1.281428 -0.861801
v 0.043894 1.245379 -0.883535
v 0.337565 1.795098 -0.811972
v 0.056425 1.397272 -0.740983
v 0.325553 1.734665 -0.839554
v -0.000001 1.240691 -0.913949
v 0.327102 1.630398 -0.788836
v 0.468742 1.779824 -0.763953
v -0.000001 1.250852 -0.866394
v 0.028058 1.295987 -0.950334
v 0.027570 1.279249 -0.957859
v 0.053144 1.272510 -0.908518
v 0.350147 1.661642 -0.799306
v 0.050689 1.467700 -0.649292
v 0.075941 1.497986 -0.628263
v 0.170373 1.551084 -0.763368
v -0.000001 1.299800 -0.959624
v 0.181202 1.681618 -0.485148
v 0.170195 1.648696 -0.789559
v -0.000001 1.331437 -0.908472
v 0.130420 1.598286 -0.663527
v 0.068195 1.372934 -0.762408
v 0.067863 1.338679 -0.824258
v 0.029982 1.325410 -0.895410
v 0.360786 1.920467 -0.807175
v 0.259997 1.677658 -0.779640
v 0.266471 1.610634 -0.752856
v 0.458608 1.699936 -0.673639
v 0.278644 1.649907 -0.778361
v 0.514094 1.906803 -0.672248
v 0.116055 1.715982 -0.556686
v 0.214374 1.640715 -0.766291
v -0.000001 1.209266 -0.900300
v 0.074144 1.545809 -0.636102
v 0.310369 1.661445 -0.662589
v -0.000001 1.228610 -0.829855
v 0.102961 1.598096 -0.579159
v -0.003571 1.434462 -0.646273
v 0.087573 0.000000 0.308894
v 0.052873 1.483265 -0.739944
v 0.075941 1.612336 -0.567873
v 0.033460 1.233228 -0.845086
v 0.097452 1.579734 -0.716715
v 0.109523 1.708551 -0.542075
v 0.100782 0.058848 -0.283269
v 0.172755 1.647825 -0.501906
v 0.031121 1.224970 -0.933713
v 0.056359 1.170951 -0.707392
v 0.243294 1.626219 -0.726814
v 0.059675 1.472273 -0.697356
v 0.197481 1.609348 -0.693305
v 0.029953 1.211750 -0.898537
v 0.424778 1.711868 -0.771881
v 0.032686 1.427323 -0.622782
v 0.171646 1.507781 -0.627010
v 0.151493 1.550076 -0.646351
v 0.103995 1.488502 -0.700321
v 0.292746 1.830185 -0.882033
v 0.071789 1.405083 -0.652850
v 0.377927 1.833042 -0.820925
v 0.152847 1.546711 -0.601444
v 0.207506 1.597599 -0.618600
v 0.172634 1.518617 -0.583396
v 0.251722 1.565519 -0.590868
v 0.149958 1.680888 -0.554747
v 0.079419 1.602596 -0.592389
v 0.210596 1.483729 -0.605856
v 0.046964 1.477239 -0.768925
v 0.088756 1.469207 -0.656355
v 0.453186 1.690277 -0.726547
v 0.052706 1.414559 -0.627791
v 0.145384 1.555907 -0.632152
v 0.106498 1.489357 -0.644384
v 0.090423 1.471317 -0.621101
v 0.025627 1.479976 -0.668097
v 0.121301 1.481953 -0.663011
v 0.302171 1.685812 -0.826602
v 0.490304 1.750345 -0.676761
v 0.196312 1.658712 -0.491226
v 0.265404 1.608025 -0.601154
v 0.224580 1.564013 -0.609253
v 0.153126 1.658119 -0.767471
v 0.246757 1.617495 -0.789384
v 0.129558 1.639956 -0.552937
v 0.262671 1.564324 -0.612268
v 0.316244 1.636602 -0.661386
v 0.116191 1.486636 -0.745338
v 0.129593 1.421433 -0.635376
v 0.215777 1.487165 -0.643963
v 0.354940 1.837141 -0.821478
v 0.143294 1.454183 -0.660790
v 0.081163 1.426434 -0.723694
v 0.049450 1.468932 -0.705935
v 0.085562 -0.000000 -0.360662
v 0.409945 1.657448 -0.730614
v 0.126580 0.000000 0.280897
v 0.000009 1.467720 -0.701636
v 0.000163 1.446706 -0.747147
v -0.008951 1.416554 -0.740480
v 0.000110 1.393661 -0.832130
v 0.044554 1.493388 -0.698497
v 0.126144 -0.000000 -0.288860
v 0.149154 1.573180 -0.674986
v 0.413408 1.676051 -0.736706
v 0.083789 1.497380 -0.655118
v 0.050455 1.460686 -0.635478
v -0.000001 1.422961 -0.585875
v 0.069994 1.412286 -0.593374
v 0.055322 1.557602 -0.624589
v 0.061551 1.296670 -0.532207
v 0.000000 1.317626 -0.498554
v 0.076905 1.235775 -0.502273
v 0.109724 1.132814 -0.623963
v 0.085713 1.217303 -0.646165
v 0.110181 1.380861 -0.629888
v 0.085741 1.314398 -0.760108
v 0.116581 1.726065 -0.537295
v 0.099914 1.445660 -0.688576
v 0.077173 1.473949 -0.671854
v 0.468869 1.768421 -0.740884
v 0.275940 1.636551 -0.744963
v 0.111496 1.449799 -0.595642
v 0.189721 1.646605 -0.521843
v -0.000001 1.461804 -0.639419
v 0.422746 1.654700 -0.746064
v 0.190861 1.638202 -0.728928
v 0.168590 1.655555 -0.540331
v 0.450620 1.780360 -0.734182
v 0.053627 1.584951 -0.839417
v 0.140912 1.610305 -0.713762
v 0.380514 1.667348 -0.766727
v 0.092440 1.737778 -0.513100
v 0.510646 1.844323 -0.731350
v 0.284781 1.810684 -0.879313
v 0.012066 1.437173 -0.632559
v 0.039886 1.505635 -0.762337
v 0.134000 1.563652 -0.715830
v 0.531046 1.902507 -0.680792
v 0.353727 1.671023 -0.760773
v 0.073333 1.396557 -0.686654
v 0.189064 1.688823 -0.412405
v 0.145691 1.574824 -0.545865
v 0.167690 1.653067 -0.770999
v 0.165711 0.000000 0.308629
v 0.100799 1.546854 -0.714462
v 0.130435 1.596941 -0.746761
v 0.183700 1.628017 -0.702745
v 0.064996 1.605541 -0.584060
v 0.265799 1.645048 -0.758170
v 0.169745 1.559173 -0.742740
v 0.200900 1.586960 -0.731863
v 0.266953 1.625357 -0.791555
v 0.000000 1.164898 -0.718224
v 0.000000 1.064417 -0.706595
v 0.000000 1.197425 -0.412606
v 0.107919 1.155225 -0.455068
v 0.000000 1.131998 -0.335583
v 0.124203 1.077930 -0.338548
v 0.159113 0.929998 -0.496607
v 0.093272 0.741757 -0.492260
v 0.094775 0.841402 -0.590997
v 0.069907 0.677894 -0.475089
v 0.000000 0.612474 -0.412037
v 0.060452 0.628144 -0.406736
v 0.128875 0.658057 -0.435754
v 0.000000 0.946228 -0.667113
v 0.063985 1.073680 -0.691924
v 0.079851 0.957977 -0.653934
v 0.138550 1.030938 -0.579081
v 0.107279 0.512203 -0.339336
v 0.122364 0.605727 -0.372559
v 0.155540 0.513970 -0.288783
v 0.010824 1.408154 -0.747597
v 0.066786 0.504620 -0.289816
v 0.076596 1.450239 -0.721531
v 0.166077 1.701748 -0.399241
v 0.116303 0.059632 -0.262304
v 0.134478 0.060295 -0.279406
v 0.145474 0.059211 -0.312776
v 0.188850 0.643386 -0.312235
v 0.126134 0.057813 -0.334441
v 0.329162 1.683818 -0.537257
v 0.168035 -0.000000 -0.359906
v 0.127017 -0.000000 -0.384092
v 0.167599 -0.000000 -0.312290
v 0.101814 0.056802 -0.319148
v 0.096999 1.518270 -0.618842
v 0.334759 1.671886 -0.790913
v 0.056908 0.610006 -0.313519
v 0.267523 1.621016 -0.738010
v 0.126828 0.000000 0.392355
v 0.096902 1.491386 -0.725666
v 0.072525 1.386351 -0.718419
v -0.020356 1.433940 -0.698484
v 0.350951 1.654620 -0.752460
v 0.095947 1.575496 -0.578373
v 0.162336 1.666121 -0.524726
v 0.338076 1.657586 -0.596465
v 0.127817 0.165645 0.429126
v 0.148079 0.058775 0.393617
v 0.154508 0.162465 0.366813
v 0.165835 0.000000 0.364357
v 0.126388 0.058775 0.330589
v 0.108201 0.058775 0.347495
v 0.107143 0.058775 0.390613
v 0.150703 1.597935 -0.724215
v 0.232860 1.632824 -0.788688
v 0.145744 0.058775 0.347797
v 0.180734 1.584980 -0.726315
v 0.178585 0.540214 0.410423
v 0.374405 1.833115 -0.806850
v 0.285161 1.714980 -0.831895
v 0.030685 1.480528 -0.702999
v 0.296662 1.724604 -0.806404
v 0.473163 1.695888 -0.719463
v 0.068167 1.551048 -0.817589
v 0.091242 1.544041 -0.584821
v 0.152097 1.651775 -0.790221
v 0.311319 1.777489 -0.831358
v 0.024090 1.466072 -0.727690
v 0.046421 0.973727 0.535271
v 0.043034 0.949120 0.585578
v 0.000000 0.966346 0.585428
v 0.026000 0.924174 0.670325
v 0.023665 0.896886 0.671232
v 0.000000 0.901817 0.708745
v 0.000000 0.930589 0.692958
v 0.000000 0.874371 0.666095
v 0.000000 0.877132 0.574425
v 0.045053 0.900361 0.579939
v 0.028410 1.406540 -0.751805
v 0.167348 1.722894 -0.393013
v 0.353450 1.765375 -0.817250
v 0.452952 1.789856 -0.758658
v 0.137244 1.549484 -0.693400
v 0.180982 1.541469 -0.756001
v 0.114740 1.603795 -0.679044
v 0.305255 1.646787 -0.654745
v 0.315849 1.707214 -0.808396
v 0.148395 1.657594 -0.527578
v 0.048077 1.455423 -0.733503
v 0.353917 1.640036 -0.757230
v 0.128696 1.580340 -0.583311
v 0.090194 1.450503 -0.702501
v 0.124808 1.575014 -0.545127
v 0.448437 1.686492 -0.711946
v 0.470854 1.688172 -0.705615
v 0.087086 1.490077 -0.702149
v 0.244580 1.648402 -0.740938
v 0.126704 0.058775 0.407494
v 0.165231 0.953646 -0.089934
v 0.151963 0.958353 0.119738
v 0.000000 0.989663 0.537756
v 0.077749 0.503490 0.300639
v 0.132473 0.544491 0.455552
v 0.184737 0.495609 0.300157
v 0.078387 0.542166 0.410407
v 0.137649 0.473869 0.271439
v 0.127547 0.162674 0.343790
v 0.131657 0.290816 0.455836
v 0.108970 0.284119 0.425668
v 0.160696 0.275595 0.379323
v 0.154961 0.284871 0.428555
v 0.130484 0.273806 0.349961
v 0.109010 0.278413 0.379036
v 0.108600 0.165176 0.369000
v 0.108054 0.166803 0.414044
v 0.151418 0.165769 0.416533
v 0.087697 0.000000 0.364623
v 0.000000 0.625033 0.088785
v 0.000000 0.601000 -0.315440
v 0.000000 0.832638 -0.603058
v 0.000000 0.665978 -0.488595
v 0.072330 1.053270 0.013142
v 0.074965 0.642418 -0.002494
v 0.000000 1.085768 0.009586
v 0.141602 0.721411 -0.003677
v 0.171851 0.836955 0.012322
v 0.143394 0.955829 0.015066
v 0.000000 0.631610 -0.005856
v 0.119668 0.249550 -0.319692
v 0.091681 0.245178 -0.297069
v 0.146993 0.250832 -0.293198
v 0.113182 0.250335 -0.236834
v 0.091974 0.250039 -0.257119
v 0.138403 0.251057 -0.252943
v 0.115101 0.154917 -0.251577
v 0.099211 0.154448 -0.271655
v 0.122573 0.153732 -0.325170
v 0.098408 0.151201 -0.306976
v 0.144201 0.154966 -0.302242
v 0.135209 0.155556 -0.267213
v 0.000000 1.159662 -0.376232
v 0.120811 1.103207 -0.396893
v 0.000000 1.261821 -0.456184
v 0.061418 1.349881 -0.559969
v 0.000000 1.375200 -0.544784
v 0.081221 1.258873 -0.656560
v 0.090875 1.338929 -0.706623
v 0.055068 1.220790 -0.710818
v 0.000000 1.210294 -0.722227
v 0.135213 1.105351 -0.503475
v 0.104292 1.193975 -0.558367
v 0.084596 1.259285 -0.588861
v 0.081602 1.303221 -0.605907
v 0.151741 1.027383 -0.434833
v -0.000001 1.222041 -0.945345
v -0.000001 1.227370 -0.779770
v 0.046021 1.235263 -0.781318
v 0.065219 1.291104 -0.801250
v 0.000027 1.365446 -0.869024
v 0.046142 1.308436 -0.874725
v 0.040616 1.382688 -0.819176
v 0.036405 1.358888 -0.854760
v 0.045280 1.290845 -0.932891
v 0.134497 1.515920 -0.655682
v 0.000460 1.418403 -0.786608
v 0.051616 1.441412 -0.742676
v 0.123508 1.525156 -0.639441
v 0.125590 1.512918 -0.610302
v 0.145202 1.485872 -0.589126
v 0.168158 1.453640 -0.619544
v 0.147511 1.485382 -0.641068
v 0.258341 1.609468 -0.590162
v 0.180863 1.466957 -0.650971
v 0.200289 1.598404 -0.607979
v 0.251117 1.538307 -0.622271
v 0.242917 1.538380 -0.597534
v 0.203917 1.584837 -0.587053
v 0.219695 1.558161 -0.581732
v 0.235447 1.511023 -0.633642
v 0.178616 1.575234 -0.633516
v 0.171628 1.578714 -0.620501
v 0.198252 1.535804 -0.614446
v 0.229405 1.508656 -0.600431
v 0.177444 1.566778 -0.593423
v 0.196094 1.538056 -0.581168
v 0.176134 1.714727 -0.779049
v 0.184501 1.711929 -0.780040
v 0.183996 1.711352 -0.789806
v 0.175951 1.714170 -0.789820
v 0.530334 1.915619 -0.671673
v 0.505429 1.963229 -0.636766
v 0.502126 1.965149 -0.646221
v 0.511572 1.967241 -0.649959
v 0.513579 1.964782 -0.640759
v 0.515413 1.918735 -0.663856
v 0.525234 1.916833 -0.690740
v 0.523506 1.922238 -0.630564
v 0.516594 1.923524 -0.630538
v 0.514253 1.914943 -0.630096
v 0.522359 1.913585 -0.629451
v 0.511265 1.913869 -0.688029
v 0.489958 1.852721 -0.729626
v 0.515094 1.837227 -0.717525
v 0.490215 1.846532 -0.714904
v -0.000001 1.256523 -0.961207
v -0.000001 1.297931 -0.966024
v 0.020068 1.294291 -0.959454
v 0.019704 1.282511 -0.966500
v -0.000001 1.282152 -0.970949
v -0.000001 1.265629 -0.968474
v 0.047839 1.411869 -0.781924
v 0.090691 1.387934 -0.747913
v 0.092823 1.363444 -0.757067
v 0.082041 1.354771 -0.775393
v 0.065436 1.369910 -0.811260
v 0.075873 1.393243 -0.771913
v 0.102023 1.379993 -0.705326
v 0.079933 1.402332 -0.776867
v 0.070401 1.387553 -0.796515
v 0.100198 1.398073 -0.741930
v -0.056523 0.632521 0.384627
v -0.133738 1.619526 -0.735279
v -0.068896 0.927660 0.506951
v -0.045918 0.922512 0.532657
v -0.096662 0.825997 0.523921
v -0.084149 0.646711 0.095508
v -0.081777 0.638125 -0.100496
v -0.054373 1.633927 -0.562306
v -0.086652 -0.000000 -0.313945
v -0.066751 1.506521 -0.670448
v -0.042660 0.613074 0.218959
v -0.152430 0.709338 0.111613
v -0.133587 0.643208 0.143519
v -0.212903 0.725175 0.209384
v -0.212271 0.851293 0.230557
v -0.183544 0.842536 0.119728
v -0.173863 0.958912 0.236230
v -0.099377 1.057122 0.246923
v -0.080338 1.057428 0.123983
v -0.086097 1.050156 0.381327
v -0.051824 1.008882 0.480965
v -0.144833 0.953551 0.402862
v -0.092923 1.053193 -0.096725
v -0.116156 1.061133 -0.223615
v -0.185291 0.853464 0.406792
v -0.111738 0.712373 0.474624
v -0.194496 0.728555 0.372783
v -0.129589 0.638874 0.425697
v -0.189732 0.634501 0.355556
v -0.160851 0.696273 -0.120691
v -0.196629 0.831375 -0.095083
v -0.230610 0.842598 -0.216411
v -0.226818 0.724282 -0.215454
v -0.177387 0.960300 -0.212027
v -0.209922 0.719859 -0.339778
v -0.204785 0.869535 -0.402335
v -0.169209 0.975255 -0.360028
v -0.122048 0.617369 -0.168045
v -0.059380 0.616119 -0.203017
v -0.064768 0.512650 -0.217033
v -0.106206 0.512888 -0.189907
v -0.150110 0.513935 -0.212864
v -0.184289 0.643414 -0.216663
v -0.133110 1.628009 -0.570409
v -0.193658 0.591033 0.243169
v -0.360480 1.839158 -0.832461
v -0.141087 0.555257 0.205857
v -0.037831 1.524349 -0.664927
v -0.244435 1.599571 -0.759199
v 0.014720 1.437651 -0.668797
v -0.033768 1.235004 -0.940989
v -0.090395 1.675079 -0.574068
v -0.042858 1.240691 -0.913949
v -0.050469 1.281426 -0.861803
v -0.043895 1.245379 -0.883535
v -0.337566 1.795098 -0.811972
v -0.056082 1.397558 -0.740657
v -0.325554 1.734665 -0.839554
v -0.327103 1.630398 -0.788836
v -0.468743 1.779824 -0.763953
v -0.028059 1.295987 -0.950334
v -0.027572 1.279249 -0.957859
v -0.053145 1.272510 -0.908518
v -0.350148 1.661642 -0.799306
v -0.050690 1.467700 -0.649292
v -0.075942 1.497986 -0.628263
v -0.170374 1.551084 -0.763368
v -0.181203 1.681618 -0.485148
v -0.170196 1.648696 -0.789559
v -0.130421 1.598286 -0.663527
v -0.068097 1.372837 -0.762387
v -0.067811 1.338347 -0.824796
v -0.029983 1.325410 -0.895410
v -0.360787 1.920467 -0.807175
v -0.259998 1.677658 -0.779640
v -0.266472 1.610634 -0.752856
v -0.458609 1.699936 -0.673639
v -0.278645 1.649907 -0.778361
v -0.514095 1.906803 -0.672248
v -0.116056 1.715982 -0.556686
v -0.214375 1.640715 -0.766291
v -0.074145 1.545809 -0.636102
v -0.310371 1.661445 -0.662589
v -0.102963 1.598096 -0.579159
v 0.003570 1.434462 -0.646273
v -0.087573 0.000000 0.308894
v -0.052829 1.483489 -0.739893
v -0.075942 1.612336 -0.567873
v -0.033461 1.233228 -0.845086
v -0.097453 1.579734 -0.716715
v -0.109524 1.708551 -0.542075
v -0.100782 0.058848 -0.283269
v -0.172756 1.647825 -0.501906
v -0.031122 1.224970 -0.933713
v -0.056359 1.170951 -0.707392
v -0.243295 1.626219 -0.726814
v -0.059655 1.472411 -0.697258
v -0.197482 1.609348 -0.693305
v -0.029954 1.211750 -0.898537
v -0.424779 1.711868 -0.771881
v -0.032687 1.427323 -0.622782
v -0.171647 1.507781 -0.627010
v -0.151494 1.550076 -0.646351
v -0.104006 1.488539 -0.700300
v -0.292747 1.830185 -0.882033
v -0.071786 1.405132 -0.652643
v -0.377928 1.833042 -0.820925
v -0.152848 1.546711 -0.601444
v -0.207507 1.597599 -0.618600
v -0.172635 1.518618 -0.583396
v -0.251723 1.565519 -0.590868
v -0.149959 1.680888 -0.554747
v -0.079420 1.602596 -0.592389
v -0.210597 1.483729 -0.605856
v -0.046881 1.477546 -0.768942
v -0.088758 1.469208 -0.656355
v -0.453187 1.690277 -0.726547
v -0.052707 1.414559 -0.627791
v -0.145385 1.555907 -0.632151
v -0.106499 1.489357 -0.644384
v -0.090424 1.471317 -0.621101
v -0.025628 1.479976 -0.668097
v -0.121302 1.481954 -0.663011
v -0.302172 1.685812 -0.826602
v -0.490305 1.750345 -0.676761
v -0.196313 1.658712 -0.491226
v -0.265405 1.608025 -0.601154
v -0.224581 1.564013 -0.609253
v -0.153127 1.658119 -0.767471
v -0.246758 1.617495 -0.789384
v -0.129559 1.639956 -0.552937
v -0.262672 1.564324 -0.612268
v -0.316245 1.636602 -0.661386
v -0.116238 1.486754 -0.745318
v -0.129594 1.421433 -0.635376
v -0.215778 1.487165 -0.643963
v -0.354941 1.837141 -0.821478
v -0.143296 1.454183 -0.660790
v -0.081243 1.426962 -0.723253
v -0.049399 1.469124 -0.705812
v -0.085562 -0.000000 -0.360662
v -0.409946 1.657448 -0.730614
v -0.126580 0.000000 0.280897
v 0.009942 1.416477 -0.740527
v -0.044553 1.493395 -0.698493
v -0.126144 -0.000000 -0.288860
v -0.149156 1.573180 -0.674986
v -0.413410 1.676051 -0.736706
v -0.083790 1.497380 -0.655118
v -0.050457 1.460686 -0.635478
v -0.069995 1.412286 -0.593374
v -0.055323 1.557602 -0.624589
v -0.061551 1.296670 -0.532207
v -0.076905 1.235775 -0.502273
v -0.109724 1.132814 -0.623963
v -0.085713 1.217303 -0.646165
v -0.110226 1.380856 -0.629745
v -0.085831 1.313819 -0.760073
v -0.116582 1.726065 -0.537295
v -0.100001 1.445882 -0.688327
v -0.077175 1.473973 -0.671830
v -0.468870 1.768421 -0.740884
v -0.275941 1.636551 -0.744963
v -0.111497 1.449799 -0.595642
v -0.189722 1.646605 -0.521843
v -0.422748 1.654700 -0.746064
v -0.190862 1.638202 -0.728928
v -0.168591 1.655555 -0.540331
v -0.450621 1.780360 -0.734182
v -0.053628 1.584951 -0.839417
v -0.140914 1.610305 -0.713762
v -0.380515 1.667348 -0.766727
v -0.092441 1.737778 -0.513100
v -0.510647 1.844323 -0.731350
v -0.284782 1.810684 -0.879313
v -0.012067 1.437173 -0.632559
v -0.039881 1.505661 -0.762337
v -0.134001 1.563652 -0.715830
v -0.531047 1.902507 -0.680792
v -0.353728 1.671023 -0.760773
v -0.073329 1.396693 -0.686073
v -0.189065 1.688823 -0.412405
v -0.145692 1.574824 -0.545865
v -0.167691 1.653067 -0.770999
v -0.165711 0.000000 0.308629
v -0.100800 1.546854 -0.714462
v -0.130436 1.596941 -0.746761
v -0.183702 1.628017 -0.702745
v -0.064997 1.605541 -0.584060
v -0.265800 1.645048 -0.758170
v -0.169746 1.559173 -0.742740
v -0.200902 1.586960 -0.731863
v -0.266954 1.625357 -0.791555
v -0.107919 1.155225 -0.455068
v -0.124203 1.077930 -0.338548
v -0.159113 0.929998 -0.496607
v -0.093272 0.741757 -0.492260
v -0.094775 0.841402 -0.590997
v -0.069907 0.677894 -0.475089
v -0.060452 0.628144 -0.406736
v -0.128875 0.658057 -0.435754
v -0.063985 1.073680 -0.691924
v -0.079851 0.957977 -0.653934
v -0.138550 1.030938 -0.579081
v -0.107279 0.512203 -0.339336
v -0.122364 0.605727 -0.372559
v -0.155540 0.513970 -0.288783
v -0.009666 1.408295 -0.747520
v -0.066786 0.504620 -0.289816
v -0.076614 1.450705 -0.721256
v -0.166078 1.701748 -0.399241
v -0.116303 0.059632 -0.262304
v -0.134478 0.060295 -0.279406
v -0.145474 0.059211 -0.312776
v -0.188850 0.643386 -0.312235
v -0.126134 0.057813 -0.334441
v -0.329163 1.683818 -0.537257
v -0.168035 -0.000000 -0.359906
v -0.127017 -0.000000 -0.384092
v -0.167599 -0.000000 -0.312290
v -0.101814 0.056802 -0.319148
v -0.097000 1.518270 -0.618842
v -0.334760 1.671886 -0.790913
v -0.056908 0.610006 -0.313519
v -0.267524 1.621016 -0.738010
v -0.126828 0.000000 0.392355
v -0.096922 1.491480 -0.725635
v -0.072505 1.386463 -0.717767
v 0.020512 1.433739 -0.698721
v -0.350952 1.654620 -0.752460
v -0.095948 1.575496 -0.578373
v -0.162337 1.666121 -0.524726
v -0.338078 1.657586 -0.596465
v -0.127817 0.165645 0.429126
v -0.148079 0.058775 0.393617
v -0.154508 0.162466 0.366813
v -0.165835 0.000000 0.364357
v -0.126388 0.058775 0.330589
v -0.108201 0.058775 0.347495
v -0.107143 0.058775 0.390613
v -0.150705 1.597935 -0.724215
v -0.232861 1.632824 -0.788688
v -0.145744 0.058775 0.347797
v -0.180735 1.584980 -0.726315
v -0.178585 0.540214 0.410423
v -0.374406 1.833115 -0.806850
v -0.285162 1.714980 -0.831895
v -0.030664 1.480580 -0.702969
v -0.296663 1.724604 -0.806404
v -0.473164 1.695888 -0.719463
v -0.068168 1.551048 -0.817589
v -0.091243 1.544041 -0.584821
v -0.152099 1.651775 -0.790221
v -0.311320 1.777489 -0.831358
v -0.023988 1.466299 -0.727596
v -0.046421 0.973727 0.535271
v -0.043034 0.949120 0.585578
v -0.026000 0.924174 0.670325
v -0.023665 0.896886 0.671232
v -0.045053 0.900361 0.579939
v -0.027414 1.406784 -0.751701
v -0.167349 1.722894 -0.393013
v -0.353451 1.765375 -0.817250
v -0.452953 1.789856 -0.758658
v -0.137246 1.549484 -0.693400
v -0.180983 1.541469 -0.756001
v -0.114741 1.603795 -0.679044
v -0.305256 1.646787 -0.654745
v -0.315851 1.707214 -0.808396
v -0.148396 1.657594 -0.527578
v -0.047936 1.455843 -0.733338
v -0.353918 1.640036 -0.757230
v -0.128697 1.580340 -0.583311
v -0.090268 1.450830 -0.702223
v -0.124810 1.575014 -0.545127
v -0.448438 1.686492 -0.711946
v -0.470855 1.688172 -0.705615
v -0.087093 1.490127 -0.702121
v -0.244581 1.648402 -0.740938
v -0.126704 0.058775 0.407494
v -0.165231 0.953646 -0.089934
v -0.151963 0.958353 0.119738
v -0.077749 0.503490 0.300639
v -0.132473 0.544491 0.455552
v -0.184737 0.495609 0.300157
v -0.078387 0.542166 0.410407
v -0.137649 0.473869 0.271439
v -0.127547 0.162674 0.343790
v -0.131657 0.290816 0.455836
v -0.108970 0.284119 0.425668
v -0.160696 0.275595 0.379323
v -0.154961 0.284871 0.428555
v -0.130484 0.273806 0.349961
v -0.109010 0.278413 0.379036
v -0.108600 0.165176 0.369000
v -0.108054 0.166803 0.414044
v -0.151418 0.165769 0.416533
v -0.087697 0.000000 0.364623
v -0.072330 1.053270 0.013142
v -0.074965 0.642418 -0.002494
v -0.141602 0.721411 -0.003677
v -0.171851 0.836955 0.012322
v -0.143394 0.955829 0.015066
v -0.119668 0.249550 -0.319692
v -0.091681 0.245178 -0.297069
v -0.146993 0.250832 -0.293198
v -0.113182 0.250336 -0.236834
v -0.091974 0.250039 -0.257119
v -0.138403 0.251057 -0.252943
v -0.115101 0.154917 -0.251577
v -0.099211 0.154448 -0.271655
v -0.122573 0.153732 -0.325170
v -0.098408 0.151201 -0.306976
v -0.144201 0.154966 -0.302242
v -0.135209 0.155556 -0.267213
v -0.120811 1.103207 -0.396894
v -0.061418 1.349881 -0.559969
v -0.081221 1.258873 -0.656560
v -0.091012 1.338535 -0.706159
v -0.055068 1.220790 -0.710818
v -0.135213 1.105351 -0.503475
v -0.104292 1.193975 -0.558367
v -0.084596 1.259285 -0.588861
v -0.081602 1.303221 -0.605907
v -0.151741 1.027383 -0.434834
v -0.046022 1.235263 -0.781318
v -0.065184 1.290744 -0.801405
v -0.046138 1.308421 -0.874748
v -0.040207 1.382738 -0.819737
v -0.036251 1.358807 -0.855135
v -0.045281 1.290845 -0.932891
v -0.134498 1.515920 -0.655681
v -0.051420 1.441963 -0.742493
v -0.123509 1.525156 -0.639441
v -0.125591 1.512918 -0.610302
v -0.145203 1.485872 -0.589126
v -0.168159 1.453640 -0.619544
v -0.147512 1.485382 -0.641067
v -0.258342 1.609468 -0.590162
v -0.180864 1.466957 -0.650971
v -0.200290 1.598404 -0.607979
v -0.251118 1.538308 -0.622270
v -0.242918 1.538380 -0.597534
v -0.203918 1.584838 -0.587053
v -0.219696 1.558161 -0.581732
v -0.235448 1.511023 -0.633642
v -0.178617 1.575234 -0.633516
v -0.171629 1.578714 -0.620500
v -0.198253 1.535804 -0.614446
v -0.229406 1.508656 -0.600431
v -0.177445 1.566778 -0.593423
v -0.196095 1.538056 -0.581168
v -0.176135 1.714727 -0.779049
v -0.184502 1.711929 -0.780040
v -0.183997 1.711352 -0.789806
v -0.175952 1.714170 -0.789820
v -0.530335 1.915619 -0.671673
v -0.505430 1.963229 -0.636766
v -0.502127 1.965149 -0.646221
v -0.511573 1.967241 -0.649959
v -0.513580 1.964782 -0.640759
v -0.515414 1.918735 -0.663856
v -0.525235 1.916833 -0.690740
v -0.523507 1.922238 -0.630564
v -0.516595 1.923524 -0.630538
v -0.514254 1.914943 -0.630096
v -0.522360 1.913585 -0.629451
v -0.511266 1.913869 -0.688029
v -0.489959 1.852721 -0.729626
v -0.515095 1.837227 -0.717525
v -0.490216 1.846532 -0.714904
v -0.020070 1.294291 -0.959454
v -0.019705 1.282511 -0.966500
v -0.047434 1.412305 -0.782164
v -0.090981 1.388096 -0.747641
v -0.093152 1.363180 -0.756952
v -0.082177 1.354371 -0.775589
v -0.065296 1.369839 -0.811851
v -0.075906 1.393495 -0.772056
v -0.102311 1.380026 -0.704684
v -0.080033 1.402729 -0.777089
v -0.070342 1.387708 -0.797024
v -0.100619 1.398369 -0.741621
v 0.067817 1.367925 -0.747766
v 0.067817 1.389299 -0.747766
v 0.060916 1.391692 -0.758971
v 0.066596 1.378612 -0.744205
v 0.055528 1.378612 -0.757069
v 0.060916 1.365532 -0.758971
v 0.058444 1.367945 -0.771857
v 0.058444 1.389279 -0.771857
v 0.054913 1.378612 -0.773691
v 0.073246 1.360102 -0.763604
v 0.090556 1.378612 -0.770160
v 0.087805 1.367925 -0.755335
v 0.091077 1.378612 -0.753477
v 0.078837 1.365523 -0.748841
v 0.073246 1.397122 -0.763604
v 0.081152 1.378612 -0.742726
v 0.078837 1.391701 -0.748841
v 0.087805 1.389299 -0.755335
v 0.085486 1.391701 -0.768239
v 0.067655 1.365523 -0.778366
v 0.078675 1.367925 -0.779442
v 0.085486 1.365523 -0.768239
v 0.065328 1.378612 -0.784479
v 0.078675 1.389299 -0.779442
v 0.079895 1.378612 -0.783002
v 0.067655 1.391701 -0.778366
v -0.067708 1.367736 -0.747484
v -0.067708 1.389488 -0.747484
v -0.060643 1.391917 -0.758891
v -0.066466 1.378612 -0.743861
v -0.055049 1.378612 -0.756967
v -0.060643 1.365307 -0.758891
v -0.058088 1.367768 -0.771994
v -0.058088 1.389456 -0.771994
v -0.054416 1.378612 -0.773846
v -0.073233 1.359774 -0.763603
v -0.090850 1.378612 -0.770275
v -0.088050 1.367736 -0.755188
v -0.091380 1.378612 -0.753297
v -0.078923 1.365291 -0.748579
v -0.073233 1.397450 -0.763603
v -0.081280 1.378612 -0.742356
v -0.078923 1.391932 -0.748579
v -0.088050 1.389488 -0.755188
v -0.085690 1.391932 -0.768321
v -0.067543 1.365291 -0.778627
v -0.078759 1.367736 -0.779722
v -0.085690 1.365291 -0.768321
v -0.065171 1.378612 -0.784848
v -0.078759 1.389488 -0.779722
v -0.080000 1.378612 -0.783345
v -0.067543 1.391932 -0.778627
v -0.116914 0.702288 -0.471751
v 0.216575 0.775780 -0.371226
v -0.216575 0.775780 -0.371226
v 0.077154 0.721414 -0.505626
v -0.077154 0.721414 -0.505626
v 0.000000 0.733227 -0.544150
v 0.116914 0.702288 -0.471751
v 0.150798 0.070833 0.344609
v 0.154120 0.087553 0.345122
v 0.126380 0.087592 0.320718
v 0.126299 0.070839 0.322951
v 0.155713 0.088154 0.406811
v 0.153046 0.071312 0.401003
v 0.126679 0.071252 0.417761
v 0.126781 0.088130 0.424841
v 0.100799 0.088322 0.402957
v 0.102762 0.071446 0.397401
v 0.102070 0.087991 0.345319
v 0.104030 0.071145 0.344533
v 0.114260 0.090237 -0.245936
v 0.114961 0.073159 -0.251648
v 0.097286 0.071937 -0.279110
v 0.095523 0.089293 -0.275844
v 0.126930 0.070996 -0.342945
v 0.126834 0.087910 -0.345362
v 0.093741 0.086107 -0.323326
v 0.096459 0.069311 -0.323096
v 0.153997 0.089798 -0.315195
v 0.151610 0.072723 -0.315380
v 0.138129 0.074045 -0.272957
v 0.139709 0.091161 -0.268851
v -0.154120 0.087553 0.345122
v -0.150798 0.070833 0.344609
v -0.126299 0.070839 0.322951
v -0.126380 0.087592 0.320718
v -0.153046 0.071312 0.401003
v -0.155713 0.088154 0.406811
v -0.126781 0.088130 0.424841
v -0.126679 0.071252 0.417761
v -0.102762 0.071446 0.397401
v -0.100799 0.088322 0.402957
v -0.104030 0.071145 0.344533
v -0.102070 0.087991 0.345319
v -0.114961 0.073159 -0.251648
v -0.114260 0.090237 -0.245936
v -0.095523 0.089293 -0.275844
v -0.097286 0.071937 -0.279110
v -0.126834 0.087911 -0.345362
v -0.126930 0.070996 -0.342945
v -0.096459 0.069311 -0.323096
v -0.093741 0.086107 -0.323326
v -0.151610 0.072723 -0.315380
v -0.153997 0.089798 -0.315195
v -0.139709 0.091161 -0.268851
v -0.138129 0.074045 -0.272957
v 0.132796 0.382765 0.346444
v 0.135005 0.435344 0.317758
v 0.103000 0.459023 0.431661
v 0.110425 0.402384 0.435798
v 0.106658 0.389932 0.379645
v 0.098306 0.442588 0.358183
v 0.172126 0.439642 0.357399
v 0.165580 0.386707 0.380798
v 0.134704 0.466542 0.467623
v 0.134708 0.408496 0.468607
v 0.160418 0.400466 0.438552
v 0.165957 0.457579 0.433609
v -0.135005 0.435344 0.317758
v -0.132796 0.382765 0.346444
v -0.110425 0.402384 0.435798
v -0.103000 0.459023 0.431661
v -0.098306 0.442588 0.358183
v -0.106658 0.389932 0.379645
v -0.165580 0.386707 0.380798
v -0.172126 0.439642 0.357399
v -0.134708 0.408496 0.468607
v -0.134704 0.466542 0.467623
v -0.165957 0.457579 0.433609
v -0.160418 0.400466 0.438552
v 0.114231 0.357148 -0.313820
v 0.112732 0.388787 -0.315948
v 0.081447 0.386222 -0.282599
v 0.084435 0.354735 -0.283583
v 0.147521 0.389469 -0.280410
v 0.146563 0.357757 -0.281133
v 0.109597 0.389147 -0.208961
v 0.110439 0.357403 -0.214688
v 0.083856 0.357360 -0.235554
v 0.080629 0.389002 -0.230635
v 0.141391 0.389482 -0.226859
v 0.140038 0.357794 -0.231782
v -0.112732 0.388787 -0.315948
v -0.114231 0.357148 -0.313820
v -0.084435 0.354735 -0.283583
v -0.081447 0.386222 -0.282599
v -0.146563 0.357757 -0.281133
v -0.147521 0.389469 -0.280410
v -0.110439 0.357403 -0.214688
v -0.109597 0.389147 -0.208961
v -0.080629 0.389002 -0.230635
v -0.083856 0.357360 -0.235554
v -0.140038 0.357794 -0.231782
v -0.141391 0.389482 -0.226859
vn 0.5026 -0.8627 -0.0558
vn 0.8410 -0.4521 -0.2971
vn -0.4035 -0.8859 -0.2287
vn -0.5566 0.6302 0.5413
vn -0.0779 0.9504 -0.3012
vn -0.1793 0.8769 0.4460
vn 0.7852 -0.2880 0.5481
vn 0.6264 -0.3659 -0.6883
vn 0.9028 -0.4182 0.0998
vn 0.4791 0.0130 0.8777
vn -0.7524 0.6496 0.1090
vn -0.0653 0.9891 0.1322
vn -0.5483 0.5836 0.5989
vn 0.3582 0.8810 -0.3089
vn -0.6411 -0.3694 0.6727
vn -0.2029 0.7765 0.5965
vn 0.9011 0.1465 0.4080
vn 0.7194 0.2057 0.6634
vn 0.4077 -0.0963 0.9080
vn 0.6122 0.0594 -0.7884
vn 0.4241 0.0252 -0.9053
vn 0.4188 0.0717 -0.9053
vn 0.4532 -0.7860 0.4204
vn 0.2969 -0.7728 -0.5610
vn 0.1129 -0.8094 0.5763
vn -0.6654 0.6076 -0.4337
vn -0.0485 -0.4046 -0.9132
vn 0.6809 -0.4691 -0.5624
vn 0.8888 -0.3823 -0.2526
vn 0.1240 -0.5788 -0.8060
vn 0.8525 -0.5205 -0.0490
vn -0.0000 -0.8968 -0.4424
vn 0.8509 -0.5188 0.0826
vn -0.0000 -0.5793 -0.8151
vn 0.5670 -0.2783 -0.7753
vn 0.5701 -0.4477 -0.6888
vn -0.1262 0.4172 -0.9000
vn 0.8581 -0.4624 -0.2234
vn 0.1698 -0.4418 -0.8809
vn -0.1157 -0.6472 -0.7535
vn 0.4598 -0.5839 -0.6691
vn 0.1295 -0.7111 -0.6911
vn 0.9325 0.0499 -0.3576
vn 0.9469 0.3095 0.0870
vn -0.3645 -0.0072 0.9312
vn -0.3340 -0.0564 0.9409
vn 0.6901 0.6954 0.2005
vn 0.1375 -0.0539 0.9890
vn -0.0693 0.8563 0.5118
vn 0.4812 0.1263 0.8675
vn 0.7268 -0.5501 -0.4113
vn 0.6698 -0.5855 0.4567
vn 0.9346 -0.1813 -0.3061
vn 0.6255 -0.4206 -0.6571
vn -0.5684 -0.1992 -0.7983
vn -0.6146 -0.0769 -0.7851
vn 0.8367 0.4591 -0.2987
vn 0.9392 0.1501 0.3089
vn 0.7272 0.5201 -0.4480
vn 0.8893 -0.3638 -0.2770
vn 0.9457 -0.0465 0.3218
vn 0.9052 0.0649 0.4200
vn -0.4353 0.8714 0.2263
vn -0.1013 0.2774 -0.9554
vn 0.8717 -0.4860 0.0625
vn 0.4519 -0.8915 0.0312
vn -0.0070 0.6638 -0.7478
vn -0.7326 0.5210 -0.4379
vn -0.8380 0.4636 -0.2877
vn -0.1702 0.4869 -0.8567
vn 0.2019 0.6421 -0.7395
vn -0.1142 -0.2174 -0.9694
vn 0.1621 -0.5888 -0.7919
vn 0.0824 -0.4482 -0.8901
vn -0.5558 -0.4115 0.7223
vn -0.9333 0.1336 0.3334
vn 0.0539 -0.7315 0.6797
vn 0.8888 0.4579 -0.0181
vn 0.9853 0.1558 -0.0698
vn -0.3402 -0.8574 0.3863
vn 0.3286 -0.5912 0.7366
vn 0.3706 -0.8980 0.2371
vn -0.8696 0.0038 -0.4938
vn -0.5402 -0.1838 -0.8212
vn -0.7024 0.5007 -0.5059
vn -0.4272 0.7850 -0.4486
vn 0.5447 -0.0541 -0.8369
vn 0.2276 -0.1236 -0.9659
vn -0.3519 0.6441 0.6792
vn -0.0810 0.2414 0.9670
vn -0.7958 0.4757 0.3747
vn 0.6902 0.4978 -0.5251
vn 0.0003 0.8181 -0.5750
vn 0.5869 0.6521 -0.4799
vn 0.6666 -0.3372 -0.6648
vn 0.9451 -0.0402 -0.3244
vn 0.9495 0.0721 -0.3055
vn -0.0000 -1.0000 -0.0000
vn -0.4312 0.3722 0.8219
vn -0.5860 0.3867 0.7121
vn 0.6867 0.4314 -0.5851
vn 0.5361 0.7797 0.3234
vn 0.7331 0.3529 -0.5814
vn 0.6525 -0.7559 -0.0533
vn 0.9012 0.0585 0.4295
vn 0.1900 0.9699 -0.1523
vn 0.0081 0.9577 0.2875
vn 0.3453 -0.6303 -0.6953
vn 0.7783 -0.6075 -0.1587
vn 0.4565 -0.8429 0.2846
vn 0.2643 -0.6796 -0.6843
vn 0.4559 -0.2494 -0.8544
vn 0.4090 -0.4694 -0.7826
vn 0.8926 -0.0911 0.4415
vn 0.9558 -0.1372 -0.2600
vn 0.9056 -0.0624 0.4195
vn 0.9146 -0.2557 -0.3134
vn 0.2549 -0.1261 0.9587
vn 0.9247 -0.0981 0.3680
vn 0.3306 -0.4321 0.8391
vn 0.0551 0.6784 -0.7326
vn -0.6894 0.5331 -0.4905
vn -0.8396 0.4444 -0.3123
vn -0.3134 0.3523 -0.8819
vn -0.1441 0.3708 -0.9175
vn -0.7765 0.3440 -0.5279
vn 0.8299 -0.1775 0.5289
vn -0.0331 -0.1714 0.9847
vn 0.5785 0.5834 -0.5701
vn 0.7778 0.4095 -0.4768
vn 0.9001 0.1448 -0.4109
vn -0.5397 -0.4516 0.7105
vn -0.6148 0.0440 0.7875
vn -0.4236 -0.3666 0.8284
vn -0.4313 0.8954 0.1106
vn -0.4362 0.7849 -0.4400
vn -0.6029 0.7977 -0.0117
vn -0.0000 -0.6369 -0.7709
vn 0.5837 -0.0431 -0.8108
vn -0.0000 -0.1025 -0.9947
vn -0.6894 -0.3921 0.6091
vn -0.6328 0.7679 -0.0999
vn -0.4983 -0.8503 0.1693
vn -0.4537 0.8911 -0.0119
vn -0.1003 0.7538 0.6494
vn 0.4734 0.4921 -0.7306
vn 0.5266 0.1997 -0.8263
vn 0.8906 -0.3309 -0.3119
vn 0.1166 0.7796 -0.6153
vn -0.6416 0.6714 -0.3710
vn -0.8722 -0.0652 0.4848
vn 0.0600 0.1873 0.9805
vn 0.4331 -0.8593 -0.2722
vn 0.9432 -0.3224 0.0808
vn 0.5693 -0.8221 -0.0050
vn -0.2917 0.6694 -0.6832
vn 0.6702 0.2836 -0.6858
vn 0.3622 0.3309 0.8714
vn -0.0057 -0.0787 0.9969
vn 0.9379 -0.0448 -0.3441
vn 0.6303 0.7653 0.1304
vn 0.8971 0.4325 0.0906
vn 0.6670 0.7343 0.1265
vn 0.4832 -0.1305 -0.8658
vn 0.1442 0.1201 -0.9822
vn 0.1965 0.1707 -0.9655
vn 0.1936 0.9241 -0.3294
vn 0.0031 0.8335 -0.5526
vn 0.0017 0.9809 -0.1944
vn 0.9280 0.3709 -0.0361
vn 0.7238 0.6665 0.1787
vn 0.6271 -0.0446 0.7776
vn 0.5588 0.7750 0.2950
vn -0.0000 0.9996 0.0287
vn -0.0000 0.9661 0.2583
vn 0.9007 -0.2222 0.3732
vn 0.9055 -0.4183 -0.0709
vn 0.7200 -0.1499 0.6776
vn 0.8865 0.4423 -0.1359
vn 0.5904 0.8070 0.0138
vn 0.9855 -0.1067 -0.1320
vn 0.9771 0.2032 0.0626
vn 0.9502 0.0917 -0.2979
vn 0.6084 -0.3817 0.6959
vn 0.2009 -0.9576 -0.2065
vn 0.5319 -0.0491 -0.8454
vn -0.1967 -0.5495 0.8120
vn 0.5705 -0.7025 -0.4254
vn -0.7827 0.1459 -0.6051
vn -0.1012 0.2262 0.9688
vn 0.3794 -0.1181 -0.9177
vn 0.1132 0.1071 -0.9878
vn 0.7093 0.5807 -0.3995
vn 0.8538 0.4953 -0.1600
vn -0.1522 -0.1676 0.9740
vn 0.5226 -0.6835 0.5096
vn -0.1533 -0.0905 0.9840
vn -0.2181 0.4749 0.8526
vn 0.3616 0.7855 0.5022
vn -0.1473 0.7220 -0.6760
vn 0.9474 -0.2799 -0.1551
vn 0.9892 -0.0389 -0.1411
vn -0.0684 0.9858 0.1534
vn 0.0006 0.9212 0.3892
vn -0.0839 0.8735 -0.4794
vn 0.0267 0.3658 0.9303
vn -0.5646 0.7175 0.4078
vn 0.6342 -0.7502 -0.1873
vn 0.9523 -0.2281 -0.2029
vn 0.7832 -0.3622 -0.5054
vn 0.9015 0.4307 0.0421
vn 0.6030 0.7969 0.0365
vn 0.8238 -0.1110 0.5559
vn -0.0890 -0.1976 0.9762
vn 0.8299 -0.1024 0.5484
vn -0.0168 -0.8488 -0.5284
vn -0.5269 0.7647 0.3711
vn 0.4464 0.3975 0.8017
vn 0.9499 -0.2733 -0.1515
vn 0.9072 -0.2765 0.3170
vn 0.9679 -0.2429 -0.0651
vn 0.9498 -0.2593 0.1751
vn 0.9652 0.0109 0.2615
vn 0.8100 -0.4836 0.3318
vn 0.9770 -0.1973 0.0807
vn 0.7860 -0.3567 0.5050
vn -0.9519 -0.0331 0.3046
vn -0.0216 -0.5244 -0.8512
vn 0.8589 -0.2815 -0.4278
vn 0.8231 -0.4269 -0.3745
vn -0.0000 0.6557 0.7550
vn 0.9848 0.1359 0.1077
vn -0.0000 -0.7298 -0.6836
vn 0.7394 -0.0067 -0.6732
vn 0.5025 -0.6871 0.5248
vn 0.7359 0.3862 -0.5562
vn 0.8768 -0.0605 0.4770
vn 0.9986 -0.0081 0.0520
vn 0.8884 0.4230 0.1783
vn 0.8298 0.4823 0.2808
vn 0.4777 0.8756 0.0721
vn 0.2698 0.9067 0.3242
vn -0.9435 -0.0296 -0.3301
vn 0.0609 -0.2861 -0.9563
vn 0.0785 0.0222 -0.9967
vn -0.5266 0.1468 0.8373
vn -0.2311 0.5720 0.7871
vn 0.8793 0.2970 -0.3722
vn -0.0000 0.9938 0.1110
vn -0.0000 0.9874 0.1583
vn -0.6195 0.6251 0.4749
vn -0.9902 0.1340 -0.0404
vn 0.1269 0.9887 0.0798
vn 0.0954 0.4765 -0.8740
vn 0.7687 0.4673 0.4367
vn 0.7665 0.3950 0.5064
vn -0.0000 0.5494 0.8356
vn 0.0646 0.3039 0.9505
vn 0.8944 -0.3966 0.2068
vn 0.9269 -0.2032 -0.3155
vn 0.9193 0.2601 -0.2954
vn 0.7572 0.5791 0.3021
vn 0.9623 0.2721 -0.0052
vn 0.7702 0.5183 0.3717
vn -0.5062 0.4706 0.7227
vn -0.1906 0.5206 -0.8323
vn -0.0896 0.4899 -0.8672
vn 0.2654 0.2152 -0.9398
vn 0.4344 0.6777 -0.5933
vn 0.0057 0.8147 -0.5798
vn 0.2737 0.7499 -0.6022
vn -0.0219 0.8580 0.5132
vn -0.8923 -0.1466 0.4270
vn -0.9146 -0.1258 0.3842
vn -0.6295 0.4431 -0.6383
vn -0.6220 0.7535 -0.2127
vn -0.7980 0.5560 -0.2326
vn 0.1082 -0.0591 0.9924
vn -0.5114 0.4515 0.7311
vn -0.0259 -0.0700 0.9972
vn 0.9302 0.0184 -0.3666
vn 0.5685 -0.7116 0.4127
vn 0.7153 -0.2258 -0.6613
vn -0.0000 -0.9939 0.1105
vn -0.0000 -0.9907 -0.1364
vn 0.6469 -0.7577 0.0863
vn 0.9256 -0.2907 -0.2422
vn 0.3678 0.4184 -0.8305
vn 0.5671 0.2171 -0.7945
vn 0.3847 0.2606 -0.8855
vn -0.3384 0.7156 -0.6110
vn 0.8664 -0.0683 0.4946
vn 0.9435 -0.0296 -0.3301
vn -0.8582 0.3054 -0.4126
vn 0.2534 -0.9065 -0.3378
vn -0.0000 -0.9303 -0.3669
vn 0.8251 -0.4757 -0.3049
vn 0.8227 -0.2374 -0.5165
vn 0.8383 -0.4505 -0.3071
vn -0.0000 0.6922 0.7217
vn 0.3526 0.7858 -0.5081
vn 0.4424 0.7234 -0.5301
vn -0.0000 -0.9710 0.2390
vn 0.8333 -0.4073 0.3738
vn 0.5760 0.8145 -0.0698
vn 0.9371 -0.2787 -0.2104
vn 0.1309 -0.5391 -0.8320
vn 0.1359 -0.3186 -0.9381
vn 0.8836 0.2617 -0.3883
vn 0.6492 0.6373 -0.4152
vn 0.7948 -0.5824 0.1704
vn 0.7762 0.5348 -0.3339
vn 0.9132 -0.1156 -0.3907
vn 0.9021 -0.3253 -0.2834
vn -0.7194 0.4309 0.5448
vn -0.0000 0.9326 -0.3610
vn 0.0195 0.9362 -0.3509
vn -0.0000 0.9394 -0.3428
vn -0.0000 0.9371 -0.3491
vn 0.4630 0.6246 -0.6289
vn -0.0000 0.7066 -0.7077
vn 0.9848 -0.1464 -0.0939
vn -0.0249 -0.9820 0.1873
vn -0.0000 -0.9834 0.1814
vn -0.0251 -0.9830 0.1821
vn -0.9003 -0.0032 -0.4352
vn 0.0805 0.2054 -0.9754
vn 0.0445 0.0863 -0.9953
vn -0.0000 -0.3160 0.9488
vn -0.9196 -0.2260 0.3212
vn 0.7423 -0.0392 0.6690
vn 0.0170 -0.3216 0.9467
vn 0.9034 0.1934 0.3828
vn 0.5013 0.1606 0.8502
vn 0.0638 0.5067 0.8598
vn -0.0288 0.9285 -0.3703
vn -0.0000 0.9421 0.3353
vn -0.5414 0.6254 -0.5620
vn 0.9669 -0.1366 -0.2153
vn 0.9739 0.0675 -0.2166
vn -0.0000 0.8235 0.5673
vn 0.9028 -0.0213 0.4296
vn 0.0095 0.0474 0.9988
vn 0.9393 0.0236 -0.3423
vn 0.5589 -0.1249 -0.8198
vn 0.9245 0.1120 -0.3644
vn 0.5637 -0.8063 -0.1793
vn 0.4993 -0.7958 0.3427
vn -0.6980 0.6928 -0.1810
vn -0.7001 0.6944 0.1662
vn 0.8578 -0.3349 0.3898
vn -0.2579 0.9234 -0.2842
vn 0.3875 0.7037 0.5955
vn 0.7663 0.5336 0.3579
vn 0.6153 0.1330 -0.7770
vn 0.7906 -0.4950 0.3605
vn -0.0485 -0.1297 0.9904
vn -0.9249 -0.0539 0.3763
vn -0.9328 -0.0395 0.3582
vn 0.5859 -0.2032 0.7845
vn 0.6554 -0.4190 0.6284
vn -0.0530 0.9030 -0.4263
vn 0.9995 0.0244 0.0222
vn -0.0000 -0.9985 -0.0538
vn -0.3996 -0.8576 -0.3239
vn -0.8349 -0.4722 -0.2827
vn -0.2776 0.7986 0.5341
vn 0.7627 0.4092 0.5008
vn 0.5370 -0.7141 -0.4492
vn 0.4701 0.3061 -0.8278
vn -0.0000 0.6325 0.7746
vn -0.0000 -0.2633 0.9647
vn 0.9208 -0.1706 -0.3507
vn -0.0000 -0.9999 -0.0110
vn 0.6756 0.3206 0.6639
vn -0.0000 0.5724 0.8200
vn 0.9285 0.0567 -0.3669
vn 0.8589 -0.1590 0.4868
vn 0.9003 -0.0032 -0.4352
vn -0.0000 -0.9928 0.1200
vn -0.9229 -0.0569 -0.3808
vn -0.9096 -0.0247 -0.4147
vn -0.9326 -0.1441 -0.3309
vn -0.0490 -0.2772 -0.9596
vn -0.8878 0.3593 0.2877
vn 0.7239 0.5348 0.4359
vn -0.0000 0.9169 0.3991
vn -0.0714 -0.2194 0.9730
vn -0.0753 -0.1118 0.9909
vn -0.9521 0.0109 -0.3057
vn -0.0609 -0.2861 -0.9563
vn -0.0785 0.0222 -0.9967
vn -0.8749 -0.1312 0.4662
vn -0.0000 -0.2196 -0.9756
vn -0.3563 0.5538 0.7525
vn -0.6019 0.5858 -0.5428
vn 0.7960 0.4376 0.4182
vn -0.0000 -0.1075 0.9942
vn 0.9552 0.2721 0.1168
vn 0.4335 -0.5491 0.7145
vn 0.5111 -0.8183 0.2629
vn 0.5301 0.6693 0.5206
vn 0.8207 0.4287 0.3777
vn -0.7066 0.6737 -0.2164
vn -0.9547 0.0543 0.2925
vn -0.6451 -0.0573 0.7619
vn 0.5534 0.7169 0.4241
vn 0.9805 -0.0055 0.1966
vn -0.5497 -0.4692 0.6911
vn -0.7610 0.4346 -0.4816
vn -0.8510 -0.1439 0.5050
vn 0.8369 -0.0638 0.5436
vn 0.9661 0.0901 -0.2418
vn 0.8381 -0.0188 0.5452
vn -0.0875 -0.6004 0.7949
vn -0.9134 -0.2799 0.2956
vn -0.8905 -0.3841 0.2438
vn -0.9143 -0.0137 0.4048
vn -0.8621 -0.3428 0.3732
vn -0.0736 -0.6372 0.7671
vn -0.0665 -0.4978 0.8647
vn -0.8243 -0.3382 0.4540
vn -0.6564 -0.5447 0.5220
vn -0.0000 0.8598 0.5106
vn 0.0855 0.3194 -0.9438
vn 0.9589 -0.2675 0.0943
vn -0.0000 0.9996 -0.0283
vn -0.0000 0.9991 0.0416
vn 0.9640 -0.2197 0.1497
vn -0.0000 0.6055 0.7959
vn -0.1561 0.7325 0.6626
vn -0.0000 -0.9996 0.0265
vn 0.9272 -0.3021 -0.2213
vn -0.0426 0.7878 -0.6145
vn -0.8497 -0.4459 0.2813
vn -0.8839 -0.2360 -0.4038
vn -0.8535 -0.3830 -0.3532
vn -0.0000 0.8699 0.4932
vn 0.5399 0.4760 -0.6942
vn 0.9776 0.2051 0.0468
vn 0.4856 0.6390 -0.5966
vn -0.0000 -0.6758 -0.7371
vn -0.0000 -0.9968 -0.0804
vn 0.2430 -0.7878 -0.5659
vn -0.4163 0.4906 -0.7655
vn -0.0000 -0.3371 -0.9415
vn 0.8638 0.1706 -0.4741
vn -0.9146 -0.3442 -0.2123
vn 0.6108 -0.0971 -0.7858
vn 0.5552 -0.1224 -0.8226
vn 0.8516 -0.3151 0.4189
vn 0.8464 -0.4622 0.2645
vn -0.0000 -0.9930 0.1177
vn -0.9610 -0.1200 -0.2492
vn -0.0028 0.6638 -0.7479
vn -0.0182 -0.6967 -0.7171
vn -0.8967 -0.0875 0.4339
vn -0.9423 0.0978 -0.3201
vn -0.0805 0.2054 -0.9754
vn -0.0232 -0.2414 0.9701
vn 0.8086 -0.0305 0.5876
vn -0.0182 -0.2416 0.9702
vn -0.8250 0.0080 0.5650
vn -0.9350 0.1680 0.3122
vn 0.8161 -0.4038 0.4134
vn -0.9024 -0.1029 0.4184
vn -0.9188 0.0432 -0.3924
vn -0.0445 0.0863 -0.9953
vn 0.8028 -0.5118 0.3059
vn 0.0062 0.0101 -0.9999
vn -0.8803 -0.1537 0.4488
vn -0.9259 -0.1153 -0.3598
vn -0.9412 -0.0331 0.3362
vn -0.9037 0.0714 -0.4222
vn 0.8265 -0.1110 0.5519
vn 0.9528 -0.0044 -0.3036
vn -0.0576 -0.1751 0.9829
vn -0.0107 -0.1180 -0.9930
vn 0.9569 0.0123 -0.2900
vn -0.1157 -0.0676 0.9910
vn 0.9326 -0.1440 -0.3309
vn 0.0107 -0.1180 -0.9930
vn 0.0490 -0.2772 -0.9596
vn -0.1291 -0.1190 0.9845
vn -0.8393 -0.2851 -0.4630
vn -0.8008 -0.4370 -0.4096
vn 0.0726 0.1912 -0.9789
vn -0.8846 0.0099 -0.4663
vn 0.0425 0.0646 -0.9970
vn -0.9492 -0.0607 0.3088
vn 0.8044 -0.3012 0.5121
vn 0.7871 -0.4117 0.4593
vn 0.9709 0.0274 -0.2379
vn -0.8225 -0.1519 0.5481
vn -0.0610 -0.3305 0.9418
vn 0.9527 0.3038 -0.0070
vn 0.9607 0.2766 -0.0213
vn -0.0000 -0.9520 -0.3062
vn 0.0014 0.7722 -0.6353
vn 0.0034 0.8133 -0.5818
vn -0.5539 0.6199 -0.5558
vn -0.7111 0.6928 -0.1203
vn -0.6312 0.4418 0.6375
vn -0.2998 0.4657 0.8326
vn -0.0206 0.5082 -0.8610
vn 0.8126 -0.5694 0.1243
vn 0.6656 -0.7463 0.0027
vn 0.6230 -0.5126 0.5909
vn -0.1250 0.3565 -0.9259
vn -0.0776 0.3036 -0.9496
vn 0.2738 -0.5555 0.7851
vn 0.2738 -0.5556 0.7851
vn 0.5886 0.5873 0.5556
vn -0.8206 0.5681 -0.0627
vn 0.6035 0.5205 0.6041
vn 0.2844 0.8737 -0.3946
vn -0.4613 0.7216 0.5163
vn -0.4049 0.1969 0.8929
vn 0.7052 -0.0530 -0.7070
vn -0.0000 -0.4788 -0.8779
vn 0.5206 -0.0118 -0.8537
vn 0.7279 -0.1592 -0.6669
vn -0.0000 0.1201 -0.9928
vn 0.6088 0.5538 -0.5680
vn 0.8435 0.1609 -0.5125
vn 0.7601 -0.5253 -0.3824
vn 0.3708 0.6495 -0.6638
vn 0.9701 -0.1653 -0.1775
vn -0.0252 -0.9842 0.1755
vn -0.0000 -0.9845 0.1755
vn -0.5026 -0.8627 -0.0558
vn 0.4035 -0.8859 -0.2287
vn -0.8410 -0.4521 -0.2971
vn 0.5565 0.6302 0.5414
vn 0.0761 0.9509 -0.3000
vn 0.6220 0.7536 -0.2126
vn -0.7852 -0.2880 0.5481
vn -0.9028 -0.4182 0.0998
vn -0.6264 -0.3659 -0.6883
vn -0.4791 0.0130 0.8777
vn 0.7524 0.6496 0.1090
vn 0.5483 0.5837 0.5989
vn 0.0653 0.9891 0.1322
vn -0.3582 0.8810 -0.3089
vn 0.2029 0.7766 0.5965
vn 0.6411 -0.3694 0.6727
vn -0.9011 0.1465 0.4080
vn -0.7194 0.2057 0.6634
vn -0.8207 0.4287 0.3777
vn -0.6095 0.0558 -0.7908
vn -0.4266 0.0183 -0.9042
vn -0.0819 0.3201 -0.9438
vn -0.4532 -0.7860 0.4205
vn -0.1129 -0.8094 0.5763
vn -0.2969 -0.7728 -0.5610
vn -0.4131 0.0680 -0.9082
vn 0.0485 -0.4075 -0.9119
vn 0.6656 0.6075 -0.4336
vn -0.8888 -0.3823 -0.2526
vn -0.6809 -0.4691 -0.5624
vn -0.1240 -0.5788 -0.8060
vn -0.8525 -0.5205 -0.0491
vn -0.0000 -0.9769 -0.2137
vn -0.5670 -0.2783 -0.7753
vn -0.5701 -0.4477 -0.6888
vn 0.1261 0.4171 -0.9001
vn -0.8579 -0.4624 -0.2239
vn -0.1698 -0.4418 -0.8809
vn -0.4598 -0.5839 -0.6691
vn 0.1157 -0.6472 -0.7535
vn -0.1277 -0.7128 -0.6896
vn -0.9466 0.3101 0.0878
vn -0.9319 0.0479 -0.3595
vn 0.3645 -0.0072 0.9312
vn -0.6901 0.6954 0.2005
vn 0.3340 -0.0564 0.9409
vn 0.0693 0.8563 0.5118
vn -0.1375 -0.0538 0.9890
vn -0.4812 0.1263 0.8675
vn -0.7268 -0.5501 -0.4113
vn -0.9346 -0.1813 -0.3061
vn -0.6698 -0.5855 0.4567
vn 0.5684 -0.1992 -0.7983
vn -0.6255 -0.4206 -0.6571
vn 0.6146 -0.0769 -0.7851
vn -0.8367 0.4591 -0.2987
vn -0.9392 0.1501 0.3089
vn -0.8086 -0.0305 0.5876
vn -0.9457 -0.0465 0.3218
vn -0.8893 -0.3638 -0.2770
vn -0.9052 0.0649 0.4200
vn 0.4353 0.8714 0.2263
vn 0.1013 0.2774 -0.9554
vn -0.8717 -0.4860 0.0625
vn 0.7326 0.5210 -0.4379
vn 0.0070 0.6638 -0.7478
vn 0.8380 0.4636 -0.2876
vn 0.1714 0.4885 -0.8555
vn 0.1150 -0.2178 -0.9692
vn -0.2014 0.6428 -0.7391
vn -0.1621 -0.5888 -0.7919
vn -0.0824 -0.4483 -0.8901
vn 0.5558 -0.4115 0.7223
vn -0.0539 -0.7315 0.6797
vn 0.9333 0.1336 0.3334
vn -0.8888 0.4579 -0.0181
vn -0.9853 0.1558 -0.0698
vn 0.3402 -0.8574 0.3863
vn -0.3706 -0.8980 0.2371
vn -0.3286 -0.5912 0.7366
vn 0.8696 0.0038 -0.4938
vn 0.7024 0.5007 -0.5059
vn 0.5403 -0.1837 -0.8212
vn 0.4272 0.7850 -0.4486
vn -0.2276 -0.1236 -0.9659
vn -0.5448 -0.0541 -0.8368
vn 0.3519 0.6441 0.6792
vn 0.0810 0.2414 0.9670
vn -0.0638 0.5067 0.8598
vn -0.6903 0.4978 -0.5251
vn -0.5867 0.6518 -0.4805
vn -0.9451 -0.0402 -0.3244
vn -0.6666 -0.3372 -0.6648
vn -0.9495 0.0721 -0.3055
vn 0.4311 0.3718 0.8222
vn 0.5860 0.3867 0.7121
vn -0.6867 0.4314 -0.5851
vn -0.7331 0.3529 -0.5814
vn -0.5361 0.7797 0.3234
vn -0.6525 -0.7560 -0.0533
vn -0.1900 0.9699 -0.1523
vn -0.9012 0.0585 0.4295
vn -0.0081 0.9577 0.2875
vn -0.3453 -0.6304 -0.6952
vn -0.7782 -0.6076 -0.1587
vn -0.4565 -0.8429 0.2846
vn -0.2643 -0.6796 -0.6843
vn -0.2430 -0.7878 -0.5659
vn -0.4090 -0.4694 -0.7826
vn -0.9558 -0.1372 -0.2600
vn -0.8926 -0.0911 0.4415
vn -0.9056 -0.0624 0.4195
vn -0.9146 -0.2557 -0.3134
vn -0.9669 -0.1366 -0.2153
vn -0.9247 -0.0981 0.3680
vn -0.2549 -0.1260 0.9587
vn -0.3306 -0.4320 0.8391
vn 0.6894 0.5331 -0.4905
vn -0.0551 0.6784 -0.7326
vn 0.8396 0.4444 -0.3123
vn 0.3134 0.3523 -0.8819
vn 0.1428 0.3722 -0.9171
vn 0.7759 0.3486 -0.5258
vn 0.4174 0.4967 -0.7610
vn -0.8299 -0.1775 0.5289
vn 0.0331 -0.1713 0.9847
vn -0.7766 0.4097 -0.4785
vn -0.5764 0.5838 -0.5718
vn -0.8999 0.1437 -0.4118
vn 0.5397 -0.4516 0.7105
vn 0.4236 -0.3666 0.8284
vn 0.6148 0.0440 0.7875
vn 0.4362 0.7849 -0.4400
vn 0.4313 0.8954 0.1106
vn 0.6029 0.7977 -0.0117
vn -0.5837 -0.0431 -0.8108
vn -0.7830 -0.3630 -0.5051
vn 0.6328 0.7679 -0.0999
vn 0.6894 -0.3921 0.6091
vn 0.4983 -0.8503 0.1693
vn 0.4538 0.8910 -0.0119
vn 0.1003 0.7538 0.6494
vn -0.4735 0.4920 -0.7306
vn -0.5266 0.1997 -0.8263
vn -0.1172 0.7811 -0.6133
vn 0.6416 0.6714 -0.3709
vn 0.8722 -0.0652 0.4848
vn 0.6564 -0.5447 0.5220
vn -0.4331 -0.8593 -0.2722
vn -0.5693 -0.8221 -0.0050
vn -0.9432 -0.3224 0.0808
vn 0.2917 0.6691 -0.6835
vn -0.6693 0.2822 -0.6873
vn -0.3618 0.3312 0.8715
vn 0.0057 -0.0782 0.9969
vn 0.1012 0.2262 0.9688
vn -0.9379 -0.0448 -0.3441
vn -0.8971 0.4325 0.0906
vn -0.6303 0.7653 0.1304
vn -0.6670 0.7343 0.1265
vn -0.1442 0.1201 -0.9822
vn -0.4832 -0.1305 -0.8658
vn -0.1965 0.1707 -0.9655
vn -0.1921 0.9254 -0.3266
vn -0.3481 0.7886 -0.5070
vn -0.9280 0.3709 -0.0361
vn -0.7237 0.6665 0.1787
vn -0.8906 -0.3309 -0.3119
vn -0.6271 -0.0446 0.7776
vn -0.5588 0.7750 0.2950
vn -0.5904 0.8070 0.0138
vn -0.9049 -0.4195 -0.0722
vn -0.9001 -0.2209 0.3754
vn -0.7201 -0.1496 0.6776
vn -0.8865 0.4423 -0.1359
vn -0.9771 0.2032 0.0626
vn -0.9855 -0.1073 -0.1312
vn -0.9502 0.0917 -0.2979
vn -0.2009 -0.9576 -0.2065
vn -0.6084 -0.3817 0.6959
vn -0.5319 -0.0491 -0.8454
vn 0.1967 -0.5495 0.8120
vn -0.5705 -0.7025 -0.4254
vn 0.7827 0.1459 -0.6051
vn -0.1132 0.1071 -0.9878
vn -0.3794 -0.1182 -0.9177
vn -0.7093 0.5807 -0.3995
vn -0.8538 0.4953 -0.1600
vn 0.1522 -0.1676 0.9740
vn -0.5226 -0.6835 0.5096
vn -0.4993 -0.7958 0.3427
vn 0.2180 0.4749 0.8526
vn 0.1473 0.7220 -0.6760
vn -0.3616 0.7855 0.5022
vn -0.9892 -0.0389 -0.1411
vn -0.9474 -0.2798 -0.1551
vn 0.0684 0.9858 0.1534
vn 0.1793 0.8766 0.4466
vn 0.0841 0.8739 -0.4789
vn -0.0267 0.3658 0.9303
vn -0.6330 -0.7510 -0.1877
vn -0.9516 -0.2310 -0.2026
vn -0.9247 -0.2930 -0.2430
vn -0.9015 0.4307 0.0421
vn -0.6030 0.7969 0.0365
vn 0.0169 -0.8488 -0.5284
vn -0.4464 0.3975 0.8017
vn 0.5269 0.7647 0.3711
vn 0.7958 0.4755 0.3750
vn -0.9677 -0.2442 -0.0628
vn -0.9067 -0.2760 0.3188
vn -0.9501 -0.2739 -0.1490
vn -0.0600 0.1873 0.9805
vn -0.9498 -0.2593 0.1751
vn -0.9652 0.0109 0.2615
vn -0.9848 0.1359 0.1077
vn -0.9770 -0.1973 0.0807
vn -0.7860 -0.3567 0.5050
vn 0.9519 -0.0331 0.3046
vn 0.0216 -0.5244 -0.8512
vn -0.8589 -0.2815 -0.4278
vn 0.0277 -0.3039 -0.9523
vn -0.4559 -0.2494 -0.8544
vn -0.7394 -0.0067 -0.6732
vn -0.5025 -0.6871 0.5248
vn 0.5646 0.7176 0.4078
vn -0.8768 -0.0605 0.4770
vn -0.7359 0.3862 -0.5562
vn -0.9986 -0.0082 0.0519
vn -0.8884 0.4230 0.1783
vn -0.8100 -0.4836 0.3318
vn -0.8509 -0.5188 0.0826
vn -0.8298 0.4823 0.2808
vn -0.7239 0.5348 0.4359
vn -0.4777 0.8756 0.0721
vn -0.2698 0.9067 0.3242
vn 0.5266 0.1468 0.8373
vn -0.8799 0.2953 -0.3724
vn 0.6198 0.6251 0.4744
vn 0.9902 0.1340 -0.0404
vn -0.0954 0.4765 -0.8740
vn -0.1269 0.9887 0.0799
vn -0.7687 0.4673 0.4368
vn -0.9527 0.3038 -0.0070
vn -0.6754 0.3205 0.6642
vn -0.8944 -0.3966 0.2068
vn -0.0646 0.3039 0.9505
vn -0.9269 -0.2032 -0.3155
vn -0.9192 0.2598 -0.2960
vn -0.7572 0.5791 0.3021
vn -0.9622 0.2722 -0.0051
vn -0.9607 0.2766 -0.0213
vn 0.5062 0.4707 0.7226
vn 0.1906 0.5206 -0.8323
vn 0.0896 0.4899 -0.8672
vn 0.1326 0.4404 -0.8879
vn -0.4290 0.6795 -0.5952
vn 0.0219 0.8580 0.5132
vn 0.8923 -0.1466 0.4270
vn 0.0890 -0.1976 0.9762
vn 0.9146 -0.1254 0.3843
vn 0.6295 0.4431 -0.6383
vn 0.7980 0.5560 -0.2326
vn 0.7194 0.4309 0.5448
vn 0.5114 0.4515 0.7311
vn -0.1082 -0.0591 0.9924
vn 0.0259 -0.0700 0.9972
vn -0.5685 -0.7116 0.4127
vn -0.9302 0.0184 -0.3666
vn -0.7153 -0.2258 -0.6613
vn -0.6466 -0.7580 0.0861
vn -0.9846 -0.1470 -0.0945
vn -0.3671 0.4182 -0.8309
vn -0.3847 0.2606 -0.8855
vn -0.5666 0.2167 -0.7950
vn 0.3384 0.7156 -0.6110
vn -0.8664 -0.0683 0.4946
vn 0.8582 0.3054 -0.4126
vn -0.2535 -0.9065 -0.3377
vn -0.8228 -0.2386 -0.5159
vn -0.8247 -0.4763 -0.3051
vn -0.8380 -0.4510 -0.3073
vn 0.8243 -0.3382 0.4540
vn -0.2672 0.7520 -0.6026
vn -0.4398 0.7254 -0.5294
vn -0.5760 0.8145 -0.0698
vn -0.9661 0.0901 -0.2418
vn -0.8369 -0.0638 0.5436
vn -0.8381 -0.0188 0.5452
vn -0.8836 0.2617 -0.3882
vn -0.6482 0.6391 -0.4139
vn -0.7957 -0.5812 0.1704
vn -0.7761 0.5365 -0.3315
vn -0.9132 -0.1156 -0.3907
vn -0.9021 -0.3254 -0.2834
vn -0.0532 -0.7152 -0.6969
vn -0.0195 0.9362 -0.3509
vn -0.4630 0.6246 -0.6289
vn -0.6088 0.5539 -0.5680
vn 0.0249 -0.9820 0.1873
vn 0.0251 -0.9830 0.1821
vn -0.9739 0.0675 -0.2166
vn -0.0000 -0.7220 0.6919
vn 0.9196 -0.2260 0.3212
vn -0.7423 -0.0392 0.6690
vn -0.0170 -0.3216 0.9467
vn 0.0610 -0.3305 0.9418
vn -0.5001 0.1616 0.8507
vn -0.9034 0.1934 0.3828
vn 0.0288 0.9285 -0.3703
vn 0.5414 0.6254 -0.5620
vn -0.7702 0.5183 0.3717
vn -0.9027 -0.0213 0.4297
vn -0.9393 0.0236 -0.3423
vn -0.5589 -0.1249 -0.8198
vn -0.5637 -0.8063 -0.1793
vn 0.7005 0.6942 0.1655
vn 0.6979 0.6936 -0.1786
vn -0.8578 -0.3349 0.3898
vn -0.3875 0.7037 0.5955
vn 0.2579 0.9234 -0.2842
vn -0.7663 0.5336 0.3579
vn -0.6153 0.1330 -0.7770
vn -0.7906 -0.4950 0.3605
vn 0.9249 -0.0539 0.3763
vn 0.0485 -0.1297 0.9904
vn 0.9328 -0.0393 0.3581
vn -0.5859 -0.2032 0.7845
vn -0.6554 -0.4190 0.6284
vn 0.0530 0.9030 -0.4264
vn -0.9993 0.0265 0.0258
vn 0.3996 -0.8576 -0.3239
vn 0.8349 -0.4722 -0.2827
vn 0.2776 0.7986 0.5341
vn -0.7627 0.4091 0.5008
vn -0.5354 -0.7144 -0.4505
vn -0.4688 0.3050 -0.8290
vn -0.8333 -0.4073 0.3738
vn -0.7960 0.4376 0.4182
vn -0.9201 -0.1733 -0.3513
vn -0.7665 0.3950 0.5064
vn -0.9245 0.1120 -0.3644
vn -0.8028 -0.5118 0.3059
vn -0.8161 -0.4038 0.4134
vn -0.4519 -0.8915 0.0312
vn -0.0000 -0.9999 0.0170
vn 0.9229 -0.0569 -0.3808
vn 0.8878 0.3593 0.2877
vn 0.0714 -0.2194 0.9730
vn 0.0753 -0.1118 0.9909
vn 0.9521 0.0109 -0.3057
vn 0.3555 0.5545 0.7524
vn 0.6019 0.5858 -0.5428
vn -0.9285 0.0567 -0.3669
vn -0.9552 0.2721 0.1168
vn -0.4335 -0.5491 0.7145
vn -0.5886 0.5873 0.5556
vn 0.2311 0.5719 0.7871
vn -0.5301 0.6693 0.5206
vn 0.7063 0.6752 -0.2128
vn 0.9547 0.0543 0.2925
vn 0.8225 -0.1519 0.5481
vn 0.6451 -0.0573 0.7619
vn -0.5535 0.7169 0.4239
vn -0.9803 -0.0059 0.1973
vn 0.5497 -0.4692 0.6911
vn 0.8510 -0.1439 0.5050
vn 0.7610 0.4346 -0.4816
vn -0.0726 0.1912 -0.9789
vn -0.9709 0.0274 -0.2379
vn -0.4077 -0.0963 0.9080
vn 0.9134 -0.2799 0.2956
vn 0.0875 -0.6004 0.7949
vn 0.8905 -0.3841 0.2438
vn 0.9143 -0.0137 0.4048
vn 0.0736 -0.6373 0.7671
vn 0.8620 -0.3428 0.3733
vn 0.0665 -0.4978 0.8648
vn -0.9590 -0.2674 0.0945
vn -0.9640 -0.2197 0.1497
vn 0.1499 0.7328 0.6637
vn -0.9272 -0.3021 -0.2213
vn 0.0425 0.7873 -0.6151
vn 0.8497 -0.4459 0.2813
vn 0.8839 -0.2359 -0.4038
vn -0.5399 0.4760 -0.6942
vn -0.9776 0.2051 0.0468
vn 0.8749 -0.1312 0.4662
vn -0.4856 0.6390 -0.5966
vn -0.7279 -0.1592 -0.6669
vn -0.8647 0.1689 -0.4730
vn 0.9146 -0.3442 -0.2123
vn 0.8967 -0.0875 0.4339
vn -0.2654 0.2152 -0.9398
vn -0.6109 -0.0966 -0.7858
vn -0.8516 -0.3151 0.4189
vn 0.9610 -0.1200 -0.2492
vn -0.7272 0.5201 -0.4480
vn 0.0028 0.6638 -0.7479
vn 0.0182 -0.6967 -0.7171
vn -0.8589 -0.1590 0.4868
vn 0.9423 0.0978 -0.3201
vn 0.0232 -0.2414 0.9701
vn 0.0182 -0.2416 0.9702
vn 0.8250 0.0080 0.5650
vn 0.9350 0.1680 0.3122
vn 0.9024 -0.1029 0.4184
vn 0.9188 0.0433 -0.3924
vn 0.8535 -0.3830 -0.3532
vn -0.0000 -0.3930 -0.9195
vn -0.0062 0.0101 -0.9999
vn 0.9096 -0.0247 -0.4147
vn -0.0425 0.0646 -0.9970
vn -0.9465 -0.0617 -0.3167
vn 0.9412 -0.0331 0.3362
vn -0.8265 -0.1110 0.5519
vn -0.9528 -0.0044 -0.3036
vn -0.8299 -0.1024 0.5484
vn -0.8238 -0.1110 0.5559
vn 0.0576 -0.1751 0.9829
vn -0.9570 0.0123 -0.2899
vn 0.8803 -0.1537 0.4488
vn 0.1157 -0.0676 0.9910
vn 0.8393 -0.2851 -0.4630
vn -0.8044 -0.3012 0.5121
vn -0.7871 -0.4117 0.4593
vn 0.8846 0.0099 -0.4663
vn -0.1145 0.0795 -0.9902
vn 0.9492 -0.0607 0.3088
vn 0.9037 0.0714 -0.4222
vn 0.1291 -0.1190 0.9845
vn -0.1309 -0.5391 -0.8320
vn -0.1359 -0.3186 -0.9381
vn -0.9371 -0.2787 -0.2104
vn -0.8855 -0.4389 -0.1525
vn 0.5539 0.6199 -0.5558
vn 0.7111 0.6928 -0.1203
vn 0.6312 0.4418 0.6375
vn 0.1533 -0.0905 0.9840
vn 0.2998 0.4658 0.8326
vn 0.0207 0.5082 -0.8610
vn -0.8126 -0.5694 0.1243
vn -0.6230 -0.5126 0.5909
vn -0.8464 -0.4622 0.2645
vn 0.1250 0.3565 -0.9259
vn -0.5552 -0.1224 -0.8227
vn 0.0776 0.3036 -0.9496
vn -0.2738 -0.5555 0.7851
vn -0.2738 -0.5556 0.7851
vn 0.4613 0.7216 0.5163
vn -0.6035 0.5205 0.6041
vn 0.8206 0.5681 -0.0627
vn -0.2844 0.8737 -0.3946
vn 0.4049 0.1969 0.8929
vn -0.7052 -0.0530 -0.7070
vn -0.0000 -0.6210 -0.7838
vn -0.5205 -0.0118 -0.8538
vn -0.8435 0.1610 -0.5125
vn -0.7594 -0.5266 -0.3822
vn -0.3670 0.6500 -0.6654
vn -0.9698 -0.1673 -0.1773
vn 0.0252 -0.9842 0.1755
vn 0.0014 -1.0000 0.0003
vn -0.3755 -0.6063 0.7010
vn -0.6528 -0.7137 0.2538
vn 0.3541 -0.0000 0.9352
vn 0.2380 -0.7408 0.6281
vn -0.9324 -0.0000 0.3614
vn -0.4493 -0.0000 0.8934
vn -0.3755 0.6063 0.7010
vn 0.0014 1.0000 0.0003
vn 0.2380 0.7409 0.6281
vn -0.6528 0.7137 0.2539
vn -0.7408 -0.6127 -0.2753
vn -0.2321 -0.7423 -0.6285
vn -0.3473 -0.0000 -0.9377
vn -0.9296 -0.0000 -0.3684
vn -0.7408 0.6128 -0.2753
vn -0.2321 0.7423 -0.6285
vn 0.7490 -0.6041 0.2721
vn 0.9352 -0.0000 -0.3542
vn 0.6613 -0.7071 -0.2504
vn 0.9307 -0.0000 0.3657
vn 0.7490 0.6041 0.2722
vn 0.6613 0.7071 -0.2504
vn 0.3808 -0.6041 -0.7001
vn 0.4549 -0.0000 -0.8905
vn 0.3808 0.6041 -0.7001
vn -0.0018 -1.0000 0.0004
vn 0.3736 -0.6070 0.7014
vn -0.2380 -0.7408 0.6281
vn -0.3542 -0.0000 0.9352
vn 0.4472 -0.0000 0.8944
vn 0.9316 -0.0000 0.3634
vn 0.6503 -0.7156 0.2549
vn 0.3735 0.6071 0.7014
vn -0.2380 0.7408 0.6281
vn -0.0018 1.0000 0.0004
vn 0.6502 0.7157 0.2548
vn 0.7381 -0.6153 -0.2766
vn 0.9293 -0.0000 -0.3694
vn 0.3447 -0.0000 -0.9387
vn 0.2305 -0.7428 -0.6287
vn 0.7381 0.6154 -0.2766
vn 0.2305 0.7427 -0.6287
vn -0.7490 -0.6041 0.2722
vn -0.6613 -0.7071 -0.2504
vn -0.9352 -0.0000 -0.3542
vn -0.9307 -0.0000 0.3657
vn -0.7490 0.6041 0.2721
vn -0.6613 0.7071 -0.2504
vn -0.3808 -0.6041 -0.7001
vn -0.4549 -0.0000 -0.8905
vn -0.3808 0.6040 -0.7001
vn 0.5829 0.0399 -0.8116
vn -0.0000 0.1328 -0.9911
vn -0.7566 -0.1845 -0.6273
vn -0.5829 0.0399 -0.8116
vn -0.0000 -0.2123 -0.9772
vn -0.0277 -0.3039 -0.9523
vn -0.1114 -0.4341 0.8940
vn 0.1145 0.0795 -0.9902
vn 0.1114 -0.4341 0.8940
vn -0.0211 -0.0554 0.9982
vn 0.0212 -0.0554 0.9982
vn -0.0095 0.0474 0.9988
vn 0.9465 -0.0617 -0.3167
vn -0.0702 -0.2019 0.9769
vn 0.9259 -0.1153 -0.3598
vn 0.0702 -0.2019 0.9769
vn -0.0000 0.8640 -0.5035
vn 0.0322 0.6782 -0.7342
vn -0.1326 0.4404 -0.8879
vn 0.8855 -0.4389 -0.1525
vn 0.7566 -0.1845 -0.6273
vn 0.0532 -0.7152 -0.6969
vn -0.0000 -0.9823 0.1874
vn -0.0322 0.6782 -0.7342
vn -0.8231 -0.4269 -0.3745
vn -0.6656 -0.7463 0.0027
vn -0.5111 -0.8183 0.2629
vn 0.8008 -0.4370 -0.4096
vt 0.814744 0.379198
vt 0.814739 0.379185
vt 0.826581 0.171947
vt 0.826581 0.171948
vt 0.826588 0.171943
vt 0.842331 0.099946
vt 0.842284 0.099962
vt 0.842302 0.099962
vt 0.842458 0.102664
vt 0.842438 0.102662
vt 0.842473 0.102683
vt 0.842524 0.102780
vt 0.842446 0.102746
vt 0.842510 0.102791
vt 0.842550 0.102891
vt 0.842556 0.102936
vt 0.826410 0.171948
vt 0.826419 0.171922
vt 0.826409 0.171947
vt 0.842825 0.100220
vt 0.842375 0.100003
vt 0.842784 0.100220
vt 0.842448 0.102659
vt 0.842457 0.102668
vt 0.842422 0.102740
vt 0.842453 0.102682
vt 0.842505 0.102722
vt 0.826586 0.171944
vt 0.826592 0.171928
vt 0.826593 0.171924
vt 0.814707 0.378302
vt 0.814704 0.378216
vt 0.814750 0.378217
vt 0.820274 0.268560
vt 0.820264 0.268199
vt 0.820268 0.268923
vt 0.842425 0.102681
vt 0.842580 0.102341
vt 0.843470 0.099964
vt 0.843464 0.099956
vt 0.842431 0.102673
vt 0.842373 0.102837
vt 0.842911 0.100156
vt 0.842983 0.100145
vt 0.886820 0.662257
vt 0.886735 0.662719
vt 0.886820 0.662254
vt 0.826583 0.171933
vt 0.826588 0.171947
vt 0.826581 0.171946
vt 0.842371 0.102769
vt 0.814737 0.379190
vt 0.814715 0.379269
vt 0.886742 0.662708
vt 0.886650 0.662257
vt 0.886658 0.662256
vt 0.842891 0.102650
vt 0.842934 0.102690
vt 0.826584 0.171923
vt 0.826580 0.171927
vt 0.826581 0.171937
vt 0.842936 0.102663
vt 0.843020 0.102564
vt 0.814764 0.379239
vt 0.814733 0.379270
vt 0.842891 0.102333
vt 0.842882 0.102345
vt 0.842944 0.102299
vt 0.842916 0.102293
vt 0.842306 0.101868
vt 0.842412 0.102794
vt 0.842445 0.102804
vt 0.834363 0.051523
vt 0.834364 0.051525
vt 0.834364 0.051524
vt 0.820452 0.268547
vt 0.820460 0.268541
vt 0.820451 0.268533
vt 0.826581 0.171936
vt 0.886929 0.662731
vt 0.886917 0.662744
vt 0.886929 0.662744
vt 0.842907 0.102350
vt 0.842917 0.102318
vt 0.842539 0.102841
vt 0.814739 0.379186
vt 0.814708 0.379282
vt 0.814726 0.379187
vt 0.820477 0.268213
vt 0.820474 0.268213
vt 0.820480 0.268213
vt 0.826586 0.171942
vt 0.826584 0.171942
vt 0.826588 0.171948
vt 0.826590 0.171922
vt 0.886824 0.662263
vt 0.886876 0.662232
vt 0.886879 0.662234
vt 0.843182 0.100160
vt 0.842659 0.102531
vt 0.843241 0.100156
vt 0.826582 0.171945
vt 0.826587 0.171921
vt 0.834366 0.051522
vt 0.834370 0.051522
vt 0.834366 0.051521
vt 0.820343 0.268721
vt 0.820369 0.268727
vt 0.820344 0.268718
vt 0.842301 0.100290
vt 0.842316 0.100337
vt 0.842316 0.100318
vt 0.842447 0.102697
vt 0.842459 0.102697
vt 0.843638 0.100536
vt 0.842589 0.102254
vt 0.842589 0.102306
vt 0.842602 0.102333
vt 0.826582 0.171928
vt 0.868138 0.623826
vt 0.868188 0.623812
vt 0.826583 0.171948
vt 0.826588 0.171942
vt 0.826582 0.171948
vt 0.843562 0.100802
vt 0.842589 0.102677
vt 0.843528 0.100775
vt 0.842633 0.102491
vt 0.842624 0.102566
vt 0.842646 0.102606
vt 0.826589 0.171948
vt 0.826596 0.171936
vt 0.814231 0.326841
vt 0.815091 0.325325
vt 0.814862 0.325616
vt 0.834375 0.051523
vt 0.834372 0.051525
vt 0.834375 0.051525
vt 0.826596 0.171935
vt 0.842489 0.102932
vt 0.842480 0.102864
vt 0.842522 0.102899
vt 0.826585 0.171948
vt 0.826583 0.171920
vt 0.826582 0.171921
vt 0.843311 0.100140
vt 0.826583 0.171946
vt 0.820300 0.268203
vt 0.820302 0.268194
vt 0.820256 0.268203
vt 0.842406 0.102856
vt 0.842641 0.102553
vt 0.843527 0.100799
vt 0.842353 0.102828
vt 0.842385 0.102780
vt 0.842398 0.102722
vt 0.814598 0.325084
vt 0.814623 0.325113
vt 0.814864 0.325052
vt 0.886610 0.662706
vt 0.886623 0.662223
vt 0.886681 0.662262
vt 0.826582 0.171947
vt 0.826582 0.171946
vt 0.842569 0.102689
vt 0.842690 0.102665
vt 0.865396 0.622851
vt 0.865362 0.622921
vt 0.865385 0.622948
vt 0.842603 0.102672
vt 0.842602 0.102649
vt 0.834378 0.051525
vt 0.834377 0.051522
vt 0.843294 0.100098
vt 0.843527 0.100146
vt 0.843329 0.100132
vt 0.826585 0.171940
vt 0.826586 0.171940
vt 0.826592 0.171921
vt 0.826583 0.171945
vt 0.826585 0.171943
vt 0.820479 0.268218
vt 0.820480 0.268217
vt 0.842652 0.102724
vt 0.842631 0.102745
vt 0.842688 0.102764
vt 0.842644 0.102811
vt 0.842663 0.102787
vt 0.842615 0.102767
vt 0.842694 0.102908
vt 0.842722 0.102874
vt 0.826431 0.171796
vt 0.826430 0.171797
vt 0.826431 0.171795
vt 0.826584 0.171944
vt 0.826592 0.171926
vt 0.842859 0.102863
vt 0.842784 0.102791
vt 0.842811 0.102924
vt 0.842717 0.102734
vt 0.842732 0.102684
vt 0.842679 0.102703
vt 0.842825 0.102721
vt 0.842867 0.102702
vt 0.842809 0.102635
vt 0.820480 0.268211
vt 0.820476 0.268216
vt 0.820474 0.268227
vt 0.826587 0.171922
vt 0.842876 0.102662
vt 0.842897 0.102673
vt 0.826581 0.171923
vt 0.814706 0.379282
vt 0.814705 0.379286
vt 0.842885 0.102688
vt 0.842912 0.102715
vt 0.842609 0.100218
vt 0.842567 0.100223
vt 0.842692 0.102316
vt 0.842728 0.102373
vt 0.842732 0.102298
vt 0.826590 0.171926
vt 0.842694 0.102467
vt 0.842472 0.102746
vt 0.842672 0.102475
vt 0.842955 0.102652
vt 0.842963 0.102681
vt 0.842986 0.102628
vt 0.814735 0.378310
vt 0.842901 0.102589
vt 0.842903 0.102618
vt 0.842942 0.102601
vt 0.842858 0.102592
vt 0.820477 0.268212
vt 0.820477 0.268224
vt 0.820476 0.268215
vt 0.842950 0.102546
vt 0.842949 0.102491
vt 0.843312 0.100115
vt 0.842280 0.101440
vt 0.842909 0.102233
vt 0.842443 0.102662
vt 0.820567 0.330760
vt 0.820568 0.330759
vt 0.820567 0.330757
vt 0.842605 0.100034
vt 0.842941 0.102682
vt 0.826592 0.171939
vt 0.842792 0.102533
vt 0.842789 0.102491
vt 0.842727 0.102524
vt 0.842728 0.102610
vt 0.842689 0.102599
vt 0.842692 0.102545
vt 0.842663 0.102579
vt 0.820278 0.268912
vt 0.820275 0.268907
vt 0.820275 0.268912
vt 0.842634 0.102459
vt 0.842618 0.102454
vt 0.842651 0.102491
vt 0.842695 0.102491
vt 0.842669 0.102491
vt 0.842694 0.102515
vt 0.834364 0.051520
vt 0.820272 0.268904
vt 0.820282 0.268591
vt 0.820271 0.268904
vt 0.814999 0.324994
vt 0.814975 0.324963
vt 0.834369 0.051522
vt 0.834371 0.051525
vt 0.834371 0.051524
vt 0.842654 0.102471
vt 0.842692 0.102437
vt 0.842675 0.102459
vt 0.820477 0.268221
vt 0.820480 0.268214
vt 0.826420 0.171920
vt 0.826412 0.171943
vt 0.842689 0.102384
vt 0.842690 0.102317
vt 0.842663 0.102403
vt 0.842727 0.102422
vt 0.868202 0.623867
vt 0.868185 0.623949
vt 0.868225 0.623895
vt 0.826584 0.171940
vt 0.826584 0.171939
vt 0.826584 0.171941
vt 0.826585 0.171942
vt 0.814223 0.325014
vt 0.814365 0.326806
vt 0.842363 0.100341
vt 0.842354 0.100293
vt 0.842352 0.100293
vt 0.842901 0.102393
vt 0.842858 0.102391
vt 0.826589 0.171923
vt 0.842903 0.102364
vt 0.814711 0.379188
vt 0.814731 0.379187
vt 0.842933 0.102356
vt 0.820591 0.330283
vt 0.820592 0.330280
vt 0.820590 0.330283
vt 0.843309 0.100121
vt 0.842964 0.102226
vt 0.843283 0.100117
vt 0.820555 0.268191
vt 0.820590 0.268295
vt 0.820592 0.268276
vt 0.842942 0.102382
vt 0.842955 0.102330
vt 0.834374 0.051523
vt 0.814721 0.378207
vt 0.814719 0.378206
vt 0.834376 0.051521
vt 0.820477 0.268225
vt 0.820477 0.268226
vt 0.834363 0.051522
vt 0.826587 0.171942
vt 0.826588 0.171934
vt 0.842355 0.100085
vt 0.843188 0.100184
vt 0.843249 0.100173
vt 0.868959 0.624494
vt 0.868896 0.624464
vt 0.868539 0.624339
vt 0.842558 0.102333
vt 0.842825 0.102261
vt 0.842809 0.102347
vt 0.886447 0.559589
vt 0.886449 0.559591
vt 0.868966 0.624436
vt 0.869068 0.624462
vt 0.869053 0.624422
vt 0.820476 0.268218
vt 0.820479 0.268214
vt 0.820477 0.268211
vt 0.842688 0.102219
vt 0.842749 0.102143
vt 0.842663 0.102196
vt 0.814746 0.379180
vt 0.814745 0.379178
vt 0.814746 0.379179
vt 0.842606 0.102272
vt 0.842631 0.102237
vt 0.842679 0.102279
vt 0.842652 0.102258
vt 0.842632 0.102305
vt 0.842636 0.102319
vt 0.886613 0.662703
vt 0.886656 0.662645
vt 0.886616 0.662709
vt 0.842335 0.102881
vt 0.843041 0.102761
vt 0.842988 0.102726
vt 0.886617 0.662240
vt 0.886678 0.662256
vt 0.820454 0.268546
vt 0.843115 0.102940
vt 0.843103 0.102938
vt 0.843106 0.102972
vt 0.842431 0.099970
vt 0.842363 0.100029
vt 0.842344 0.100037
vt 0.842325 0.102931
vt 0.842356 0.102936
vt 0.820484 0.268598
vt 0.843061 0.099999
vt 0.843098 0.100068
vt 0.843109 0.100043
vt 0.842448 0.102986
vt 0.842497 0.102994
vt 0.842446 0.102934
vt 0.820476 0.268227
vt 0.820475 0.268227
vt 0.820484 0.268227
vt 0.820390 0.268910
vt 0.820486 0.268223
vt 0.826583 0.171947
vt 0.842970 0.100234
vt 0.843010 0.100210
vt 0.843532 0.100625
vt 0.842397 0.101584
vt 0.843548 0.100622
vt 0.842501 0.100035
vt 0.842936 0.102319
vt 0.842513 0.100034
vt 0.820475 0.268216
vt 0.820477 0.268216
vt 0.842444 0.102867
vt 0.814721 0.379231
vt 0.814711 0.379283
vt 0.826581 0.171929
vt 0.842966 0.102755
vt 0.842947 0.102716
vt 0.842963 0.102754
vt 0.820567 0.330761
vt 0.842526 0.102942
vt 0.814352 0.327018
vt 0.814338 0.327001
vt 0.814356 0.327048
vt 0.842636 0.102663
vt 0.842632 0.102677
vt 0.814762 0.378268
vt 0.814719 0.378208
vt 0.842493 0.100284
vt 0.842490 0.100234
vt 0.843207 0.102947
vt 0.843238 0.102942
vt 0.843181 0.102930
vt 0.826583 0.171941
vt 0.820518 0.268271
vt 0.820553 0.268193
vt 0.820572 0.268333
vt 0.843226 0.102925
vt 0.843261 0.102948
vt 0.820253 0.268210
vt 0.820384 0.268917
vt 0.843446 0.100483
vt 0.843447 0.100490
vt 0.843449 0.100482
vt 0.820475 0.268219
vt 0.814765 0.379238
vt 0.820479 0.268220
vt 0.820476 0.268225
vt 0.826586 0.171943
vt 0.826593 0.171923
vt 0.820275 0.268925
vt 0.820274 0.268974
vt 0.843570 0.100098
vt 0.843579 0.100092
vt 0.843569 0.100088
vt 0.842916 0.102690
vt 0.842917 0.102665
vt 0.814722 0.378247
vt 0.814736 0.378310
vt 0.843119 0.102925
vt 0.820478 0.268219
vt 0.820384 0.268900
vt 0.842852 0.099960
vt 0.842840 0.099940
vt 0.842451 0.100043
vt 0.842431 0.099998
vt 0.842419 0.100045
vt 0.842480 0.100037
vt 0.842739 0.101983
vt 0.842379 0.100014
vt 0.842447 0.100084
vt 0.842418 0.100067
vt 0.814762 0.378266
vt 0.814730 0.378208
vt 0.842415 0.100121
vt 0.842444 0.100118
vt 0.842392 0.100146
vt 0.842409 0.100171
vt 0.842379 0.100195
vt 0.842389 0.100173
vt 0.842437 0.100142
vt 0.842455 0.100145
vt 0.842355 0.100218
vt 0.842394 0.100255
vt 0.842510 0.100079
vt 0.842343 0.100020
vt 0.814750 0.378215
vt 0.842316 0.100348
vt 0.842372 0.100292
vt 0.842316 0.100377
vt 0.842267 0.100330
vt 0.842244 0.100362
vt 0.842407 0.099989
vt 0.842383 0.100024
vt 0.826411 0.171922
vt 0.826418 0.171922
vt 0.826417 0.171947
vt 0.842455 0.099925
vt 0.842506 0.099995
vt 0.842400 0.100092
vt 0.842471 0.099999
vt 0.820275 0.268902
vt 0.886758 0.662234
vt 0.886721 0.662681
vt 0.886744 0.662231
vt 0.842486 0.100118
vt 0.842483 0.100087
vt 0.842765 0.101977
vt 0.842748 0.101960
vt 0.842461 0.100096
vt 0.842464 0.100115
vt 0.843502 0.099965
vt 0.843474 0.099948
vt 0.842444 0.100202
vt 0.842416 0.100140
vt 0.842377 0.100121
vt 0.842408 0.100227
vt 0.842390 0.100299
vt 0.826583 0.171921
vt 0.826589 0.171931
vt 0.826587 0.171941
vt 0.842351 0.100290
vt 0.843175 0.100136
vt 0.843121 0.100114
vt 0.843176 0.100140
vt 0.842289 0.100408
vt 0.886935 0.662746
vt 0.886930 0.662753
vt 0.886935 0.662759
vt 0.820478 0.268224
vt 0.886951 0.662753
vt 0.886945 0.662746
vt 0.886945 0.662759
vt 0.814735 0.379287
vt 0.814705 0.379282
vt 0.820481 0.268213
vt 0.820482 0.268213
vt 0.820481 0.268211
vt 0.820476 0.268217
vt 0.820475 0.268221
vt 0.820476 0.268212
vt 0.842368 0.101717
vt 0.842330 0.101712
vt 0.842348 0.101774
vt 0.842376 0.101506
vt 0.842418 0.101500
vt 0.842364 0.101588
vt 0.826581 0.171927
vt 0.814726 0.378299
vt 0.842247 0.101373
vt 0.842280 0.101364
vt 0.842235 0.101459
vt 0.842317 0.100894
vt 0.843541 0.100827
vt 0.842281 0.100805
vt 0.842249 0.101559
vt 0.842279 0.101552
vt 0.842259 0.101691
vt 0.842290 0.101686
vt 0.842300 0.101764
vt 0.886912 0.662738
vt 0.886917 0.662731
vt 0.886935 0.662738
vt 0.843325 0.100134
vt 0.843322 0.100138
vt 0.842976 0.100112
vt 0.842903 0.100093
vt 0.843315 0.100146
vt 0.843294 0.100157
vt 0.834376 0.051520
vt 0.843309 0.100134
vt 0.843318 0.100131
vt 0.843253 0.100187
vt 0.843288 0.100148
vt 0.843308 0.100127
vt 0.843317 0.100126
vt 0.843318 0.100123
vt 0.843350 0.102162
vt 0.843690 0.100362
vt 0.843716 0.100284
vt 0.820553 0.268199
vt 0.843299 0.100087
vt 0.843318 0.100101
vt 0.843288 0.100107
vt 0.843249 0.100081
vt 0.843242 0.100095
vt 0.843235 0.100109
vt 0.843174 0.100099
vt 0.843173 0.100118
vt 0.843179 0.100082
vt 0.843187 0.100062
vt 0.826418 0.171948
vt 0.814744 0.379199
vt 0.842975 0.100079
vt 0.843013 0.099978
vt 0.843048 0.100026
vt 0.820483 0.268221
vt 0.843035 0.100056
vt 0.842983 0.100048
vt 0.842998 0.100012
vt 0.842972 0.099957
vt 0.842941 0.099993
vt 0.843031 0.100081
vt 0.842916 0.100048
vt 0.842841 0.100049
vt 0.842818 0.100004
vt 0.842811 0.099967
vt 0.842778 0.099982
vt 0.842712 0.099998
vt 0.842784 0.100076
vt 0.842779 0.100029
vt 0.820474 0.268219
vt 0.820478 0.268214
vt 0.842806 0.100149
vt 0.842850 0.100137
vt 0.842793 0.100115
vt 0.842744 0.100126
vt 0.842817 0.100179
vt 0.826417 0.171948
vt 0.842935 0.100191
vt 0.842996 0.100174
vt 0.843100 0.100137
vt 0.843040 0.100138
vt 0.843109 0.100165
vt 0.843094 0.100112
vt 0.842468 0.100091
vt 0.842457 0.100051
vt 0.843049 0.100168
vt 0.843116 0.100190
vt 0.843191 0.100204
vt 0.843057 0.100199
vt 0.842873 0.100220
vt 0.842920 0.100263
vt 0.842886 0.100332
vt 0.842893 0.100304
vt 0.842852 0.100326
vt 0.842791 0.100271
vt 0.842786 0.100321
vt 0.842824 0.100277
vt 0.842719 0.100199
vt 0.842752 0.100341
vt 0.842701 0.100170
vt 0.842671 0.100223
vt 0.842669 0.100309
vt 0.842634 0.100287
vt 0.842655 0.100349
vt 0.842654 0.100173
vt 0.842576 0.100181
vt 0.842644 0.100134
vt 0.842610 0.100135
vt 0.842687 0.100134
vt 0.842683 0.100095
vt 0.842644 0.100087
vt 0.842659 0.100026
vt 0.842694 0.100051
vt 0.842625 0.099971
vt 0.820452 0.268546
vt 0.842581 0.100143
vt 0.814746 0.379194
vt 0.814712 0.379188
vt 0.843558 0.100799
vt 0.843547 0.100816
vt 0.843592 0.100763
vt 0.843634 0.100691
vt 0.843584 0.100757
vt 0.843577 0.100747
vt 0.843570 0.100738
vt 0.843529 0.100802
vt 0.843577 0.100627
vt 0.843562 0.100727
vt 0.843544 0.100785
vt 0.843533 0.100777
vt 0.843538 0.100780
vt 0.868186 0.623970
vt 0.868160 0.623981
vt 0.843524 0.100800
vt 0.843522 0.100775
vt 0.843543 0.100714
vt 0.843533 0.100716
vt 0.843524 0.100718
vt 0.843552 0.100719
vt 0.843588 0.100638
vt 0.843563 0.100622
vt 0.843557 0.100501
vt 0.843577 0.100499
vt 0.843564 0.100446
vt 0.820566 0.330760
vt 0.820474 0.268216
vt 0.820475 0.268226
vt 0.820475 0.268211
vt 0.843661 0.100282
vt 0.843643 0.100354
vt 0.843690 0.100277
vt 0.843778 0.100215
vt 0.843746 0.100195
vt 0.843717 0.100369
vt 0.843745 0.100298
vt 0.843615 0.100678
vt 0.843641 0.100604
vt 0.843620 0.100685
vt 0.843610 0.100672
vt 0.843600 0.100655
vt 0.843624 0.100521
vt 0.843495 0.099968
vt 0.843478 0.099928
vt 0.843486 0.099970
vt 0.843464 0.099937
vt 0.843505 0.100015
vt 0.843441 0.099989
vt 0.843431 0.099978
vt 0.843424 0.100032
vt 0.843481 0.099946
vt 0.843478 0.099968
vt 0.843485 0.100023
vt 0.843473 0.100020
vt 0.843461 0.100010
vt 0.814982 0.324947
vt 0.814979 0.324927
vt 0.843495 0.100020
vt 0.843495 0.100073
vt 0.843653 0.100555
vt 0.843556 0.100096
vt 0.843522 0.100054
vt 0.843540 0.100112
vt 0.843538 0.100088
vt 0.843516 0.100117
vt 0.843503 0.100148
vt 0.820558 0.268224
vt 0.820559 0.268234
vt 0.820558 0.268225
vt 0.814709 0.379282
vt 0.843542 0.100127
vt 0.843528 0.100123
vt 0.820474 0.268217
vt 0.820479 0.268215
vt 0.820475 0.268210
vt 0.886789 0.662752
vt 0.886909 0.662320
vt 0.886901 0.662342
vt 0.886603 0.662512
vt 0.886830 0.662550
vt 0.886594 0.662513
vt 0.886585 0.662535
vt 0.820475 0.268222
vt 0.820474 0.268226
vt 0.820309 0.268199
vt 0.820322 0.268194
vt 0.820479 0.268223
vt 0.820476 0.268222
vt 0.820481 0.268215
vt 0.820480 0.268218
vt 0.820476 0.268226
vt 0.820478 0.268228
vt 0.820479 0.268216
vt 0.820479 0.268222
vt 0.820478 0.268223
vt 0.820473 0.268228
vt 0.820481 0.268214
vt 0.820478 0.268225
vt 0.820479 0.268221
vt 0.886723 0.662262
vt 0.886712 0.662264
vt 0.820365 0.268637
vt 0.820441 0.268357
vt 0.820276 0.268907
vt 0.820284 0.268601
vt 0.820294 0.268277
vt 0.820456 0.268544
vt 0.820297 0.268206
vt 0.820300 0.268190
vt 0.826584 0.171943
vt 0.868091 0.624174
vt 0.868144 0.624195
vt 0.834366 0.051523
vt 0.834367 0.051524
vt 0.834374 0.051521
vt 0.814229 0.325024
vt 0.814234 0.325034
vt 0.814980 0.324964
vt 0.814984 0.324965
vt 0.814250 0.326815
vt 0.814241 0.326828
vt 0.815102 0.325293
vt 0.842493 0.102990
vt 0.842496 0.102990
vt 0.843703 0.100323
vt 0.842912 0.102348
vt 0.842926 0.102341
vt 0.842301 0.100292
vt 0.843652 0.100489
vt 0.842316 0.100370
vt 0.843685 0.100372
vt 0.843644 0.100483
vt 0.842437 0.102672
vt 0.842437 0.102678
vt 0.842301 0.100291
vt 0.842444 0.102692
vt 0.842446 0.102692
vt 0.843166 0.100118
vt 0.843173 0.100121
vt 0.842879 0.102268
vt 0.842906 0.102356
vt 0.842426 0.102774
vt 0.886450 0.559590
vt 0.868220 0.623931
vt 0.868223 0.623916
vt 0.868221 0.623942
vt 0.886720 0.559746
vt 0.886719 0.559744
vt 0.886720 0.559745
vt 0.886721 0.559744
vt 0.820590 0.330282
vt 0.820591 0.330280
vt 0.820590 0.330281
vt 0.834373 0.051521
vt 0.820592 0.330281
vt 0.834370 0.051523
vt 0.869086 0.624428
vt 0.869099 0.624451
vt 0.826586 0.171945
vt 0.814709 0.378300
vt 0.886688 0.662661
vt 0.842263 0.101877
vt 0.842674 0.102552
vt 0.820363 0.268735
vt 0.843672 0.100502
vt 0.826313 0.171942
vt 0.826311 0.171945
vt 0.826313 0.171943
vt 0.820476 0.268210
vt 0.821166 0.332103
vt 0.821166 0.332097
vt 0.821167 0.332101
vt 0.842575 0.100038
vt 0.814625 0.325904
vt 0.842395 0.100338
vt 0.820478 0.268212
vt 0.821217 0.331099
vt 0.821215 0.331105
vt 0.821214 0.331104
vt 0.842962 0.102164
vt 0.826583 0.171922
vt 0.886591 0.662733
vt 0.820445 0.268982
vt 0.821166 0.332105
vt 0.814747 0.379190
vt 0.842776 0.102023
vt 0.842436 0.102694
vt 0.886705 0.662680
vt 0.814726 0.378300
vt 0.843543 0.100821
vt 0.814723 0.377321
vt 0.814724 0.377322
vt 0.814723 0.377323
vt 0.820452 0.268539
vt 0.821164 0.332104
vt 0.821167 0.332100
vt 0.820475 0.268212
vt 0.820275 0.268202
vt 0.820480 0.268210
vt 0.886650 0.662646
vt 0.843707 0.100309
vt 0.842302 0.100292
vt 0.821214 0.331102
vt 0.821215 0.331098
vt 0.821214 0.331101
vt 0.821215 0.330327
vt 0.821215 0.330325
vt 0.821218 0.331099
vt 0.821217 0.331100
vt 0.886568 0.559629
vt 0.886612 0.559722
vt 0.886537 0.559629
vt 0.886630 0.559691
vt 0.886599 0.559691
vt 0.886630 0.559504
vt 0.886599 0.559487
vt 0.886630 0.559473
vt 0.886723 0.559647
vt 0.886630 0.559722
vt 0.886692 0.559629
vt 0.886661 0.559691
vt 0.886648 0.559473
vt 0.886661 0.559504
vt 0.886599 0.559549
vt 0.886599 0.559567
vt 0.886599 0.559504
vt 0.886630 0.559567
vt 0.886630 0.559536
vt 0.886661 0.559522
vt 0.886723 0.559629
vt 0.886661 0.559567
vt 0.886603 0.559660
vt 0.886630 0.559629
vt 0.886599 0.559629
vt 0.886630 0.559660
vt 0.886661 0.559656
vt 0.886661 0.559629
vt 0.886599 0.559602
vt 0.886630 0.559598
vt 0.886657 0.559598
vt 0.820565 0.330762
vt 0.821162 0.332108
vt 0.814710 0.379277
vt 0.814708 0.379280
vt 0.814738 0.379287
vt 0.820482 0.268214
vt 0.820478 0.268220
vt 0.834363 0.051525
vt 0.886825 0.662265
vt 0.814220 0.326854
vt 0.842564 0.102927
vt 0.842692 0.102321
vt 0.842351 0.100104
vt 0.886624 0.662239
vt 0.820500 0.268253
vt 0.842580 0.102641
vt 0.843391 0.101874
vt 0.820574 0.268323
vt 0.820559 0.268227
vt 0.886737 0.662708
vt 0.886787 0.662758
vt 0.820449 0.268365
vt 0.820297 0.268261
vt 0.820295 0.268210
vt 0.868120 0.624213
vt 0.843657 0.100439
s 1
usemtl material
f 13/1/1 21/2/2 20/1/3
f 141/3/4 186/4/5 173/5/6
f 306/6/7 72/7/8 300/8/9
f 306/9/7 300/10/9 278/11/10
f 3/12/11 197/13/12 149/14/13
f 85/15/14 243/15/15 299/16/16
f 37/17/17 4/18/18 8/19/19
f 71/20/20 308/21/21 242/22/22
f 94/23/23 74/24/24 309/25/25
f 242/26/22 259/23/26 154/27/27
f 232/28/28 247/29/29 238/30/30
f 297/31/31 6/32/32 5/33/33
f 339/34/34 235/35/35 228/36/36
f 83/27/37 303/11/38 154/27/27
f 219/27/39 150/27/40 144/14/41
f 135/27/42 283/12/43 107/27/44
f 108/23/45 263/10/46 104/37/47
f 116/38/48 214/39/49 118/40/50
f 120/10/51 187/41/52 198/23/53
f 86/42/54 213/43/55 285/44/56
f 275/45/57 269/46/58 211/47/59
f 323/48/60 41/49/61 277/50/62
f 286/51/63 59/51/64 72/51/8
f 344/52/65 13/1/1 342/53/66
f 270/54/67 106/55/68 271/56/69
f 315/57/70 117/57/71 212/58/72
f 60/59/73 20/60/3 22/61/74
f 284/62/75 176/62/76 82/63/77
f 26/30/78 37/29/17 24/50/79
f 51/64/80 50/65/81 14/53/82
f 279/66/83 274/67/84 99/66/85
f 255/68/86 75/68/87 80/69/88
f 202/70/89 81/71/90 142/72/91
f 77/73/92 87/74/93 91/75/94
f 227/76/95 226/77/96 48/78/97
f 22/61/74 20/60/3 21/79/2
f 18/80/98 250/81/98 252/82/98
f 281/66/99 70/67/100 286/83/63
f 132/68/101 184/69/102 194/66/103
f 153/10/104 188/11/105 102/23/106
f 194/66/103 264/66/107 85/84/14
f 204/12/108 302/85/109 315/12/70
f 188/85/105 257/12/110 94/85/23
f 229/86/111 878/87/112 881/88/113
f 330/89/114 937/90/115 940/91/116
f 22/61/74 58/92/117 60/59/73
f 40/93/118 39/94/119 38/95/120
f 248/96/121 161/97/122 253/98/123
f 57/37/124 104/37/47 263/10/46
f 240/99/125 287/100/126 308/101/21
f 55/102/127 50/95/81 53/103/128
f 381/104/129 434/105/130 90/106/131
f 113/10/132 307/10/133 312/9/134
f 393/50/135 399/50/136 400/50/137
f 368/107/138 115/108/139 220/109/140
f 418/110/141 414/111/142 97/112/143
f 80/10/88 75/113/87 120/10/51
f 193/10/144 93/114/145 99/10/85
f 101/115/146 310/116/147 254/117/148
f 168/118/149 61/118/150 101/38/146
f 40/93/118 324/119/151 322/93/152
f 114/120/153 69/121/154 119/120/155
f 143/3/156 185/122/157 186/4/5
f 141/3/4 175/123/158 189/124/159
f 309/125/25 188/126/105 94/127/23
f 127/128/160 72/129/8 59/130/64
f 33/92/161 46/131/162 36/132/163
f 399/133/164 148/134/165 401/135/166
f 160/136/167 165/137/168 164/138/169
f 36/132/163 49/139/170 225/92/171
f 254/140/148 82/141/77 172/142/172
f 29/143/173 30/144/174 11/145/175
f 126/101/176 311/146/177 136/99/178
f 319/147/179 27/143/180 26/30/78
f 365/148/181 371/149/182 181/150/183
f 94/151/23 170/72/184 62/71/185
f 86/152/54 273/127/186 204/153/108
f 162/72/187 309/25/25 192/154/188
f 201/155/189 72/51/8 144/156/41
f 262/71/190 309/25/25 162/72/187
f 148/157/165 129/158/191 147/159/192
f 250/160/193 248/161/121 246/162/194
f 388/163/195 134/164/196 130/164/197
f 313/126/198 145/165/199 137/166/200
f 69/167/154 67/168/201 79/169/202
f 278/170/10 127/171/160 92/126/203
f 160/136/167 191/172/204 173/173/6
f 19/174/205 88/175/206 304/176/207
f 376/177/208 183/178/209 367/179/210
f 346/180/211 33/92/161 341/181/212
f 965/182/213 351/183/214 353/182/215
f 276/184/216 62/185/185 170/186/184
f 313/187/198 171/188/217 95/189/218
f 198/187/53 74/190/24 120/188/51
f 82/191/77 142/188/91 81/190/90
f 436/192/219 182/193/220 366/194/221
f 277/50/62 40/93/118 322/93/152
f 45/94/222 43/195/223 42/196/224
f 146/197/225 208/198/226 113/199/132
f 284/200/75 108/201/45 176/202/76
f 151/203/227 57/203/124 263/204/46
f 151/203/227 263/204/46 312/205/134
f 270/206/228 882/207/229 275/208/230
f 173/5/6 174/209/231 175/123/158
f 281/57/99 286/210/63 201/211/189
f 49/139/170 44/195/232 48/212/97
f 340/213/233 878/87/112 229/214/111
f 282/215/234 314/204/235 192/216/188
f 88/15/206 214/217/49 304/218/207
f 407/219/236 210/220/237 86/221/54
f 345/222/238 318/29/239 346/180/211
f 149/223/13 273/224/186 210/225/237
f 104/226/47 57/227/124 310/228/147
f 45/94/222 42/196/224 50/95/81
f 5/33/33 289/229/240 297/31/31
f 72/230/8 306/231/7 144/232/41
f 96/230/241 216/233/242 255/231/86
f 730/234/243 943/235/244 732/236/245
f 284/237/75 82/63/77 312/238/134
f 101/239/146 172/240/172 19/174/205
f 198/241/53 195/242/246 206/9/247
f 90/243/131 433/244/248 183/245/209
f 216/246/242 262/247/190 206/58/247
f 34/95/249 36/132/163 54/248/250
f 105/249/251 202/250/89 142/251/91
f 282/201/234 192/252/188 137/166/200
f 215/253/252 66/254/253 133/255/254
f 179/256/255 371/257/182 177/258/256
f 364/95/257 175/123/158 174/209/231
f 102/259/106 249/260/258 265/128/259
f 127/128/160 300/261/9 72/259/8
f 239/29/260 238/30/30 247/29/29
f 171/262/217 262/263/190 162/264/187
f 379/265/261 381/104/129 90/106/131
f 361/266/262 369/267/263 223/268/264
f 199/262/265 184/223/102 98/263/266
f 401/135/166 156/269/267 122/270/268
f 380/271/269 384/272/270 430/273/271
f 316/274/272 193/261/144 214/225/49
f 276/275/216 170/276/184 302/223/109
f 351/183/214 962/277/273 352/278/274
f 383/3/275 140/4/276 386/3/277
f 37/17/17 38/279/120 39/280/119
f 388/163/195 141/3/4 189/124/159
f 308/281/21 135/282/42 107/283/44
f 397/164/278 403/164/279 404/164/280
f 254/220/148 190/281/281 209/284/282
f 67/285/201 65/286/283 79/287/202
f 103/288/284 376/177/208 375/289/285
f 109/290/286 377/291/287 376/177/208
f 158/292/288 143/293/289 390/293/290
f 86/294/54 408/295/291 407/296/236
f 335/236/292 329/234/293 330/89/114
f 254/297/148 310/298/147 190/67/281
f 43/195/223 344/299/65 42/196/224
f 110/300/294 212/83/72 117/67/71
f 340/213/233 231/301/295 230/302/296
f 137/297/200 192/303/188 198/300/53
f 437/304/297 431/305/298 435/306/299
f 116/307/48 102/308/106 316/309/272
f 179/310/255 222/311/300 223/312/264
f 192/303/188 313/313/198 95/314/218
f 430/273/271 385/315/301 437/273/302
f 295/316/303 297/31/31 292/317/304
f 28/92/305 30/144/174 27/143/180
f 160/136/167 173/173/6 186/318/5
f 903/319/306 248/320/307 898/320/308
f 91/75/94 382/321/309 77/73/92
f 159/322/310 185/122/157 155/322/311
f 155/322/311 436/322/219 439/322/312
f 232/28/28 876/323/313 47/94/314
f 387/3/315 140/4/276 141/3/4
f 93/324/145 306/325/7 281/326/99
f 323/48/60 60/59/73 58/92/117
f 76/327/316 114/328/317 374/329/318
f 274/330/84 276/155/216 273/51/186
f 61/331/150 142/221/91 176/332/76
f 84/333/319 426/334/320 425/333/321
f 68/93/322 109/290/286 69/93/154
f 69/335/323 73/336/324 67/337/325
f 906/338/326 727/339/327 909/340/328
f 110/341/294 19/342/205 304/343/207
f 345/222/238 21/79/2 344/299/65
f 7/344/329 38/345/120 8/346/19
f 119/290/155 69/93/154 109/290/286
f 194/347/103 190/348/281 310/116/147
f 57/349/124 151/350/227 111/351/330
f 117/351/71 19/118/205 110/352/294
f 245/353/331 169/354/332 252/355/333
f 138/356/334 81/357/90 121/358/335
f 252/359/333 246/162/194 245/360/331
f 76/327/316 69/335/336 114/328/317
f 361/76/262 224/361/337 225/76/171
f 301/362/338 75/363/87 255/364/86
f 23/322/339 25/147/340 24/50/79
f 110/365/294 3/366/11 213/367/55
f 101/368/146 61/369/150 133/356/254
f 25/147/340 346/180/211 319/147/179
f 223/312/264 360/370/341 361/76/262
f 80/371/88 96/372/241 255/373/86
f 93/374/145 316/375/272 96/376/241
f 941/206/342 322/377/152 938/378/343
f 236/379/344 234/380/345 180/381/346
f 392/382/347 134/164/196 389/163/348
f 280/210/349 63/383/350 142/384/91
f 247/29/29 45/94/222 56/102/351
f 129/102/352 391/102/353 147/102/354
f 144/385/41 96/386/241 219/387/39
f 187/388/52 200/389/355 422/390/356
f 327/89/357 933/391/358 328/392/359
f 153/10/104 257/10/110 188/11/105
f 131/164/360 397/164/278 395/164/361
f 72/14/8 125/12/362 286/27/63
f 116/12/48 118/14/50 94/85/23
f 136/393/178 124/141/363 170/72/184
f 338/394/364 231/301/295 256/395/365
f 60/59/73 321/396/366 20/60/3
f 405/397/367 210/398/237 406/399/368
f 434/400/130 433/244/248 90/243/131
f 158/122/369 389/163/348 155/322/311
f 3/140/11 304/375/207 197/401/12
f 273/401/186 99/16/85 274/142/84
f 158/122/369 155/322/311 185/122/157
f 143/402/289 158/403/288 185/404/370
f 132/405/101 57/171/124 98/406/266
f 292/317/304 294/407/371 293/408/372
f 260/409/373 242/26/22 311/410/177
f 176/411/76 215/412/252 133/413/254
f 109/290/286 100/414/374 119/290/155
f 363/415/375 178/416/376 177/417/256
f 273/412/186 193/418/144 99/419/85
f 39/94/119 24/50/79 37/29/17
f 180/420/346 115/421/139 181/150/183
f 314/422/235 145/423/199 313/424/198
f 268/340/377 886/425/378 883/338/379
f 342/53/66 12/426/380 14/53/82
f 352/278/274 957/427/381 349/428/382
f 241/429/383 256/30/365 237/430/384
f 235/431/35 226/432/96 228/36/36
f 216/433/242 96/434/241 316/435/272
f 171/422/217 313/424/198 137/423/200
f 92/211/203 157/436/385 278/437/10
f 288/438/386 290/439/387 289/229/240
f 61/247/150 176/62/76 133/437/254
f 212/58/72 110/247/294 213/437/55
f 889/338/388 335/236/292 266/91/389
f 262/440/190 171/362/217 198/363/53
f 44/195/232 876/323/313 48/212/97
f 332/441/390 930/90/391 331/236/392
f 53/103/128 51/429/80 52/429/393
f 220/109/140 234/380/345 221/442/394
f 259/171/26 217/443/395 83/444/37
f 108/445/45 284/446/75 263/447/46
f 146/445/225 85/448/14 208/446/226
f 75/449/87 421/450/396 200/366/355
f 150/451/40 62/445/185 276/452/216
f 291/453/397 297/31/31 289/454/240
f 282/455/234 137/456/200 145/451/199
f 127/457/160 59/458/64 92/457/203
f 162/459/187 192/458/188 95/460/218
f 281/456/99 279/461/83 93/462/145
f 299/463/16 243/464/15 208/459/226
f 75/465/87 187/388/52 120/445/51
f 285/367/56 3/23/11 149/466/13
f 5/33/33 6/32/398 4/467/18
f 268/340/377 331/236/392 329/234/293
f 409/468/399 419/469/400 205/470/401
f 70/471/100 281/472/99 278/470/10
f 255/21/86 206/366/247 301/466/338
f 95/473/218 171/474/217 162/21/187
f 31/475/402 32/476/403 29/477/173
f 142/478/91 61/479/150 280/448/349
f 280/448/349 168/451/149 107/480/44
f 74/451/24 80/452/88 120/445/51
f 61/479/150 168/451/149 280/448/349
f 280/448/349 287/481/126 261/390/404
f 180/482/346 369/267/263 236/256/344
f 46/131/162 43/195/223 44/195/232
f 117/455/71 168/451/149 19/465/205
f 18/483/405 253/484/123 161/485/122
f 286/486/63 125/487/362 201/465/189
f 301/300/338 423/488/406 421/489/396
f 138/490/334 126/456/176 136/451/178
f 184/456/102 199/490/265 111/491/330
f 190/67/281 85/492/14 146/493/225
f 315/462/70 259/494/26 117/455/71
f 259/494/26 242/495/22 117/455/71
f 168/451/149 117/455/71 107/480/44
f 107/480/44 117/455/71 308/496/21
f 117/455/71 242/495/22 308/496/21
f 278/495/10 300/458/9 127/457/160
f 213/459/55 204/458/108 212/497/72
f 217/497/395 218/464/407 83/459/37
f 66/464/253 104/498/47 133/463/254
f 372/499/408 366/500/221 182/501/220
f 311/502/177 124/294/363 136/470/178
f 414/503/409 420/504/410 97/505/411
f 172/506/172 81/472/90 136/470/178
f 106/507/98 163/508/98 211/509/98
f 905/182/412 358/510/413 359/182/414
f 258/511/98 336/512/98 269/513/98
f 8/514/19 4/515/18 6/515/398
f 244/516/415 896/517/416 112/518/417
f 334/519/418 889/338/388 266/91/389
f 891/520/419 317/521/420 888/207/421
f 104/522/47 66/523/253 108/524/45
f 23/322/339 22/61/74 21/79/2
f 249/525/258 102/526/106 305/527/422
f 28/92/305 346/180/211 341/181/212
f 321/396/366 2/528/423 20/60/3
f 25/147/340 26/30/78 24/50/79
f 31/529/402 320/529/424 288/438/386
f 72/530/8 201/531/189 125/532/362
f 144/533/41 274/534/84 279/535/83
f 209/536/282 312/537/134 82/538/77
f 240/539/125 308/540/21 298/538/425
f 251/541/98 250/81/98 161/542/98
f 106/507/98 269/513/98 336/512/98
f 169/543/98 18/80/98 252/82/98
f 45/94/222 50/95/81 56/102/351
f 124/544/363 259/174/26 315/545/70
f 111/546/330 264/446/107 184/547/102
f 132/548/101 194/146/103 310/549/147
f 185/550/157 160/136/167 186/318/5
f 260/551/373 311/146/177 207/552/426
f 56/102/351 239/29/260 247/29/29
f 184/326/102 132/325/101 98/553/266
f 312/101/134 307/326/133 151/554/227
f 153/555/104 249/551/258 305/556/422
f 35/95/427 341/181/212 343/95/428
f 144/557/41 279/307/83 201/556/189
f 423/558/406 205/559/429 97/560/411
f 41/49/61 23/322/339 39/94/119
f 257/10/110 305/356/422 116/154/48
f 362/561/430 177/417/256 178/416/376
f 59/562/64 286/174/63 157/563/385
f 232/28/28 238/30/30 256/30/365
f 168/564/149 101/239/146 19/174/205
f 259/174/26 83/565/37 154/564/27
f 203/566/431 280/567/349 107/564/44
f 204/568/108 315/569/70 212/567/72
f 113/570/132 208/571/226 243/372/15
f 2/572/423 40/572/118 38/279/120
f 2/2/423 1/573/432 20/1/3
f 307/574/133 111/575/330 151/576/227
f 936/577/433 277/206/62 941/206/342
f 198/578/53 192/576/188 74/579/24
f 312/580/134 263/579/46 284/576/75
f 273/581/186 276/582/216 204/575/108
f 63/574/350 105/583/251 142/579/91
f 264/547/107 307/574/133 113/584/132
f 197/584/12 193/585/144 273/547/186
f 209/586/282 190/585/281 146/443/225
f 94/587/23 257/588/110 116/586/48
f 135/586/42 196/589/434 283/585/43
f 219/590/39 80/585/88 74/591/24
f 293/408/372 295/316/303 292/317/304
f 272/592/435 893/593/436 271/206/437
f 150/594/40 74/595/24 62/596/185
f 206/596/247 255/597/86 216/594/242
f 376/177/208 368/289/138 375/289/285
f 150/594/40 219/598/39 74/595/24
f 226/77/96 49/77/170 48/78/97
f 31/475/402 11/599/175 10/475/438
f 145/600/199 314/601/235 282/43/234
f 172/601/172 170/602/184 88/44/206
f 170/602/184 94/603/23 118/604/50
f 215/602/252 176/505/76 108/605/45
f 415/606/439 409/607/440 205/445/429
f 256/30/365 52/429/393 51/429/80
f 279/604/83 281/608/99 201/609/189
f 265/325/259 249/609/258 153/610/104
f 287/611/126 196/609/434 135/608/42
f 198/612/53 206/613/247 262/383/190
f 101/614/146 133/615/254 104/616/47
f 306/617/7 278/618/10 281/619/99
f 215/620/252 108/621/45 66/617/253
f 288/438/386 4/467/18 31/529/402
f 215/620/441 17/622/441 108/623/441
f 42/86/224 14/53/82 50/65/81
f 218/624/407 217/625/395 303/626/38
f 314/627/235 313/623/198 192/622/188
f 304/218/207 214/217/49 197/628/12
f 302/627/109 204/622/108 276/629/216
f 157/629/385 70/630/100 278/627/10
f 82/631/77 254/597/148 209/632/282
f 171/633/217 137/629/200 198/632/53
f 107/634/44 196/589/434 203/630/431
f 196/589/434 107/634/44 283/635/43
f 316/634/272 102/636/106 216/246/242
f 16/637/442 228/76/36 227/76/95
f 196/638/434 287/628/126 203/630/431
f 337/639/443 342/53/66 13/1/1
f 231/301/295 229/86/111 232/640/444
f 74/641/24 192/642/188 309/125/25
f 111/643/330 199/644/265 98/645/266
f 265/646/259 153/647/104 102/648/106
f 166/646/445 261/645/404 287/649/126
f 136/650/178 170/651/184 172/647/172
f 216/652/242 102/648/106 188/653/105
f 424/654/446 65/286/283 64/655/446
f 193/153/144 197/127/12 214/656/49
f 92/657/203 59/656/64 157/127/385
f 311/658/177 154/652/27 303/387/38
f 218/659/407 303/387/38 83/660/37
f 287/649/126 135/661/42 308/662/21
f 286/663/63 70/658/100 157/649/385
f 264/664/107 194/665/103 184/666/102
f 366/667/221 183/245/209 432/244/447
f 26/30/78 29/143/173 32/30/403
f 935/668/448 324/669/151 321/670/366
f 238/30/30 237/430/384 256/30/365
f 303/671/38 217/672/395 311/673/177
f 132/674/101 310/675/147 57/676/124
f 111/677/330 98/560/266 57/676/124
f 420/678/410 200/366/355 421/679/396
f 279/680/83 99/681/85 93/645/145
f 316/662/272 93/682/145 193/683/144
f 124/684/363 315/685/70 302/686/109
f 124/684/363 311/40/177 217/687/395
f 209/688/282 146/493/225 113/40/132
f 74/689/24 94/690/23 62/691/185
f 142/692/91 82/493/77 176/693/76
f 302/686/109 170/694/184 124/684/363
f 280/695/349 203/693/431 287/696/126
f 122/270/268 383/697/449 123/698/450
f 85/492/14 299/684/16 208/688/226
f 183/178/209 365/179/181 367/179/210
f 154/699/27 311/700/177 242/688/22
f 420/678/410 423/701/406 97/681/411
f 113/702/132 312/703/134 209/688/282
f 264/704/107 243/705/15 85/706/14
f 152/102/451 395/164/361 394/164/452
f 81/707/90 172/706/172 82/700/77
f 367/708/210 181/709/183 115/710/139
f 15/711/453 256/395/365 51/64/80
f 88/175/206 170/712/184 118/713/50
f 264/704/107 113/702/132 243/705/15
f 934/714/454 328/392/359 933/391/358
f 270/54/67 211/353/59 163/160/455
f 54/248/250 225/92/171 224/92/337
f 341/181/212 34/95/249 343/95/428
f 291/453/397 290/439/387 294/407/371
f 931/670/456 323/425/60 936/577/433
f 321/670/366 931/670/456 935/668/448
f 330/89/114 266/91/389 335/236/292
f 940/91/116 327/89/357 330/89/114
f 266/91/389 328/392/359 334/519/418
f 893/593/436 270/206/228 271/206/437
f 322/377/152 932/391/457 938/378/343
f 334/519/418 332/441/390 333/715/458
f 333/715/458 331/236/392 326/716/459
f 258/717/460 267/718/461 317/719/462
f 258/717/460 272/720/463 336/721/464
f 336/721/464 271/722/69 106/723/68
f 317/521/420 887/425/465 888/207/421
f 890/724/466 333/715/458 892/392/467
f 892/392/467 326/716/459 884/340/468
f 882/207/229 267/725/469 275/208/230
f 51/64/80 12/426/380 15/711/453
f 337/639/443 20/1/3 1/573/432
f 235/35/35 221/726/394 234/727/345
f 344/52/65 14/53/82 42/86/224
f 954/728/470 349/428/382 957/427/381
f 963/729/471 241/730/383 956/731/472
f 355/516/473 349/428/382 357/732/474
f 964/182/475 239/733/260 55/510/127
f 353/182/215 959/734/476 965/182/213
f 55/510/127 960/277/477 964/182/475
f 239/733/260 955/735/478 237/730/384
f 350/736/479 954/728/470 959/734/476
f 353/182/215 354/730/480 359/182/414
f 648/737/481 966/735/482 644/733/483
f 354/730/480 352/278/274 355/516/473
f 960/277/477 52/725/393 963/729/471
f 905/182/412 354/730/480 894/738/484
f 112/518/417 901/377/485 253/320/486
f 356/739/487 900/377/488 357/732/474
f 358/510/413 348/739/489 350/736/479
f 359/182/414 350/736/479 353/182/215
f 356/739/487 349/428/382 348/739/489
f 897/516/490 357/732/474 900/377/488
f 894/738/484 355/516/473 897/516/490
f 904/740/491 244/516/415 245/235/492
f 248/320/307 901/377/485 898/320/308
f 245/235/492 903/319/306 904/740/491
f 902/739/493 356/739/487 358/510/413
f 112/741/494 169/354/332 244/742/495
f 363/499/375 182/501/220 175/123/158
f 370/743/496 223/744/264 369/267/263
f 370/745/496 181/482/183 371/257/182
f 373/746/497 236/747/344 369/267/263
f 373/748/497 225/76/171 49/77/170
f 372/749/408 177/750/256 371/149/182
f 155/322/311 175/123/158 182/501/220
f 379/93/261 79/751/202 382/751/309
f 114/752/153 100/753/374 374/329/498
f 378/754/499 91/75/94 87/74/93
f 377/291/287 90/291/131 183/178/209
f 381/104/129 167/755/500 380/271/269
f 90/291/131 68/93/322 379/93/261
f 123/50/501 386/3/277 139/50/502
f 159/756/310 385/315/301 160/136/167
f 139/50/502 387/3/315 128/164/503
f 155/322/311 182/501/220 436/322/219
f 130/164/197 387/3/315 388/163/195
f 189/124/159 389/163/348 388/163/195
f 391/102/353 393/50/135 396/164/504
f 392/757/505 122/293/268 156/758/267
f 131/164/360 147/102/354 391/102/353
f 383/697/449 390/759/290 143/760/289
f 400/50/137 128/164/503 403/164/279
f 398/164/506 134/164/196 156/147/507
f 396/164/504 131/164/360 391/102/353
f 402/164/508 130/164/197 134/164/196
f 395/164/361 404/164/280 402/164/508
f 394/164/452 402/164/508 398/164/506
f 393/50/135 403/164/279 396/164/504
f 404/164/280 128/164/503 130/164/197
f 394/761/509 401/135/166 148/761/165
f 123/762/450 401/135/166 122/763/268
f 139/50/502 399/50/136 123/50/501
f 140/4/276 143/3/156 186/4/5
f 68/93/322 69/93/154 79/751/202
f 148/157/165 152/761/510 394/761/509
f 392/757/505 158/292/288 390/293/290
f 406/399/368 408/295/291 405/764/367
f 149/376/13 408/765/291 285/140/56
f 409/766/511 97/560/512 205/559/512
f 195/767/246 301/300/338 206/768/247
f 414/111/142 416/769/513 409/468/399
f 411/770/514 413/771/515 412/772/516
f 412/772/516 420/773/410 411/770/514
f 413/771/515 414/774/409 409/775/440
f 417/776/517 419/469/400 416/769/513
f 419/469/400 97/112/143 205/559/401
f 409/607/440 412/777/516 413/778/515
f 411/779/514 414/503/409 410/780/518
f 187/781/52 423/782/406 195/242/246
f 200/71/355 205/13/429 422/783/356
f 78/334/519 429/784/520 427/334/521
f 65/286/283 78/785/522 79/287/202
f 382/786/309 78/785/522 77/787/92
f 427/788/521 425/789/321 426/788/320
f 428/790/523 427/788/521 429/791/520
f 78/334/519 426/334/320 77/334/524
f 183/245/209 433/244/248 432/244/447
f 165/137/168 430/273/271 384/272/270
f 89/792/525 431/305/298 432/793/447
f 89/792/525 433/794/248 434/792/130
f 89/792/525 435/306/299 431/305/298
f 89/792/525 432/793/447 433/794/248
f 89/792/525 434/792/130 435/306/299
f 436/305/219 432/793/447 431/305/298
f 159/322/310 155/322/311 439/322/312
f 437/273/302 159/756/310 439/795/312
f 439/796/526 436/305/219 431/305/298
f 437/273/302 438/797/527 430/273/271
f 380/271/269 438/797/527 434/105/130
f 438/306/528 437/304/297 435/306/299
f 65/798/529 73/336/324 64/799/530
f 445/1/531 450/1/532 451/2/533
f 560/3/534 600/4/535 559/4/536
f 708/6/537 702/8/538 497/7/539
f 708/9/537 685/11/540 702/10/538
f 441/12/541 568/14/542 610/13/543
f 507/15/544 701/16/545 650/15/546
f 464/17/547 442/18/548 461/476/549
f 496/20/550 710/21/551 700/366/552
f 515/23/553 711/25/554 498/24/555
f 649/26/556 573/27/557 666/23/558
f 654/29/559 640/28/560 645/800/561
f 699/31/562 6/32/32 296/801/563
f 642/35/564 339/34/34 637/36/565
f 506/27/566 573/27/557 705/11/567
f 632/27/568 563/14/569 569/27/570
f 554/27/571 526/27/572 690/12/573
f 527/23/574 523/37/575 670/10/576
f 627/39/577 535/38/578 537/40/579
f 539/10/580 611/23/581 601/41/582
f 626/43/583 508/42/584 692/44/585
f 682/45/586 676/46/587 674/802/588
f 468/49/589 724/48/590 684/50/591
f 693/51/592 497/51/539 485/51/593
f 740/52/594 445/1/531 451/2/533
f 525/55/595 677/54/596 678/56/597
f 717/57/598 625/58/599 536/57/600
f 486/59/601 452/61/602 450/60/532
f 691/62/603 505/63/604 591/62/605
f 464/29/547 456/30/606 454/50/607
f 478/64/608 446/53/609 477/65/610
f 686/66/611 520/66/612 681/67/613
f 662/68/614 503/69/615 499/68/616
f 615/70/617 504/71/618 540/803/619
f 87/74/93 500/73/620 512/75/621
f 635/77/622 636/76/623 475/78/624
f 452/61/602 451/79/533 450/60/532
f 657/81/98 448/80/98 659/82/98
f 688/66/625 693/83/592 495/67/626
f 551/68/627 607/66/628 598/69/629
f 572/10/630 522/23/631 602/11/632
f 607/66/628 507/84/544 671/66/633
f 617/12/634 717/12/598 704/85/635
f 602/85/632 515/85/553 664/12/636
f 638/86/637 640/640/638 875/88/639
f 948/91/640 731/89/641 953/91/642
f 452/61/602 484/92/643 453/322/644
f 466/94/645 467/93/646 465/95/647
f 580/97/648 655/96/649 660/98/650
f 483/37/651 670/10/576 523/37/575
f 647/99/652 694/100/653 583/804/654
f 477/95/610 481/102/655 480/103/656
f 817/105/657 769/104/658 511/106/659
f 532/10/660 714/9/661 709/10/662
f 786/50/663 780/50/664 787/50/665
f 368/107/138 534/108/666 759/805/667
f 801/111/668 805/110/669 518/112/670
f 503/10/615 539/10/580 499/113/616
f 606/10/671 520/10/612 514/114/672
f 521/115/673 712/116/674 523/806/575
f 584/118/675 521/38/673 487/118/676
f 467/93/646 725/119/677 440/528/678
f 533/120/679 538/120/680 494/121/681
f 562/3/682 600/4/535 599/122/683
f 590/123/684 560/3/534 603/124/685
f 711/125/554 602/126/632 669/170/686
f 546/128/687 485/130/593 497/129/539
f 473/131/688 462/92/689 463/132/690
f 567/134/691 786/133/692 788/135/693
f 579/136/694 165/137/168 772/315/695
f 476/139/696 463/132/690 634/92/697
f 661/140/698 588/142/699 505/141/604
f 459/143/700 30/144/174 457/143/701
f 713/146/702 545/101/703 555/99/704
f 457/143/701 721/147/705 456/30/606
f 762/149/706 757/148/707 595/150/708
f 515/151/553 488/71/709 586/72/710
f 680/127/711 508/152/584 617/153/634
f 581/72/712 605/154/713 711/25/554
f 614/155/714 563/156/569 497/51/539
f 669/71/686 581/72/712 711/25/554
f 567/157/691 566/159/715 548/158/716
f 655/161/649 657/160/717 653/162/718
f 775/163/719 553/164/720 776/163/721
f 715/126/722 556/166/723 564/165/724
f 494/167/681 502/169/725 492/168/726
f 685/170/540 513/126/727 546/171/687
f 191/172/204 579/136/694 589/173/728
f 449/174/729 509/175/730 588/706/699
f 765/177/731 597/178/732 766/291/733
f 462/92/689 742/180/734 738/181/735
f 683/184/736 586/186/710 488/185/709
f 715/187/722 516/189/737 587/188/738
f 611/187/581 539/188/580 498/190/555
f 505/191/604 504/190/618 561/188/739
f 758/807/740 596/808/741 819/809/742
f 467/93/646 684/50/591 723/93/743
f 472/94/744 470/195/745 471/195/746
f 565/197/747 532/199/660 621/198/748
f 691/200/603 591/202/605 527/201/574
f 570/203/749 670/204/576 483/203/651
f 570/203/749 714/205/661 670/204/576
f 677/206/750 907/207/751 908/810/752
f 174/209/231 589/5/728 590/123/684
f 688/57/625 614/211/714 693/210/592
f 471/195/746 476/139/696 475/212/624
f 879/86/753 340/213/233 638/214/637
f 689/215/754 605/216/713 716/204/755
f 627/217/577 509/15/730 706/218/756
f 623/220/757 794/219/758 508/221/584
f 741/222/759 720/29/760 470/195/745
f 680/224/711 568/223/542 623/225/757
f 523/226/575 712/228/674 483/227/651
f 472/94/744 477/95/610 469/196/761
f 443/33/762 696/229/763 695/438/764
f 497/230/539 563/232/569 708/231/537
f 517/230/765 662/231/614 629/233/766
f 691/237/603 714/238/661 505/63/604
f 588/240/699 521/239/673 449/174/729
f 611/241/581 608/242/767 601/781/582
f 511/811/659 597/812/732 816/813/768
f 629/246/766 669/247/686 602/814/632
f 463/132/690 34/95/249 54/248/250
f 524/249/769 561/251/739 615/250/617
f 689/201/754 556/166/723 605/252/713
f 628/253/770 552/255/771 491/254/772
f 593/256/773 762/257/706 761/745/774
f 364/95/257 590/123/684 756/499/775
f 522/259/631 672/128/776 656/260/777
f 546/128/687 497/259/539 702/261/538
f 646/29/778 645/800/561 644/430/483
f 587/262/738 581/264/712 669/263/686
f 769/104/658 767/265/779 511/106/659
f 755/266/780 760/267/781 764/746/782
f 612/262/783 519/263/784 598/223/629
f 788/135/693 575/269/785 785/815/786
f 768/271/787 384/272/270 167/755/500
f 718/274/788 627/225/577 606/261/671
f 683/275/736 704/223/635 586/276/710
f 975/277/789 746/183/790 747/278/791
f 559/4/536 771/3/792 773/3/793
f 465/279/647 464/17/547 466/280/645
f 775/163/719 560/3/534 774/3/794
f 710/281/551 526/283/572 554/282/571
f 790/164/795 784/164/796 791/164/797
f 661/220/698 622/284/798 604/281/799
f 492/285/726 502/287/725 490/286/800
f 103/288/284 765/177/731 528/290/801
f 528/290/801 766/291/733 493/93/802
f 577/292/803 777/293/804 562/293/805
f 508/294/584 795/295/806 692/816/585
f 730/234/243 736/817/807 731/89/641
f 661/297/698 604/67/799 712/298/674
f 470/195/745 740/299/594 741/222/759
f 529/300/808 536/67/600 625/83/599
f 639/301/809 340/213/233 230/302/296
f 556/297/723 611/300/581 605/303/713
f 814/818/810 820/819/811 818/820/812
f 535/307/578 522/308/631 707/821/813
f 593/310/773 222/311/300 362/561/430
f 605/303/713 516/314/737 715/313/722
f 813/273/814 820/273/815 772/315/695
f 295/316/303 699/31/562 296/801/563
f 30/144/174 458/92/816 457/143/701
f 579/136/694 600/318/535 589/173/728
f 753/510/817 928/182/818 754/182/819
f 512/75/621 770/321/820 767/265/779
f 578/322/821 574/322/822 599/122/683
f 574/322/822 822/322/823 819/322/742
f 877/212/824 640/28/560 474/94/825
f 774/3/794 559/4/536 773/3/793
f 708/325/537 514/324/672 688/326/625
f 724/48/590 486/59/601 726/822/826
f 76/327/316 374/329/318 533/328/827
f 683/155/736 681/330/613 680/51/711
f 487/331/676 591/332/605 561/221/739
f 84/333/319 811/334/828 500/334/829
f 493/93/802 494/93/681 528/290/801
f 73/336/324 494/335/830 492/337/831
f 529/341/808 706/343/756 449/342/729
f 741/222/759 451/79/533 455/147/832
f 7/344/329 465/345/647 9/345/833
f 538/290/680 528/290/801 494/93/681
f 607/347/628 712/116/674 604/348/799
f 483/349/651 530/351/834 570/350/749
f 536/351/600 529/352/808 449/118/729
f 652/353/835 585/354/836 651/823/837
f 504/357/618 557/356/838 540/358/619
f 653/162/718 659/359/839 652/360/835
f 76/327/316 533/328/827 494/335/840
f 755/76/780 224/361/337 360/370/341
f 703/362/841 662/364/614 499/363/616
f 453/322/644 455/147/832 451/79/533
f 441/366/541 529/365/808 626/367/583
f 521/368/673 552/356/771 487/369/676
f 455/147/832 742/180/734 741/222/759
f 633/312/842 360/370/341 222/311/300
f 517/372/765 503/371/615 662/373/614
f 514/374/672 517/376/765 718/375/788
f 952/206/843 723/377/743 684/206/591
f 643/379/844 641/380/845 642/824/564
f 553/164/720 779/382/846 776/163/721
f 489/383/847 687/210/848 561/384/739
f 472/94/744 654/29/559 482/102/849
f 778/102/850 548/102/851 566/102/852
f 563/385/569 517/386/765 708/526/537
f 613/389/853 601/388/582 809/390/854
f 944/391/855 728/89/856 729/392/857
f 572/10/630 602/11/632 664/10/636
f 550/164/858 782/164/859 784/164/796
f 497/14/539 693/27/592 544/12/860
f 535/12/578 515/85/553 537/14/579
f 555/393/704 586/72/710 543/141/861
f 639/301/809 338/394/364 663/395/862
f 486/59/601 722/396/863 726/822/826
f 623/398/757 792/397/864 793/399/865
f 817/825/657 511/811/659 816/813/768
f 577/122/866 776/163/721 779/382/846
f 441/140/541 610/401/543 706/375/756
f 680/401/711 681/142/613 520/16/612
f 577/122/866 599/122/683 574/322/822
f 562/402/805 599/404/867 577/403/803
f 551/405/627 519/406/784 483/171/651
f 698/317/868 294/407/371 697/453/869
f 667/409/870 649/26/556 496/114/550
f 591/411/605 552/413/771 628/412/770
f 100/414/374 528/290/801 538/290/680
f 178/416/376 756/415/775 592/417/871
f 680/412/711 520/419/612 606/418/671
f 454/50/607 466/94/645 464/29/547
f 594/420/872 534/421/666 641/380/845
f 716/422/755 715/424/722 564/423/724
f 907/207/751 674/714/873 910/425/874
f 739/53/875 12/426/380 347/826/876
f 747/278/791 968/427/877 975/277/789
f 648/429/481 644/430/483 663/800/862
f 642/431/564 635/432/622 643/256/844
f 629/433/766 718/435/788 517/434/765
f 587/422/738 556/423/723 715/424/722
f 513/211/727 685/437/540 576/436/878
f 695/438/764 290/439/387 320/529/424
f 487/247/676 552/437/771 591/62/605
f 625/58/599 626/437/583 529/247/808
f 736/817/807 912/338/879 673/91/880
f 669/440/686 611/363/581 587/362/738
f 471/195/746 877/212/824 472/94/744
f 943/235/244 733/441/881 732/236/245
f 480/103/656 478/429/608 477/95/610
f 220/109/140 641/380/845 534/421/666
f 630/443/882 666/171/558 506/444/566
f 527/445/574 670/447/576 691/446/603
f 565/445/747 621/446/748 507/448/544
f 499/449/616 808/450/883 703/827/841
f 569/451/570 683/452/736 488/445/709
f 697/453/869 699/31/562 698/317/868
f 689/455/754 564/451/724 556/456/723
f 546/457/687 513/457/727 485/458/593
f 581/459/712 516/460/737 605/458/713
f 688/456/625 514/462/672 686/461/611
f 701/463/545 621/459/748 650/464/546
f 499/465/616 539/445/580 601/388/582
f 692/367/585 441/23/541 626/828/583
f 443/33/762 442/467/548 6/32/398
f 675/206/884 732/236/245 727/339/327
f 796/468/885 806/469/886 803/769/887
f 495/471/626 685/470/540 688/472/625
f 662/21/614 703/466/841 619/366/888
f 516/473/737 581/21/712 587/474/738
f 460/475/889 461/476/549 442/18/548
f 561/478/739 687/448/848 487/479/676
f 687/448/848 526/480/572 584/451/675
f 498/451/555 539/445/580 503/452/615
f 487/479/676 687/448/848 584/451/675
f 687/448/848 668/390/890 694/481/653
f 594/482/872 760/267/781 761/743/774
f 473/131/688 470/195/745 720/29/760
f 536/455/600 449/465/729 584/451/675
f 448/483/891 660/484/650 531/829/892
f 693/486/592 614/465/714 544/487/860
f 703/300/841 810/488/893 608/767/767
f 557/490/838 555/451/704 545/456/703
f 598/456/629 530/491/834 612/490/783
f 507/492/544 604/67/799 565/493/747
f 717/462/598 536/455/600 666/494/558
f 666/494/558 536/455/600 649/495/556
f 584/451/675 526/480/572 536/455/600
f 526/480/572 710/496/551 536/455/600
f 536/455/600 710/496/551 649/495/556
f 685/495/540 546/457/687 702/458/538
f 626/459/583 625/497/599 617/458/634
f 630/497/882 506/459/566 631/464/894
f 491/464/772 552/463/771 523/498/575
f 758/500/740 763/499/895 596/501/741
f 713/502/702 555/470/704 543/294/861
f 801/503/896 518/505/897 807/504/898
f 588/506/699 555/470/704 504/472/618
f 525/507/98 624/509/98 582/508/98
f 751/739/899 927/319/900 753/510/817
f 665/511/98 676/513/98 737/512/98
f 444/514/901 7/514/329 6/515/398
f 921/517/902 651/516/903 531/518/904
f 912/338/879 735/519/905 673/91/880
f 719/521/906 914/520/907 913/207/908
f 523/522/575 527/524/574 491/523/772
f 453/322/644 451/79/533 452/61/602
f 656/525/777 707/527/813 522/526/631
f 458/92/816 742/180/734 721/147/705
f 722/396/863 440/528/678 725/119/677
f 455/147/832 456/30/606 721/147/705
f 460/529/889 320/529/424 10/830/438
f 497/530/539 544/532/860 614/531/714
f 563/533/569 681/534/613 569/831/570
f 622/536/798 505/538/604 714/537/661
f 647/539/652 700/538/552 710/540/551
f 658/541/98 580/542/98 657/81/98
f 676/513/98 525/507/98 737/512/98
f 585/543/98 659/82/98 448/80/98
f 472/94/744 482/102/849 477/95/610
f 543/544/861 717/545/598 666/174/558
f 671/446/633 530/546/834 598/547/629
f 551/548/627 712/549/674 607/146/628
f 599/550/683 579/136/694 578/756/821
f 667/551/870 620/552/909 713/146/702
f 646/29/778 482/102/849 654/29/559
f 598/326/629 519/553/784 551/325/627
f 714/101/661 570/554/749 709/326/662
f 572/555/630 707/556/813 656/551/777
f 35/95/427 738/181/735 458/92/816
f 563/557/569 614/556/714 686/307/611
f 618/559/910 810/558/893 518/560/897
f 468/49/589 453/322/644 484/92/643
f 664/10/636 707/356/813 572/10/630
f 592/417/871 362/561/430 178/416/376
f 485/562/593 576/563/878 693/174/592
f 640/832/638 639/833/809 663/834/862
f 584/564/675 449/174/729 521/239/673
f 666/174/558 573/564/557 506/565/566
f 616/566/911 526/564/572 687/567/848
f 617/568/634 625/567/599 717/569/598
f 532/570/660 650/372/546 621/571/748
f 465/279/647 467/572/646 440/572/678
f 1/573/432 440/2/678 450/1/532
f 709/574/662 570/576/749 530/575/834
f 949/577/912 684/206/591 724/425/590
f 611/578/581 498/579/555 605/576/713
f 714/580/661 691/576/603 670/579/576
f 680/581/711 617/575/634 683/582/736
f 489/574/847 561/579/739 524/583/769
f 671/547/633 532/584/660 709/574/662
f 610/584/543 680/547/711 606/585/671
f 622/586/798 565/443/747 604/585/799
f 515/587/553 535/586/578 664/588/636
f 554/586/571 690/585/573 609/589/913
f 632/590/568 498/591/555 503/585/615
f 293/408/372 698/317/868 295/316/303
f 679/592/914 916/593/915 914/520/907
f 569/594/570 488/596/709 498/595/555
f 619/596/888 629/594/766 662/597/614
f 368/289/138 765/177/731 375/289/285
f 569/594/570 498/595/555 632/598/568
f 635/77/622 476/77/696 764/748/782
f 460/475/889 11/599/175 459/477/700
f 564/600/724 689/43/754 716/601/755
f 588/601/699 509/44/730 586/602/710
f 586/602/710 537/604/579 515/603/553
f 628/602/770 527/605/574 591/505/605
f 802/606/916 618/445/910 796/607/917
f 663/800/862 479/429/918 648/429/481
f 686/604/611 614/609/714 688/608/625
f 672/325/776 572/610/630 656/609/777
f 694/611/653 554/608/571 609/609/913
f 611/612/581 669/383/686 619/613/888
f 521/614/673 523/616/575 552/615/771
f 708/617/537 688/619/625 685/618/540
f 628/620/770 491/617/772 527/621/574
f 442/467/548 695/438/764 460/529/889
f 628/620/919 527/623/919 447/622/919
f 469/86/761 477/65/610 446/53/609
f 631/624/894 705/626/567 630/625/882
f 716/627/755 605/622/713 715/623/722
f 706/218/756 610/628/543 627/217/577
f 704/627/635 683/629/736 617/622/634
f 576/629/878 685/627/540 495/630/626
f 505/631/604 622/632/798 661/597/698
f 587/633/738 611/632/581 556/629/723
f 526/634/572 616/630/911 609/589/913
f 609/589/913 690/635/573 526/634/572
f 718/634/788 629/246/766 522/636/631
f 16/637/442 637/76/565 339/835/34
f 609/638/913 616/630/911 694/628/653
f 739/53/875 337/639/443 445/1/531
f 639/301/809 640/640/638 638/86/637
f 498/641/555 711/125/554 605/642/713
f 530/643/834 519/645/784 612/644/783
f 672/646/776 522/648/631 572/647/630
f 583/646/654 694/649/653 668/645/890
f 555/650/704 588/647/699 586/651/710
f 629/652/766 602/653/632 522/648/631
f 424/654/446 490/286/800 501/785/920
f 606/153/671 627/656/577 610/127/543
f 513/657/727 576/127/878 485/656/593
f 713/658/702 705/387/567 573/652/557
f 631/659/894 506/660/566 705/387/567
f 694/649/653 710/662/551 554/661/571
f 693/663/592 576/649/878 495/658/626
f 671/664/633 598/666/629 607/665/628
f 758/836/740 815/837/921 597/812/732
f 456/30/606 459/143/700 457/143/701
f 946/668/922 725/669/677 945/391/923
f 645/800/561 663/800/862 644/430/483
f 705/671/567 713/673/702 630/672/882
f 551/674/627 483/676/651 712/675/674
f 530/677/834 483/676/651 519/560/784
f 807/678/898 613/366/853 802/606/916
f 686/680/611 514/645/672 520/681/612
f 718/662/788 606/683/671 514/682/672
f 543/684/861 704/686/635 717/685/598
f 543/684/861 630/687/882 713/40/702
f 622/688/798 532/40/660 565/493/747
f 498/689/555 488/691/709 515/690/553
f 561/692/739 591/693/605 505/493/604
f 704/686/635 543/684/861 586/694/710
f 687/695/848 694/696/653 616/693/911
f 541/270/924 771/697/925 777/759/804
f 507/492/544 621/688/748 701/684/545
f 597/178/732 757/179/707 758/500/740
f 573/699/557 649/688/556 713/700/702
f 810/701/893 807/678/898 518/681/897
f 532/702/660 622/688/798 714/703/661
f 671/704/633 507/706/544 650/705/546
f 571/102/926 782/164/859 550/164/858
f 504/707/618 505/700/604 588/706/699
f 595/709/708 759/708/667 534/710/666
f 15/711/453 663/395/862 338/394/364
f 509/175/730 537/713/579 586/712/710
f 671/704/633 650/705/546 532/702/660
f 947/714/927 729/392/857 733/441/881
f 624/353/928 677/54/596 582/160/929
f 634/92/697 54/248/250 224/92/337
f 34/95/249 738/181/735 343/95/428
f 697/453/869 290/439/387 696/229/763
f 723/377/743 945/391/923 725/669/677
f 724/425/590 942/670/930 949/577/912
f 673/91/880 731/89/641 736/817/807
f 728/89/856 953/91/642 731/89/641
f 729/392/857 673/91/880 735/519/905
f 675/206/884 911/425/931 736/817/807
f 722/670/863 942/670/930 726/838/826
f 733/441/881 735/519/905 734/715/932
f 732/236/245 734/715/932 727/339/327
f 674/718/588 665/717/933 719/719/934
f 679/720/935 665/717/933 737/721/936
f 678/722/597 737/721/936 525/723/595
f 910/425/874 719/521/906 913/207/908
f 915/724/937 734/715/932 735/519/905
f 917/392/938 727/339/327 734/715/932
f 677/206/750 916/593/915 678/206/939
f 12/426/380 478/64/608 15/711/453
f 337/639/443 450/1/532 445/1/531
f 642/35/564 221/726/394 233/839/940
f 446/53/609 740/52/594 469/86/761
f 967/728/941 744/428/942 743/739/943
f 646/840/778 966/735/482 971/278/944
f 750/516/945 744/428/942 747/278/791
f 646/840/778 977/182/946 481/510/655
f 970/734/947 748/182/948 976/182/949
f 973/277/950 481/510/655 977/182/946
f 967/728/941 745/736/951 970/734/947
f 974/729/952 648/737/481 479/725/918
f 749/730/953 748/182/948 754/182/819
f 479/725/918 973/277/950 974/729/952
f 747/278/791 749/730/953 750/516/945
f 746/183/790 976/182/949 748/182/948
f 531/518/904 924/377/954 921/517/902
f 651/516/903 929/740/955 652/235/956
f 751/739/899 925/377/957 922/320/958
f 743/739/943 753/510/817 745/736/951
f 745/736/951 754/182/819 748/182/948
f 744/428/942 751/739/899 743/739/943
f 920/516/959 752/732/960 750/516/945
f 750/516/945 919/738/961 920/516/959
f 928/182/818 749/730/953 754/182/819
f 924/377/954 655/320/962 923/320/963
f 926/319/964 652/235/956 929/740/955
f 926/319/964 655/320/962 653/320/965
f 531/741/892 585/354/836 448/841/891
f 756/499/775 596/501/741 763/499/895
f 633/744/842 761/743/774 760/267/781
f 595/482/708 761/745/774 762/257/706
f 643/747/844 764/746/782 760/267/781
f 764/748/782 634/76/697 755/76/780
f 592/750/871 763/749/895 762/149/706
f 574/322/822 590/123/684 603/124/685
f 502/751/725 767/93/779 770/751/820
f 100/753/374 533/752/679 374/329/498
f 378/754/499 512/75/621 769/104/658
f 766/291/733 597/178/732 511/291/659
f 167/755/500 769/104/658 768/271/787
f 493/93/802 511/291/659 767/93/779
f 773/3/793 542/50/966 558/50/967
f 578/756/821 579/136/694 772/315/695
f 774/3/794 558/50/967 547/164/968
f 574/322/822 819/322/742 596/501/741
f 549/164/969 774/3/794 547/164/968
f 603/124/685 776/163/721 574/322/822
f 778/102/850 783/164/970 780/50/664
f 779/757/971 541/293/924 777/293/804
f 566/102/852 550/164/858 778/102/850
f 771/697/925 562/760/805 777/759/804
f 547/164/968 787/50/665 790/164/795
f 785/164/972 553/164/720 789/164/973
f 783/164/970 550/164/858 784/164/796
f 789/164/973 549/164/969 791/164/797
f 782/164/859 791/164/797 784/164/796
f 781/164/974 789/164/973 782/164/859
f 790/164/795 780/50/664 783/164/970
f 547/164/968 791/164/797 549/164/969
f 788/135/693 781/761/975 567/761/691
f 788/135/693 542/762/976 541/763/924
f 558/50/967 786/50/663 787/50/665
f 559/4/536 600/4/535 562/3/682
f 493/93/802 502/751/725 494/93/681
f 567/157/691 571/761/977 566/159/715
f 779/757/971 777/293/804 577/292/803
f 795/295/806 793/399/865 792/764/864
f 795/765/806 568/376/542 692/140/585
f 796/766/978 518/560/979 801/842/979
f 608/767/767 619/768/888 703/300/841
f 801/111/668 803/769/887 804/776/980
f 800/771/981 798/770/982 799/772/983
f 807/773/898 799/772/983 798/770/982
f 800/771/981 801/774/896 797/843/984
f 806/469/886 804/776/980 803/769/887
f 806/469/886 518/112/670 805/110/669
f 796/607/917 799/777/983 802/606/916
f 801/503/896 798/779/982 797/780/984
f 810/782/893 601/781/582 608/242/767
f 613/71/853 618/13/910 802/42/916
f 501/334/985 429/784/520 424/784/986
f 490/286/800 502/287/725 501/785/920
f 501/785/920 770/786/820 500/787/620
f 425/789/321 812/788/987 811/788/828
f 428/790/523 429/791/520 812/788/987
f 811/334/828 501/334/985 500/334/829
f 597/812/732 815/837/921 816/813/768
f 813/273/814 165/137/168 384/272/270
f 510/844/988 815/845/921 814/818/810
f 510/844/988 817/844/657 816/846/768
f 510/847/988 814/848/810 818/847/812
f 510/844/988 816/846/768 815/845/921
f 510/844/988 818/820/812 817/844/657
f 819/849/742 814/818/810 815/845/921
f 578/322/821 822/322/823 574/322/822
f 578/756/821 820/273/815 822/795/823
f 822/850/989 814/818/810 819/849/742
f 820/273/815 813/273/814 821/797/990
f 768/271/787 821/797/990 813/273/814
f 818/820/812 820/819/811 821/820/991
f 490/798/992 73/336/324 492/337/831
f 832/851/993 823/852/994 828/853/995
f 838/854/996 823/852/994 836/855/997
f 827/856/998 823/857/994 826/858/999
f 838/854/996 824/859/1000 826/860/999
f 837/861/1001 824/859/1000 839/862/1002
f 827/856/998 824/863/1000 825/864/1003
f 832/851/993 829/865/1004 842/866/1005
f 827/856/998 829/865/1004 828/867/995
f 845/868/1006 829/865/1004 831/869/1007
f 837/861/1001 830/870/1008 825/871/1003
f 845/868/1006 830/870/1008 848/872/1009
f 827/856/998 830/870/1008 831/869/1007
f 832/851/993 834/873/1010 836/855/997
f 833/874/1011 834/873/1010 844/875/1012
f 838/854/996 834/873/1010 835/876/1013
f 837/861/1001 840/877/1014 841/878/1015
f 838/854/996 840/877/1014 839/862/1002
f 833/874/1011 840/877/1014 835/876/1013
f 832/851/993 843/879/1016 844/875/1012
f 845/868/1006 843/879/1016 842/866/1005
f 833/874/1011 843/879/1016 847/880/1017
f 837/861/1001 846/881/1018 848/872/1009
f 833/874/1011 846/881/1018 841/878/1015
f 845/868/1006 846/881/1018 847/880/1017
f 858/851/1019 849/852/1020 862/855/1021
f 864/854/1022 849/852/1020 852/860/1023
f 853/856/1024 849/857/1020 854/867/1025
f 864/854/1022 850/859/1026 865/862/1027
f 863/861/1028 850/859/1026 851/871/1029
f 853/856/1024 850/863/1026 852/858/1023
f 858/851/1019 855/865/1030 854/853/1025
f 853/856/1024 855/865/1030 857/869/1031
f 871/868/1032 855/865/1030 868/866/1033
f 863/861/1028 856/870/1034 874/872/1035
f 871/868/1032 856/870/1034 857/869/1031
f 853/856/1024 856/870/1034 851/864/1029
f 858/851/1019 860/873/1036 870/875/1037
f 859/874/1038 860/873/1036 861/876/1039
f 864/854/1022 860/873/1036 862/855/1021
f 863/861/1028 866/877/1040 865/862/1027
f 864/854/1022 866/877/1040 861/876/1039
f 859/874/1038 866/877/1040 867/878/1041
f 858/851/1019 869/879/1042 868/866/1033
f 871/868/1032 869/879/1042 873/880/1043
f 859/874/1038 869/879/1042 870/875/1037
f 863/861/1028 872/881/1044 867/878/1041
f 859/874/1038 872/881/1044 873/880/1043
f 871/868/1032 872/881/1044 874/872/1035
f 434/792/130 438/306/528 435/306/299
f 432/244/447 436/882/219 366/667/221
f 817/844/657 818/820/812 821/820/991
f 815/837/921 758/836/740 819/883/742
f 232/640/444 229/86/111 881/88/113
f 881/88/113 878/87/112 227/884/1045
f 876/323/313 227/414/95 48/212/97
f 472/94/744 877/212/824 474/94/825
f 878/87/112 16/884/1046 227/884/1045
f 877/212/824 636/414/623 875/414/1047
f 879/86/753 875/88/639 636/884/1048
f 879/86/753 16/884/1046 880/885/1049
f 876/323/313 45/94/222 47/94/314
f 879/86/753 638/86/637 875/88/639
f 9/345/833 465/345/647 440/886/678
f 9/345/833 2/886/423 38/345/120
f 442/515/548 444/514/901 6/515/398
f 7/514/329 8/514/19 6/515/398
f 231/833/295 232/832/444 256/834/365
f 645/800/561 640/28/560 663/800/862
f 887/425/465 883/338/379 886/425/378
f 888/207/421 890/724/466 891/520/419
f 888/207/421 886/425/378 889/338/388
f 892/392/467 891/520/419 890/724/466
f 884/340/468 893/593/436 892/392/467
f 884/340/468 882/207/229 885/810/1050
f 900/377/488 896/517/416 897/516/490
f 905/182/412 895/887/1051 904/740/491
f 897/516/490 895/887/1051 894/738/484
f 903/319/306 899/320/1052 902/739/493
f 904/740/491 902/739/493 905/182/412
f 898/320/308 900/377/488 899/320/1052
f 906/338/326 910/425/874 911/425/931
f 915/724/937 913/207/908 914/520/907
f 911/425/931 913/207/908 912/338/879
f 914/520/907 917/392/938 915/724/937
f 916/593/915 909/340/328 917/392/938
f 907/207/751 909/340/328 908/810/752
f 921/517/902 925/377/957 920/516/959
f 918/887/1053 928/182/818 929/740/955
f 918/887/1053 920/516/959 919/738/961
f 922/320/958 926/319/964 927/319/900
f 927/319/900 929/740/955 928/182/818
f 925/377/957 923/320/963 922/320/958
f 326/716/459 883/338/379 884/340/468
f 939/91/1054 941/206/342 938/378/343
f 939/91/1054 932/391/457 933/391/358
f 936/577/433 930/90/391 931/670/456
f 935/668/448 930/90/391 934/714/454
f 934/714/454 932/391/457 935/668/448
f 937/90/115 941/206/342 940/91/116
f 952/206/843 950/91/1055 951/378/1056
f 945/391/923 950/91/1055 944/391/855
f 943/235/244 949/577/912 942/670/930
f 943/235/244 946/668/922 947/714/927
f 945/391/923 947/714/927 946/668/922
f 952/206/843 948/91/640 953/91/642
f 329/234/293 930/90/391 937/90/115
f 954/728/470 958/278/1057 959/734/476
f 956/731/472 962/277/273 963/729/471
f 965/182/213 958/278/1057 964/182/475
f 954/728/470 956/731/472 955/735/478
f 964/182/475 961/888/1058 965/182/213
f 963/729/471 961/888/1058 960/277/477
f 971/278/944 967/728/941 970/734/947
f 975/277/789 969/731/1059 974/729/952
f 971/278/944 976/182/949 977/182/946
f 969/731/1059 967/728/941 966/735/482
f 972/888/1060 977/182/946 976/182/949
f 972/888/1060 974/729/952 973/277/950
f 955/735/478 241/730/383 237/730/384
f 141/3/4 140/4/276 186/4/5
f 37/17/17 32/476/403 4/18/18
f 71/20/20 298/366/425 308/21/21
f 232/28/28 47/94/314 247/29/29
f 297/31/31 296/801/563 6/32/32
f 339/34/34 233/839/940 235/35/35
f 116/38/48 316/118/272 214/39/49
f 86/42/54 204/154/108 213/43/55
f 275/45/57 267/802/461 269/46/58
f 323/48/60 58/92/117 41/49/61
f 344/52/65 21/2/2 13/1/1
f 270/54/67 163/160/455 106/55/68
f 26/30/78 32/30/403 37/29/17
f 202/70/89 121/803/335 81/71/90
f 77/73/92 84/889/1061 87/74/93
f 227/76/95 228/76/36 226/77/96
f 18/80/98 161/542/98 250/81/98
f 330/89/114 329/234/293 937/90/115
f 22/61/74 23/322/339 58/92/117
f 40/93/118 41/49/61 39/94/119
f 248/96/121 251/890/1062 161/97/122
f 240/99/125 166/804/445 287/100/126
f 55/102/127 56/102/351 50/95/81
f 381/104/129 380/271/269 434/105/130
f 393/50/135 129/102/352 399/50/136
f 368/107/138 367/805/210 115/108/139
f 418/110/141 417/776/517 414/111/142
f 101/115/146 104/806/47 310/116/147
f 40/93/118 2/528/423 324/119/151
f 141/3/4 173/5/6 175/123/158
f 309/125/25 262/170/190 188/126/105
f 33/92/161 318/29/239 46/131/162
f 399/133/164 129/891/191 148/134/165
f 160/136/167 385/315/301 165/137/168
f 36/132/163 46/131/162 49/139/170
f 29/143/173 27/143/180 30/144/174
f 126/101/176 207/552/426 311/146/177
f 319/147/179 28/92/305 27/143/180
f 365/148/181 372/749/408 371/149/182
f 86/152/54 210/255/237 273/127/186
f 250/160/193 251/353/1062 248/161/121
f 388/163/195 389/163/348 134/164/196
f 160/136/167 164/138/169 191/172/204
f 19/174/205 172/706/172 88/175/206
f 376/177/208 377/291/287 183/178/209
f 346/180/211 318/29/239 33/92/161
f 965/182/213 961/888/1058 351/183/214
f 277/50/62 41/49/61 40/93/118
f 45/94/222 44/195/232 43/195/223
f 270/206/228 885/810/1050 882/207/229
f 173/5/6 191/5/204 174/209/231
f 49/139/170 46/131/162 44/195/232
f 340/213/233 880/885/1049 878/87/112
f 88/15/206 118/892/50 214/217/49
f 407/219/236 406/893/368 210/220/237
f 345/222/238 43/195/223 318/29/239
f 149/223/13 197/13/12 273/224/186
f 5/33/33 288/438/386 289/229/240
f 730/234/243 948/91/640 943/235/244
f 101/239/146 254/531/148 172/240/172
f 198/241/53 187/781/52 195/242/246
f 216/246/242 188/814/105 262/247/190
f 34/95/249 33/92/161 36/132/163
f 179/256/255 370/745/496 371/257/182
f 364/95/257 363/499/375 175/123/158
f 239/29/260 237/430/384 238/30/30
f 379/265/261 91/75/94 381/104/129
f 361/266/262 373/746/497 369/267/263
f 401/135/166 398/815/1063 156/269/267
f 380/271/269 167/755/500 384/272/270
f 351/183/214 961/888/1058 962/277/273
f 383/3/275 143/3/156 140/4/276
f 37/17/17 8/19/19 38/279/120
f 388/163/195 387/3/315 141/3/4
f 397/164/278 396/164/504 403/164/279
f 103/288/284 109/290/286 376/177/208
f 109/290/286 68/93/322 377/291/287
f 86/294/54 285/816/56 408/295/291
f 335/236/292 268/340/377 329/234/293
f 43/195/223 345/222/238 344/299/65
f 340/213/233 229/214/111 231/301/295
f 437/304/297 439/796/526 431/305/298
f 116/307/48 305/821/422 102/308/106
f 179/310/255 362/561/430 222/311/300
f 295/316/303 296/801/563 297/31/31
f 28/92/305 35/95/427 30/144/174
f 903/319/306 246/510/1064 248/320/307
f 91/75/94 379/265/261 382/321/309
f 232/28/28 881/414/1065 876/323/313
f 387/3/315 386/3/277 140/4/276
f 93/324/145 96/894/241 306/325/7
f 323/48/60 325/822/1066 60/59/73
f 274/330/84 150/38/40 276/155/216
f 84/333/319 77/334/524 426/334/320
f 69/335/323 76/327/1067 73/336/324
f 906/338/326 675/206/884 727/339/327
f 345/222/238 25/147/340 21/79/2
f 7/344/329 9/345/833 38/345/120
f 245/353/331 244/823/495 169/354/332
f 138/356/334 136/356/178 81/357/90
f 252/359/333 250/895/193 246/162/194
f 361/76/262 360/370/341 224/361/337
f 23/322/339 21/79/2 25/147/340
f 110/365/294 304/446/207 3/366/11
f 25/147/340 345/222/238 346/180/211
f 223/312/264 222/311/300 360/370/341
f 80/371/88 219/576/39 96/372/241
f 941/206/342 277/206/62 322/377/152
f 236/379/344 235/824/35 234/380/345
f 392/382/347 156/147/507 134/164/196
f 280/210/349 261/57/404 63/383/350
f 247/29/29 47/94/314 45/94/222
f 129/102/352 393/50/135 391/102/353
f 144/385/41 306/526/7 96/386/241
f 187/388/52 75/68/87 200/389/355
f 327/89/357 939/91/1054 933/391/358
f 338/394/364 230/302/296 231/301/295
f 60/59/73 325/822/1066 321/396/366
f 405/397/367 149/358/13 210/398/237
f 158/122/369 392/382/347 389/163/348
f 292/317/304 291/453/397 294/407/371
f 260/409/373 71/114/20 242/26/22
f 109/290/286 103/288/284 100/414/374
f 363/415/375 364/896/257 178/416/376
f 39/94/119 23/322/339 24/50/79
f 180/420/346 234/380/345 115/421/139
f 268/340/377 335/236/292 886/425/378
f 342/53/66 347/826/876 12/426/380
f 352/278/274 962/277/273 957/427/381
f 235/431/35 236/256/344 226/432/96
f 288/438/386 320/529/424 290/439/387
f 889/338/388 886/425/378 335/236/292
f 44/195/232 45/94/222 876/323/313
f 332/441/390 934/714/454 930/90/391
f 53/103/128 50/95/81 51/429/80
f 220/109/140 115/421/139 234/380/345
f 259/171/26 124/897/363 217/443/395
f 75/449/87 301/827/338 421/450/396
f 291/453/397 292/317/304 297/31/31
f 285/367/56 213/828/55 3/23/11
f 268/340/377 326/716/459 331/236/392
f 409/468/399 416/769/513 419/469/400
f 31/475/402 4/18/18 32/476/403
f 180/482/346 370/743/496 369/267/263
f 46/131/162 318/29/239 43/195/223
f 18/483/405 112/829/494 253/484/123
f 301/300/338 195/767/246 423/488/406
f 190/67/281 194/66/103 85/492/14
f 372/499/408 365/179/181 366/500/221
f 905/182/412 902/739/493 358/510/413
f 244/516/415 895/887/1051 896/517/416
f 334/519/418 890/724/466 889/338/388
f 891/520/419 272/592/435 317/521/420
f 28/92/305 319/147/179 346/180/211
f 321/396/366 324/119/151 2/528/423
f 25/147/340 319/147/179 26/30/78
f 31/529/402 10/830/438 320/529/424
f 144/533/41 150/831/40 274/534/84
f 106/507/98 211/509/98 269/513/98
f 111/546/330 307/474/133 264/446/107
f 185/550/157 159/756/310 160/136/167
f 56/102/351 55/102/127 239/29/260
f 35/95/427 28/92/305 341/181/212
f 423/558/406 422/898/356 205/559/429
f 41/49/61 58/92/117 23/322/339
f 257/10/110 153/10/104 305/356/422
f 362/561/430 179/899/255 177/417/256
f 2/2/423 9/345/833 1/573/432
f 936/577/433 323/425/60 277/206/62
f 272/592/435 891/520/419 893/593/436
f 376/177/208 367/179/210 368/289/138
f 226/77/96 373/748/497 49/77/170
f 31/475/402 29/477/173 11/599/175
f 256/30/365 241/429/383 52/429/393
f 288/438/386 5/33/33 4/467/18
f 16/637/442 339/835/34 228/76/36
f 337/639/443 347/826/876 342/53/66
f 424/654/446 78/785/522 65/286/283
f 26/30/78 27/143/180 29/143/173
f 935/668/448 932/391/457 324/669/151
f 420/678/410 415/606/439 200/366/355
f 122/270/268 390/759/290 383/697/449
f 183/178/209 366/500/221 365/179/181
f 420/678/410 421/679/396 423/701/406
f 152/102/451 131/164/360 395/164/361
f 367/708/210 365/900/181 181/709/183
f 15/711/453 338/394/364 256/395/365
f 934/714/454 332/441/390 328/392/359
f 270/54/67 275/901/57 211/353/59
f 54/248/250 36/132/163 225/92/171
f 341/181/212 33/92/161 34/95/249
f 291/453/397 289/229/240 290/439/387
f 931/670/456 325/838/1066 323/425/60
f 321/670/366 325/838/1066 931/670/456
f 330/89/114 327/89/357 266/91/389
f 940/91/116 939/91/1054 327/89/357
f 266/91/389 327/89/357 328/392/359
f 893/593/436 885/810/1050 270/206/228
f 322/377/152 324/669/151 932/391/457
f 334/519/418 328/392/359 332/441/390
f 333/715/458 332/441/390 331/236/392
f 258/717/460 269/46/58 267/718/461
f 258/717/460 317/902/462 272/720/463
f 336/721/464 272/720/463 271/722/69
f 317/521/420 267/725/469 887/425/465
f 890/724/466 334/519/418 333/715/458
f 892/392/467 333/715/458 326/716/459
f 882/207/229 887/425/465 267/725/469
f 51/64/80 14/53/82 12/426/380
f 337/639/443 13/1/1 20/1/3
f 235/35/35 233/839/940 221/726/394
f 344/52/65 342/53/66 14/53/82
f 954/728/470 348/739/489 349/428/382
f 963/729/471 52/725/393 241/730/383
f 355/516/473 352/278/274 349/428/382
f 964/182/475 958/278/1057 239/733/260
f 353/182/215 350/736/479 959/734/476
f 55/510/127 53/725/128 960/277/477
f 239/733/260 958/278/1057 955/735/478
f 350/736/479 348/739/489 954/728/470
f 353/182/215 351/183/214 354/730/480
f 648/737/481 969/731/1059 966/735/482
f 354/730/480 351/183/214 352/278/274
f 960/277/477 53/725/128 52/725/393
f 905/182/412 359/182/414 354/730/480
f 112/518/417 896/517/416 901/377/485
f 356/739/487 899/320/1052 900/377/488
f 358/510/413 356/739/487 348/739/489
f 359/182/414 358/510/413 350/736/479
f 356/739/487 357/732/474 349/428/382
f 897/516/490 355/516/473 357/732/474
f 894/738/484 354/730/480 355/516/473
f 904/740/491 895/887/1051 244/516/415
f 248/320/307 253/320/486 901/377/485
f 245/235/492 246/510/1064 903/319/306
f 902/739/493 899/320/1052 356/739/487
f 112/741/494 18/841/405 169/354/332
f 363/499/375 372/499/408 182/501/220
f 370/743/496 179/903/255 223/744/264
f 370/745/496 180/482/346 181/482/183
f 373/746/497 226/904/96 236/747/344
f 373/748/497 361/76/262 225/76/171
f 372/749/408 363/905/375 177/750/256
f 155/322/311 189/124/159 175/123/158
f 379/93/261 68/93/322 79/751/202
f 114/752/153 119/906/155 100/753/374
f 378/754/499 381/104/129 91/75/94
f 381/104/129 378/754/499 167/755/500
f 90/291/131 377/291/287 68/93/322
f 123/50/501 383/3/275 386/3/277
f 139/50/502 386/3/277 387/3/315
f 130/164/197 128/164/503 387/3/315
f 189/124/159 155/322/311 389/163/348
f 392/757/505 390/293/290 122/293/268
f 131/164/360 152/102/451 147/102/354
f 400/50/137 139/50/502 128/164/503
f 398/164/506 402/164/508 134/164/196
f 396/164/504 397/164/278 131/164/360
f 402/164/508 404/164/280 130/164/197
f 395/164/361 397/164/278 404/164/280
f 394/164/452 395/164/361 402/164/508
f 393/50/135 400/50/137 403/164/279
f 404/164/280 403/164/279 128/164/503
f 394/761/509 398/815/1063 401/135/166
f 123/762/450 399/133/164 401/135/166
f 139/50/502 400/50/137 399/50/136
f 148/157/165 147/159/192 152/761/510
f 406/399/368 407/219/236 408/295/291
f 149/376/13 405/764/367 408/765/291
f 409/766/511 414/842/512 97/560/512
f 414/111/142 417/776/517 416/769/513
f 411/770/514 410/843/518 413/771/515
f 412/772/516 415/907/439 420/773/410
f 413/771/515 410/843/518 414/774/409
f 417/776/517 418/110/141 419/469/400
f 419/469/400 418/110/141 97/112/143
f 409/607/440 415/606/439 412/777/516
f 411/779/514 420/504/410 414/503/409
f 187/781/52 422/83/356 423/782/406
f 200/71/355 415/42/439 205/13/429
f 78/334/519 424/784/986 429/784/520
f 382/786/309 79/287/202 78/785/522
f 427/788/521 428/790/523 425/789/321
f 78/334/519 427/334/521 426/334/320
f 165/137/168 385/315/301 430/273/271
f 437/273/302 385/315/301 159/756/310
f 380/271/269 430/273/271 438/797/527
f 65/798/529 67/337/325 73/336/324
f 560/3/534 589/5/728 600/4/535
f 464/17/547 444/19/901 442/18/548
f 496/20/550 649/22/556 710/21/551
f 654/29/559 474/94/825 640/28/560
f 699/31/562 443/33/762 6/32/32
f 642/35/564 233/839/940 339/34/34
f 627/39/577 718/118/788 535/38/578
f 626/43/583 617/154/634 508/42/584
f 682/45/586 624/47/928 676/46/587
f 468/49/589 484/92/643 724/48/590
f 740/52/594 739/53/875 445/1/531
f 525/55/595 582/160/929 677/54/596
f 464/29/547 461/30/549 456/30/606
f 615/70/617 561/72/739 504/71/618
f 87/74/93 84/889/1061 500/73/620
f 635/77/622 637/76/565 636/76/623
f 657/81/98 580/542/98 448/80/98
f 948/91/640 730/234/243 731/89/641
f 452/61/602 486/59/601 484/92/643
f 466/94/645 468/49/589 467/93/646
f 580/97/648 658/890/1068 655/96/649
f 647/99/652 710/101/551 694/100/653
f 477/95/610 482/102/849 481/102/655
f 817/105/657 768/271/787 769/104/658
f 786/50/663 548/102/851 780/50/664
f 368/107/138 220/109/140 534/108/666
f 801/111/668 804/776/980 805/110/669
f 521/115/673 661/117/698 712/116/674
f 467/93/646 723/93/743 725/119/677
f 590/123/684 589/5/728 560/3/534
f 711/125/554 515/127/553 602/126/632
f 473/131/688 720/29/760 462/92/689
f 567/134/691 548/891/716 786/133/692
f 579/136/694 164/138/169 165/137/168
f 476/139/696 473/131/688 463/132/690
f 459/143/700 11/145/175 30/144/174
f 713/146/702 620/552/909 545/101/703
f 457/143/701 458/92/816 721/147/705
f 762/149/706 763/749/895 757/148/707
f 680/127/711 623/255/757 508/152/584
f 655/161/649 658/353/1068 657/160/717
f 775/163/719 549/164/969 553/164/720
f 191/172/204 164/138/169 579/136/694
f 449/174/729 706/176/756 509/175/730
f 765/177/731 759/179/667 597/178/732
f 462/92/689 720/29/760 742/180/734
f 467/93/646 468/49/589 684/50/591
f 472/94/744 469/196/761 470/195/745
f 677/206/750 682/208/1069 907/207/751
f 174/209/231 191/5/204 589/5/728
f 471/195/746 473/131/688 476/139/696
f 879/86/753 880/885/1049 340/213/233
f 627/217/577 537/892/579 509/15/730
f 623/220/757 793/893/865 794/219/758
f 741/222/759 742/180/734 720/29/760
f 680/224/711 610/13/543 568/223/542
f 443/33/762 699/31/562 696/229/763
f 588/240/699 661/531/698 521/239/673
f 611/241/581 619/9/888 608/242/767
f 629/246/766 619/58/888 669/247/686
f 463/132/690 462/92/689 34/95/249
f 593/256/773 592/258/871 762/257/706
f 364/95/257 174/209/231 590/123/684
f 646/29/778 654/29/559 645/800/561
f 769/104/658 512/75/621 767/265/779
f 755/266/780 633/268/842 760/267/781
f 788/135/693 541/270/924 575/269/785
f 768/271/787 813/273/814 384/272/270
f 975/277/789 972/888/1060 746/183/790
f 559/4/536 562/3/682 771/3/792
f 465/279/647 444/19/901 464/17/547
f 775/163/719 603/124/685 560/3/534
f 790/164/795 783/164/970 784/164/796
f 103/288/284 375/289/285 765/177/731
f 528/290/801 765/177/731 766/291/733
f 508/294/584 794/296/758 795/295/806
f 730/234/243 675/206/884 736/817/807
f 470/195/745 469/196/761 740/299/594
f 639/301/809 638/214/637 340/213/233
f 814/818/810 822/850/989 820/819/811
f 535/307/578 718/309/788 522/308/631
f 593/310/773 633/312/842 222/311/300
f 295/316/303 698/317/868 699/31/562
f 30/144/174 35/95/427 458/92/816
f 753/510/817 927/319/900 928/182/818
f 512/75/621 500/73/620 770/321/820
f 877/212/824 875/414/1047 640/28/560
f 774/3/794 560/3/534 559/4/536
f 708/325/537 517/894/765 514/324/672
f 724/48/590 484/92/643 486/59/601
f 683/155/736 569/38/570 681/330/613
f 84/333/319 425/333/321 811/334/828
f 73/336/324 76/327/1067 494/335/830
f 741/222/759 740/299/594 451/79/533
f 7/344/329 444/346/901 465/345/647
f 652/353/835 659/355/839 585/354/836
f 504/357/618 555/356/704 557/356/838
f 653/162/718 657/895/717 659/359/839
f 755/76/780 634/76/697 224/361/337
f 453/322/644 454/50/607 455/147/832
f 441/366/541 706/446/756 529/365/808
f 455/147/832 721/147/705 742/180/734
f 633/312/842 755/76/780 360/370/341
f 517/372/765 632/576/568 503/371/615
f 952/206/843 951/378/1056 723/377/743
f 643/379/844 594/381/872 641/380/845
f 553/164/720 575/147/1070 779/382/846
f 489/383/847 668/57/890 687/210/848
f 472/94/744 474/94/825 654/29/559
f 778/102/850 780/50/664 548/102/851
f 563/385/569 632/387/568 517/386/765
f 613/389/853 499/68/616 601/388/582
f 944/391/855 950/91/1055 728/89/856
f 639/301/809 230/302/296 338/394/364
f 486/59/601 450/60/532 722/396/863
f 623/398/757 568/358/542 792/397/864
f 577/122/866 574/322/822 776/163/721
f 698/317/868 293/408/372 294/407/371
f 667/409/870 713/410/702 649/26/556
f 100/414/374 103/288/284 528/290/801
f 178/416/376 364/896/257 756/415/775
f 454/50/607 453/322/644 466/94/645
f 594/420/872 595/150/708 534/421/666
f 907/207/751 682/208/1069 674/714/873
f 739/53/875 446/53/609 12/426/380
f 747/278/791 744/428/942 968/427/877
f 642/431/564 637/36/565 635/432/622
f 695/438/764 696/229/763 290/439/387
f 736/817/807 911/425/931 912/338/879
f 471/195/746 475/212/624 877/212/824
f 943/235/244 947/714/927 733/441/881
f 480/103/656 479/429/918 478/429/608
f 220/109/140 221/442/394 641/380/845
f 630/443/882 543/897/861 666/171/558
f 499/449/616 613/366/853 808/450/883
f 697/453/869 696/454/763 699/31/562
f 692/367/585 568/466/542 441/23/541
f 675/206/884 730/234/243 732/236/245
f 796/468/885 618/470/1071 806/469/886
f 460/475/889 459/477/700 461/476/549
f 594/482/872 643/256/844 760/267/781
f 473/131/688 471/195/746 470/195/745
f 448/483/891 580/485/648 660/484/650
f 703/300/841 808/489/883 810/488/893
f 507/492/544 607/66/628 604/67/799
f 758/500/740 757/179/707 763/499/895
f 751/739/899 922/320/958 927/319/900
f 921/517/902 918/887/1053 651/516/903
f 912/338/879 915/724/937 735/519/905
f 719/521/906 679/592/914 914/520/907
f 458/92/816 738/181/735 742/180/734
f 722/396/863 450/60/532 440/528/678
f 455/147/832 454/50/607 456/30/606
f 460/529/889 695/438/764 320/529/424
f 563/533/569 686/535/611 681/534/613
f 676/513/98 624/509/98 525/507/98
f 671/446/633 709/474/662 530/546/834
f 599/550/683 600/318/535 579/136/694
f 646/29/778 481/102/655 482/102/849
f 35/95/427 343/95/428 738/181/735
f 618/559/910 809/898/854 810/558/893
f 468/49/589 466/94/645 453/322/644
f 664/10/636 535/154/578 707/356/813
f 592/417/871 593/899/773 362/561/430
f 1/573/432 9/345/833 440/2/678
f 949/577/912 952/206/843 684/206/591
f 679/592/914 678/206/939 916/593/915
f 368/289/138 759/179/667 765/177/731
f 635/77/622 475/78/624 476/77/696
f 460/475/889 10/475/438 11/599/175
f 663/800/862 478/429/608 479/429/918
f 442/467/548 443/33/762 695/438/764
f 16/637/442 636/76/623 637/76/565
f 739/53/875 347/826/876 337/639/443
f 424/654/446 64/655/446 490/286/800
f 456/30/606 461/30/549 459/143/700
f 946/668/922 722/670/863 725/669/677
f 807/678/898 808/679/883 613/366/853
f 541/270/924 542/698/976 771/697/925
f 597/178/732 759/179/667 757/179/707
f 810/701/893 808/679/883 807/678/898
f 571/102/926 781/164/974 782/164/859
f 595/709/708 757/900/707 759/708/667
f 15/711/453 478/64/608 663/395/862
f 947/714/927 944/391/855 729/392/857
f 624/353/928 682/901/586 677/54/596
f 634/92/697 463/132/690 54/248/250
f 34/95/249 462/92/689 738/181/735
f 697/453/869 294/407/371 290/439/387
f 723/377/743 951/378/1056 945/391/923
f 724/425/590 726/838/826 942/670/930
f 673/91/880 728/89/856 731/89/641
f 728/89/856 950/91/1055 953/91/642
f 729/392/857 728/89/856 673/91/880
f 675/206/884 906/338/326 911/425/931
f 722/670/863 946/668/922 942/670/930
f 733/441/881 729/392/857 735/519/905
f 732/236/245 733/441/881 734/715/932
f 674/718/588 676/46/587 665/717/933
f 679/720/935 719/902/934 665/717/933
f 678/722/597 679/720/935 737/721/936
f 910/425/874 674/714/873 719/521/906
f 915/724/937 917/392/938 734/715/932
f 917/392/938 909/340/328 727/339/327
f 677/206/750 908/810/752 916/593/915
f 12/426/380 446/53/609 478/64/608
f 337/639/443 1/573/432 450/1/532
f 642/35/564 641/727/845 221/726/394
f 446/53/609 739/53/875 740/52/594
f 967/728/941 968/427/877 744/428/942
f 646/840/778 644/733/483 966/735/482
f 750/516/945 752/732/960 744/428/942
f 646/840/778 971/278/944 977/182/946
f 970/734/947 745/736/951 748/182/948
f 973/277/950 480/725/656 481/510/655
f 967/728/941 743/739/943 745/736/951
f 974/729/952 969/731/1059 648/737/481
f 749/730/953 746/183/790 748/182/948
f 479/725/918 480/725/656 973/277/950
f 747/278/791 746/183/790 749/730/953
f 746/183/790 972/888/1060 976/182/949
f 531/518/904 660/320/1072 924/377/954
f 651/516/903 918/887/1053 929/740/955
f 751/739/899 752/732/960 925/377/957
f 743/739/943 751/739/899 753/510/817
f 745/736/951 753/510/817 754/182/819
f 744/428/942 752/732/960 751/739/899
f 920/516/959 925/377/957 752/732/960
f 750/516/945 749/730/953 919/738/961
f 928/182/818 919/738/961 749/730/953
f 924/377/954 660/320/1072 655/320/962
f 926/319/964 653/320/965 652/235/956
f 926/319/964 923/320/963 655/320/962
f 531/741/892 651/742/837 585/354/836
f 756/499/775 590/123/684 596/501/741
f 633/744/842 593/903/773 761/743/774
f 595/482/708 594/482/872 761/745/774
f 643/747/844 635/904/622 764/746/782
f 764/748/782 476/77/696 634/76/697
f 592/750/871 756/905/775 763/749/895
f 574/322/822 596/501/741 590/123/684
f 502/751/725 493/93/802 767/93/779
f 100/753/374 538/906/680 533/752/679
f 378/754/499 87/74/93 512/75/621
f 167/755/500 378/754/499 769/104/658
f 493/93/802 766/291/733 511/291/659
f 773/3/793 771/3/792 542/50/966
f 774/3/794 773/3/793 558/50/967
f 549/164/969 775/163/719 774/3/794
f 603/124/685 775/163/719 776/163/721
f 779/757/971 575/758/785 541/293/924
f 566/102/852 571/102/926 550/164/858
f 547/164/968 558/50/967 787/50/665
f 785/164/972 575/147/1070 553/164/720
f 783/164/970 778/102/850 550/164/858
f 789/164/973 553/164/720 549/164/969
f 782/164/859 789/164/973 791/164/797
f 781/164/974 785/164/972 789/164/973
f 790/164/795 787/50/665 780/50/664
f 547/164/968 790/164/795 791/164/797
f 788/135/693 785/815/786 781/761/975
f 788/135/693 786/133/692 542/762/976
f 558/50/967 542/50/966 786/50/663
f 567/157/691 781/761/975 571/761/977
f 795/295/806 794/219/758 793/399/865
f 795/765/806 792/764/864 568/376/542
f 796/766/978 618/559/979 518/560/979
f 801/111/668 796/468/885 803/769/887
f 800/771/981 797/843/984 798/770/982
f 807/773/898 802/907/916 799/772/983
f 800/771/981 796/775/917 801/774/896
f 806/469/886 805/110/669 804/776/980
f 806/469/886 618/559/1071 518/112/670
f 796/607/917 800/778/981 799/777/983
f 801/503/896 807/504/898 798/779/982
f 810/782/893 809/83/854 601/781/582
f 613/71/853 809/783/854 618/13/910
f 501/334/985 812/334/987 429/784/520
f 501/785/920 502/287/725 770/786/820
f 425/789/321 428/790/523 812/788/987
f 811/334/828 812/334/987 501/334/985
f 813/273/814 772/315/695 165/137/168
f 578/756/821 772/315/695 820/273/815
f 768/271/787 817/105/657 821/797/990
f 490/798/992 64/799/530 73/336/324
f 832/851/993 836/855/997 823/852/994
f 838/854/996 826/860/999 823/852/994
f 827/856/998 828/867/995 823/857/994
f 838/854/996 839/862/1002 824/859/1000
f 837/861/1001 825/871/1003 824/859/1000
f 827/856/998 826/858/999 824/863/1000
f 832/851/993 828/853/995 829/865/1004
f 827/856/998 831/869/1007 829/865/1004
f 845/868/1006 842/866/1005 829/865/1004
f 837/861/1001 848/872/1009 830/870/1008
f 845/868/1006 831/869/1007 830/870/1008
f 827/856/998 825/864/1003 830/870/1008
f 832/851/993 844/875/1012 834/873/1010
f 833/874/1011 835/876/1013 834/873/1010
f 838/854/996 836/855/997 834/873/1010
f 837/861/1001 839/862/1002 840/877/1014
f 838/854/996 835/876/1013 840/877/1014
f 833/874/1011 841/878/1015 840/877/1014
f 832/851/993 842/866/1005 843/879/1016
f 845/868/1006 847/880/1017 843/879/1016
f 833/874/1011 844/875/1012 843/879/1016
f 837/861/1001 841/878/1015 846/881/1018
f 833/874/1011 847/880/1017 846/881/1018
f 845/868/1006 848/872/1009 846/881/1018
f 858/851/1019 854/853/1025 849/852/1020
f 864/854/1022 862/855/1021 849/852/1020
f 853/856/1024 852/858/1023 849/857/1020
f 864/854/1022 852/860/1023 850/859/1026
f 863/861/1028 865/862/1027 850/859/1026
f 853/856/1024 851/864/1029 850/863/1026
f 858/851/1019 868/866/1033 855/865/1030
f 853/856/1024 854/867/1025 855/865/1030
f 871/868/1032 857/869/1031 855/865/1030
f 863/861/1028 851/871/1029 856/870/1034
f 871/868/1032 874/872/1035 856/870/1034
f 853/856/1024 857/869/1031 856/870/1034
f 858/851/1019 862/855/1021 860/873/1036
f 859/874/1038 870/875/1037 860/873/1036
f 864/854/1022 861/876/1039 860/873/1036
f 863/861/1028 867/878/1041 866/877/1040
f 864/854/1022 865/862/1027 866/877/1040
f 859/874/1038 861/876/1039 866/877/1040
f 858/851/1019 870/875/1037 869/879/1042
f 871/868/1032 868/866/1033 869/879/1042
f 859/874/1038 873/880/1043 869/879/1042
f 863/861/1028 874/872/1035 872/881/1044
f 859/874/1038 867/878/1041 872/881/1044
f 871/868/1032 873/880/1043 872/881/1044
f 876/323/313 881/414/1065 227/414/95
f 878/87/112 880/885/1049 16/884/1046
f 877/212/824 475/212/624 636/414/623
f 879/86/753 636/884/1048 16/884/1046
f 887/425/465 882/207/229 883/338/379
f 888/207/421 889/338/388 890/724/466
f 888/207/421 887/425/465 886/425/378
f 892/392/467 893/593/436 891/520/419
f 884/340/468 885/810/1050 893/593/436
f 884/340/468 883/338/379 882/207/229
f 900/377/488 901/377/485 896/517/416
f 905/182/412 894/738/484 895/887/1051
f 897/516/490 896/517/416 895/887/1051
f 903/319/306 898/320/308 899/320/1052
f 904/740/491 903/319/306 902/739/493
f 898/320/308 901/377/485 900/377/488
f 906/338/326 907/207/751 910/425/874
f 915/724/937 912/338/879 913/207/908
f 911/425/931 910/425/874 913/207/908
f 914/520/907 916/593/915 917/392/938
f 916/593/915 908/810/752 909/340/328
f 907/207/751 906/338/326 909/340/328
f 921/517/902 924/377/954 925/377/957
f 918/887/1053 919/738/961 928/182/818
f 918/887/1053 921/517/902 920/516/959
f 922/320/958 923/320/963 926/319/964
f 927/319/900 926/319/964 929/740/955
f 925/377/957 924/377/954 923/320/963
f 326/716/459 268/340/377 883/338/379
f 939/91/1054 940/91/116 941/206/342
f 939/91/1054 938/378/343 932/391/457
f 936/577/433 937/90/115 930/90/391
f 935/668/448 931/670/456 930/90/391
f 934/714/454 933/391/358 932/391/457
f 937/90/115 936/577/433 941/206/342
f 952/206/843 953/91/642 950/91/1055
f 945/391/923 951/378/1056 950/91/1055
f 943/235/244 948/91/640 949/577/912
f 943/235/244 942/670/930 946/668/922
f 945/391/923 944/391/855 947/714/927
f 952/206/843 949/577/912 948/91/640
f 329/234/293 331/236/392 930/90/391
f 954/728/470 955/735/478 958/278/1057
f 956/731/472 957/427/381 962/277/273
f 965/182/213 959/734/476 958/278/1057
f 954/728/470 957/427/381 956/731/472
f 964/182/475 960/277/477 961/888/1058
f 963/729/471 962/277/273 961/888/1058
f 971/278/944 966/735/482 967/728/941
f 975/277/789 968/427/877 969/731/1059
f 971/278/944 970/734/947 976/182/949
f 969/731/1059 968/427/877 967/728/941
f 972/888/1060 973/277/950 977/182/946
f 972/888/1060 975/277/789 974/729/952
f 955/735/478 956/731/472 241/730/383
