# Blender 5.0.0
# www.blender.org
mtllib sapinNoel.mtl
o tree
v -0.503945 0.008439 0.073214
v -0.282711 9.763454 -3.608627
v -0.299549 9.763454 -3.833383
v -3.720252 9.763454 -0.694264
v -3.939883 9.763454 -0.747868
v -2.009683 9.763455 3.472587
v -2.130307 9.763455 3.667773
v 2.478845 9.763454 3.134819
v 2.628405 9.763455 3.311272
v 3.547699 9.763454 -1.237745
v 3.759876 9.763454 -1.324697
v -2.713904 6.767136 -4.647532
v -2.714154 6.745993 -4.413330
v 3.310575 6.456185 -3.921262
v 3.080705 6.460254 -3.825042
v -5.272838 6.749844 0.863372
v -5.043864 6.727693 0.952983
v -0.829867 6.428205 4.995572
v -0.693961 6.436790 4.796319
v 4.474975 6.246715 2.038506
v 4.306820 6.272301 1.841996
v -5.979981 2.695785 -1.057078
v -5.725407 2.695785 -1.030894
v -0.896662 2.695785 -5.380308
v -0.845595 2.695785 -5.142149
v -3.439181 2.695785 5.113397
v -3.327238 2.695785 4.881058
v 3.214442 2.695785 4.603734
v 3.039632 2.695785 4.429523
v 4.785806 2.695785 -1.881733
v 4.576015 2.695785 -1.769154
v -1.844159 0.146815 -1.160625
v -1.844159 0.008439 -1.174746
v -1.725900 0.008439 -1.078534
v -0.037358 0.008439 -1.838264
v 0.007972 0.008439 -2.016800
v 0.007972 0.152166 -1.989283
v -2.415896 0.155739 1.481921
v -2.449051 0.008439 1.507146
v -2.268657 0.008439 1.402171
v 0.007971 0.153673 2.220868
v 0.007971 0.008439 2.253555
v -0.049039 0.008439 2.084161
v 1.563213 0.151482 0.073214
v 1.586295 0.008439 0.073214
v 1.406893 0.008439 0.075028
v 0.986713 9.763454 -2.818144
v 0.830319 9.763454 -2.552533
v 3.017673 9.763454 0.133151
v 2.738034 9.763454 0.073212
v 0.847573 9.763454 2.993335
v 0.830318 9.763454 2.698958
v -2.565084 9.763454 1.802973
v -2.256431 9.763454 1.696012
v -2.465355 9.763454 -1.812905
v -2.256431 9.763454 -1.549588
v 0.882885 6.498006 -2.911190
v 0.688513 6.502603 -2.823715
v 2.948245 6.472273 0.245128
v 2.793253 6.502603 0.073213
v 0.549793 6.495100 3.152335
v 0.688512 6.502603 2.970140
v -2.927553 6.522968 1.781221
v -2.717029 6.502603 1.863612
v -2.716775 6.524057 -1.920336
v -2.717029 6.502603 -1.717186
v 0.201693 2.695785 -2.098518
v 0.007972 2.205259 -1.596215
v 1.761396 2.695785 0.073214
v 1.231453 2.207444 0.073214
v 0.197553 2.695785 2.232204
v 0.007971 2.200459 1.760209
v -2.366590 2.695785 1.426504
v -1.958495 2.187826 1.133924
v -2.304739 2.695785 -1.235140
v -1.844159 2.225978 -0.948452
v 0.046557 15.749248 -0.032510
v -0.106220 15.748679 -0.021232
v -0.142859 15.749308 0.127834
v -0.012134 15.750359 0.208514
v 0.105128 15.749512 0.109258
v -3.765153 9.925856 -0.788083
v -3.878382 9.861330 -0.734976
v -3.802057 9.925876 -0.639197
v -0.211762 9.925801 -3.681846
v -0.295225 9.860867 -3.772337
v -0.364692 9.925798 -3.670323
v -2.111180 9.926764 3.485557
v -2.096643 9.863031 3.610355
v -1.980923 9.926786 3.566538
v 2.464611 9.926954 3.233406
v 2.585944 9.863294 3.259413
v 2.581414 9.926937 3.134009
v 3.638890 9.925995 -1.196650
v 3.700326 9.861591 -1.302691
v 3.580173 9.925971 -1.338364
v 3.192742 6.634787 -3.758209
v 3.218101 6.579495 -3.870229
v 3.067388 6.643076 -3.857675
v 0.856268 9.574612 -2.599192
v 0.928299 9.632805 -2.606604
v 1.023302 9.574646 -2.553133
v -2.600268 6.926019 -4.469113
v -2.697064 6.877434 -4.533493
v -2.734499 6.930165 -4.377236
v -2.291185 9.575917 -1.611261
v -2.276987 9.628817 -1.688792
v -2.194696 9.575771 -1.768220
v -5.070273 6.915710 0.827205
v -5.160286 6.862291 0.894440
v -5.023912 6.909757 0.984437
v -2.312113 9.578712 1.692953
v -2.388135 9.631872 1.659657
v -2.436895 9.578598 1.547804
v -0.804112 6.619102 4.806639
v -0.766229 6.556052 4.907537
v -0.642434 6.611337 4.812873
v 0.817180 9.579382 2.726299
v 0.767818 9.637894 2.785418
v 0.646795 9.579435 2.791523
v 4.299007 6.446880 1.973154
v 4.407760 6.382803 1.962454
v 4.355630 6.447773 1.823607
v 2.765117 9.577337 0.079246
v 2.799550 9.638906 0.142815
v 2.770904 9.577496 0.251896
v -0.739736 2.850734 -5.218255
v -0.857207 2.790539 -5.316673
v -0.901940 2.850728 -5.217916
v 0.527237 6.332357 -2.905931
v 0.642455 6.391994 -2.897998
v 0.691420 6.331185 -2.843629
v -5.761447 2.852476 -1.154659
v -5.895125 2.794784 -1.074245
v -5.812012 2.852549 -1.000585
v -2.843465 6.352006 -1.595989
v -2.796566 6.409808 -1.701096
v -2.729403 6.351403 -1.733093
v -3.448223 2.855542 4.879075
v -3.419815 2.797870 5.026249
v -3.318870 2.855594 4.970871
v -2.656943 6.348555 2.021089
v -2.735210 6.406761 1.945430
v -2.749433 6.349138 1.873927
v 3.005864 2.855688 4.542062
v 3.148261 2.795526 4.560933
v 3.130551 2.855646 4.446899
v 0.855371 6.329361 2.967629
v 0.763247 6.389971 3.018473
v 0.692137 6.330408 3.011458
v 4.678227 2.852559 -1.699789
v 4.736141 2.790670 -1.833006
v 4.626562 2.852483 -1.849717
v 2.835054 6.312515 -0.098875
v 2.860646 6.373848 0.007093
v 2.827864 6.312565 0.071008
vn -0.6773 -0.5465 -0.4925
vn -0.0000 -1.0000 -0.0000
vn 0.3083 0.1600 -0.9378
vn 0.2827 -0.5100 -0.8124
vn 0.8602 -0.3785 -0.3418
vn 0.4976 0.4663 -0.7314
vn 0.7762 0.5439 -0.3189
vn -0.9030 -0.3744 -0.2109
vn -0.0680 -0.3824 -0.9215
vn -0.4832 -0.3653 0.7956
vn 0.5972 -0.3679 0.7128
vn -0.0634 -0.9956 -0.0685
vn -0.9979 -0.0556 0.0328
vn -0.3479 -0.0840 -0.9338
vn -0.0570 -0.9979 -0.0296
vn 0.0432 0.5853 -0.8096
vn 0.5424 0.6352 -0.5498
vn 0.7495 -0.1851 -0.6356
vn -0.1083 -0.9935 -0.0342
vn -0.2526 -0.1159 0.9606
vn -0.0562 -0.9980 -0.0272
vn 0.8310 -0.2266 0.5080
vn -0.0781 -0.9957 -0.0507
vn 0.8365 0.4946 -0.2359
vn 0.7533 0.5694 0.3291
vn -0.9081 -0.4108 -0.0819
vn -0.3883 -0.4016 0.8294
vn -0.1952 -0.4251 -0.8838
vn -0.4666 0.4915 -0.7354
vn -0.0304 0.5729 -0.8191
vn 0.6484 -0.4080 0.6428
vn 0.7976 -0.4246 -0.4284
vn 0.5689 0.4502 -0.6882
vn 0.7750 0.5636 -0.2859
vn -0.8323 0.2107 0.5127
vn -0.7949 0.1367 -0.5911
vn -0.7515 -0.4952 0.4360
vn 0.2631 -0.4940 0.8287
vn 0.2981 0.2137 0.9303
vn 0.8551 -0.5185 0.0022
vn 0.9879 0.1553 0.0001
vn -0.0000 -0.9737 -0.2280
vn -0.0024 0.5869 -0.8097
vn -0.0070 0.5768 -0.8169
vn -0.7656 0.6035 -0.2228
vn -0.7735 0.5934 -0.2228
vn -0.7489 0.6068 -0.2664
vn -0.4643 0.5224 0.7152
vn -0.4674 0.5114 0.7211
vn -0.5018 0.5288 0.6845
vn 0.5523 0.4550 0.6985
vn 0.5570 0.4435 0.7022
vn 0.5126 0.4579 0.7263
vn 0.8216 0.4966 -0.2800
vn 0.8261 0.4859 -0.2856
vn -0.0738 -0.9970 -0.0227
vn -0.0471 -0.9976 -0.0510
vn -0.0719 -0.9961 -0.0506
vn -0.0763 -0.9970 -0.0107
vn -0.1024 -0.9933 -0.0529
vn -0.4722 0.4847 -0.7363
vn -0.5019 0.4959 -0.7086
vn -0.8158 0.5373 0.2138
vn -0.8130 0.5439 0.2079
vn -0.8005 0.5462 0.2467
vn -0.0488 0.5313 0.8458
vn -0.0537 0.5390 0.8406
vn -0.0143 0.5384 0.8426
vn 0.8205 0.4737 0.3201
vn 0.8141 0.4829 0.3225
vn 0.8293 0.4816 0.2835
vn 0.5684 0.4421 -0.6939
vn 0.5328 0.4525 -0.7151
vn 0.1129 -0.7946 -0.5966
vn -0.0477 0.5832 -0.8109
vn -0.5446 0.5866 -0.5994
vn -0.5370 -0.7954 -0.2811
vn 0.5828 -0.8087 -0.0790
vn 0.2620 -0.8177 0.5126
vn -0.4111 -0.8102 0.4180
vn 0.3865 -0.4111 -0.8256
vn -0.7550 0.5192 -0.4005
vn -0.7065 -0.3371 -0.6223
vn 0.8877 -0.4355 0.1492
vn 0.1372 -0.3555 0.9245
vn -0.8351 -0.2774 0.4750
vn 0.0137 -0.9992 -0.0380
vn -0.8140 -0.1398 -0.5638
vn -0.0350 -0.9991 -0.0236
vn 0.9919 -0.1274 -0.0005
vn 0.3308 -0.1350 -0.9340
vn 0.0129 -0.9992 0.0367
vn 0.3376 -0.0657 0.9390
vn -0.0315 -0.9992 0.0226
vn -0.8479 -0.0750 0.5249
vn 0.0398 -0.9992 0.0007
vn -0.4369 0.5566 0.7066
vn -0.7958 0.4813 0.3676
vn -0.8168 0.5410 -0.2002
vn -0.6017 0.4640 -0.6501
vn 0.5365 0.5583 0.6328
vn 0.1023 0.4927 0.8642
vn 0.8587 0.4829 0.1714
vn 0.8835 0.4523 0.1218
vn -0.7127 0.6691 0.2109
vn -0.0229 0.5898 0.8072
vn -0.7715 0.5408 0.3353
vn 0.1257 0.4488 0.8847
vn 0.8790 0.4632 -0.1127
vn 0.5941 0.4462 -0.6693
vn -0.4215 0.6366 0.6458
vn 0.4977 0.6052 0.6213
vn -0.8225 0.5403 0.1774
vn -0.5869 0.5362 0.6066
vn -0.0831 0.5358 0.8402
vn 0.4011 0.5002 0.7674
vn 0.8050 0.4789 0.3503
vn 0.8324 0.5162 0.2015
vn 0.4548 0.4984 -0.7381
vn -0.5435 0.4631 -0.7001
vn -0.5606 0.4964 -0.6628
vn -0.7948 0.5130 0.3241
vn -0.8253 0.4796 0.2981
vn 0.0634 0.5249 0.8488
vn 0.0278 0.4925 0.8699
vn 0.8400 0.4845 0.2444
vn 0.8089 0.4928 -0.3207
vn -0.7828 0.5959 -0.1790
vn -0.4292 0.5121 0.7440
vn 0.5874 0.4472 0.6745
vn -0.4394 0.4873 -0.7546
vn 0.4327 0.4651 -0.7723
vn -0.0633 0.5330 -0.8437
vn 0.3786 0.5399 -0.7518
vn -0.3554 0.6970 -0.6228
vn 0.1833 0.4746 -0.8609
vn -0.7569 0.6190 -0.2095
vt 0.073808 0.643928
vt 0.054720 0.649051
vt 0.073987 0.644443
vt 0.052946 0.650668
vt 0.052582 0.648986
vt 0.077390 0.649805
vt 0.103483 0.645674
vt 0.094353 0.653527
vt 0.064704 0.655694
vt 0.042912 0.763810
vt 0.041095 0.770357
vt 0.043282 0.770133
vt 0.042142 0.772019
vt 0.041732 0.771433
vt 0.101086 0.759861
vt 0.040563 0.763665
vt 0.099931 0.760239
vt 0.133520 0.764997
vt 0.130552 0.765065
vt 0.094471 0.771062
vt 0.048881 0.720615
vt 0.127136 0.719263
vt 0.046246 0.720692
vt 0.018030 0.729535
vt 0.017845 0.731611
vt 0.016808 0.731145
vt 0.015691 0.729856
vt 0.126164 0.719576
vt 0.133672 0.727887
vt 0.130674 0.728108
vt 0.067857 0.733559
vt 0.067045 0.733423
vt 0.066661 0.735433
vt 0.067628 0.734893
vt 0.108337 0.663192
vt 0.149122 0.677912
vt 0.152363 0.677838
vt 0.106553 0.664061
vt 0.023923 0.674057
vt 0.026210 0.674463
vt 0.025810 0.676090
vt 0.024416 0.675387
vt 0.097587 0.693708
vt 0.098046 0.694259
vt 0.028543 0.691967
vt 0.026237 0.692364
vt 0.027528 0.693729
vt 0.027040 0.693325
vt 0.105503 0.647002
vt 0.074045 0.645570
vt 0.105896 0.645204
vt 0.095623 0.653891
vt 0.095402 0.655483
vt 0.063532 0.656227
vt 0.063762 0.657745
vt 0.043091 0.766015
vt 0.093784 0.770800
vt 0.060460 0.770101
vt 0.103933 0.768682
vt 0.117648 0.763386
vt 0.077978 0.761545
vt 0.047561 0.723124
vt 0.046172 0.763640
vt 0.125188 0.721833
vt 0.078766 0.759527
vt 0.049538 0.722956
vt 0.131776 0.730041
vt 0.114338 0.761381
vt 0.126502 0.721990
vt 0.068452 0.735420
vt 0.101353 0.766334
vt 0.130586 0.730262
vt 0.018141 0.731816
vt 0.061446 0.767587
vt 0.060172 0.732204
vt 0.041068 0.726354
vt 0.105261 0.730008
vt 0.117588 0.722343
vt 0.076424 0.719846
vt 0.078440 0.717804
vt 0.105604 0.665793
vt 0.117009 0.720659
vt 0.107724 0.665814
vt 0.150245 0.679467
vt 0.102727 0.728272
vt 0.150099 0.679921
vt 0.098973 0.695456
vt 0.059119 0.730049
vt 0.097248 0.695661
vt 0.028707 0.693980
vt 0.042924 0.724024
vt 0.024782 0.676558
vt 0.046941 0.765934
vt 0.076335 0.759585
vt 0.077849 0.760180
vt 0.079313 0.762010
vt 0.061668 0.769723
vt 0.101119 0.768519
vt 0.114084 0.763778
vt 0.043243 0.726083
vt 0.079325 0.718413
vt 0.078627 0.719742
vt 0.059468 0.732153
vt 0.102469 0.730230
vt 0.116774 0.722606
vt 0.210641 0.844629
vt 0.225062 0.839601
vt 0.216161 0.850692
vt 0.257361 0.834995
vt 0.219848 0.835673
vt 0.301163 0.848391
vt 0.290946 0.837857
vt 0.278519 0.853816
vt 0.272875 0.840671
vt 0.051957 0.680565
vt 0.063942 0.686744
vt 0.095951 0.684779
vt 0.106511 0.677038
vt 0.078209 0.674400
vt 0.221987 0.792971
vt 0.283520 0.792198
vt 0.304592 0.793326
vt 0.260225 0.794391
vt 0.213381 0.794133
vt 0.132748 0.766245
vt 0.131642 0.766949
vt 0.100817 0.761245
vt 0.099381 0.762233
vt 0.094327 0.772137
vt 0.094956 0.772714
vt 0.043216 0.772154
vt 0.061898 0.768379
vt 0.126628 0.720997
vt 0.132423 0.729445
vt 0.114630 0.761916
vt 0.102343 0.766990
vt 0.058308 0.730764
vt 0.057380 0.729946
vt 0.151429 0.679013
vt 0.098155 0.695148
vt 0.080777 0.717668
vt 0.117689 0.721454
vt 0.117813 0.720968
vt 0.102330 0.729101
vt 0.101128 0.728540
vt 0.083972 0.840839
vt 0.082893 0.840818
vt 0.042871 0.765695
vt 0.084131 0.840786
vt 0.085989 0.840797
vt 0.101318 0.762261
vt 0.085886 0.840837
vt 0.131425 0.767170
vt 0.093179 0.772810
vt 0.045570 0.763901
vt 0.113793 0.761113
vt 0.103239 0.766139
vt 0.063146 0.767678
vt 0.043325 0.723654
vt 0.041726 0.765906
vt 0.041255 0.764926
vt 0.045653 0.764448
vt 0.047481 0.722236
vt 0.042696 0.724611
vt 0.107536 0.664717
vt 0.258242 0.843522
s 1
usemtl lambert1
f 33/1/1 35/2/2 34/3/2
f 33/1/1 37/4/3 36/5/4
f 34/3/2 35/2/2 1/6/2
f 40/7/2 34/3/2 1/6/2
f 43/8/2 40/7/2 1/6/2
f 46/9/2 43/8/2 1/6/2
f 35/2/2 46/9/2 1/6/2
f 2/10/2 11/11/5 10/12/2
f 96/13/6 95/14/7 11/11/5
f 2/10/2 5/15/8 3/16/9
f 4/17/2 7/18/10 5/15/8
f 6/19/2 9/20/11 7/18/10
f 9/20/11 10/12/2 11/11/5
f 13/21/12 16/22/13 12/23/14
f 12/23/14 15/24/15 13/21/12
f 99/25/16 98/26/17 14/27/18
f 17/28/19 18/29/20 16/22/13
f 19/30/21 20/31/22 18/29/20
f 14/27/18 21/32/23 15/24/15
f 123/33/24 122/34/25 20/31/22
f 22/35/26 27/36/2 26/37/27
f 23/38/2 24/39/28 25/40/2
f 129/41/29 128/42/30 24/39/28
f 26/37/27 29/43/2 28/44/31
f 28/44/31 31/45/2 30/46/32
f 25/40/2 30/46/32 31/45/2
f 153/47/33 152/48/34 30/46/32
f 33/1/1 38/49/35 32/50/36
f 33/1/1 40/7/2 39/51/37
f 38/49/35 42/52/38 41/53/39
f 40/7/2 42/52/38 39/51/37
f 41/53/39 45/54/40 44/55/41
f 42/52/38 46/9/2 45/54/40
f 35/2/2 45/54/40 46/9/2
f 37/4/3 45/54/40 36/5/4
f 10/12/2 47/56/2 2/10/2
f 8/57/2 49/58/2 10/12/2
f 6/19/2 51/59/2 8/57/2
f 4/17/2 53/60/2 6/19/2
f 4/17/2 47/56/2 55/61/42
f 103/62/43 100/63/44 99/25/16
f 109/64/45 106/65/46 105/66/47
f 115/67/48 112/68/49 111/69/50
f 121/70/51 118/71/52 117/72/53
f 97/73/54 124/74/55 123/33/24
f 15/24/15 59/75/56 57/76/57
f 21/32/23 61/77/58 59/75/56
f 19/30/21 63/78/59 61/77/58
f 17/28/19 65/79/60 63/78/59
f 13/21/12 57/76/57 65/79/60
f 138/80/61 129/41/29 133/81/62
f 144/82/63 135/83/64 139/84/65
f 150/85/66 141/86/67 145/87/68
f 156/88/69 147/89/70 151/90/71
f 132/91/72 153/47/33 127/92/73
f 48/93/74 55/61/42 47/56/2
f 108/94/75 107/95/76 56/96/77
f 47/56/2 50/97/78 48/93/74
f 49/58/2 52/98/79 50/97/78
f 51/59/2 54/99/80 52/98/79
f 53/60/2 56/96/77 54/99/80
f 58/100/81 65/79/60 57/76/57
f 138/80/61 137/101/82 66/102/83
f 57/76/57 60/103/84 58/100/81
f 59/75/56 62/104/85 60/103/84
f 62/104/85 63/78/59 64/105/86
f 63/78/59 66/102/83 64/105/86
f 67/106/87 76/107/88 75/108/89
f 67/106/87 70/109/90 68/110/91
f 70/109/90 71/111/92 72/112/93
f 72/112/93 73/113/94 74/114/95
f 74/114/95 75/108/89 76/107/88
f 31/45/2 67/115/87 25/40/2
f 29/43/2 69/116/96 31/45/2
f 27/36/2 71/117/92 29/43/2
f 23/38/2 73/118/94 27/36/2
f 25/40/2 75/119/89 23/38/2
f 68/110/91 32/120/36 76/107/88
f 74/114/95 32/120/36 38/121/35
f 74/114/95 41/122/39 72/112/93
f 72/112/93 44/123/41 70/109/90
f 68/110/91 44/123/41 37/124/3
f 7/18/10 89/125/97 88/126/98
f 5/15/8 83/127/99 82/128/100
f 9/20/11 92/129/101 91/130/102
f 11/11/5 95/14/7 94/131/103
f 50/97/78 125/132/104 124/74/55
f 16/22/13 110/133/105 109/64/45
f 18/29/20 116/134/106 115/67/48
f 56/96/77 107/95/76 106/65/46
f 20/31/22 122/34/25 121/70/51
f 54/99/80 113/135/107 112/68/49
f 52/98/79 119/136/108 118/71/52
f 60/103/84 155/137/109 154/138/110
f 26/37/27 140/139/111 139/84/65
f 28/44/31 146/140/112 145/87/68
f 66/102/83 137/101/82 136/141/113
f 30/46/32 152/48/34 151/90/71
f 64/105/86 143/142/114 142/143/115
f 62/104/85 149/144/116 148/145/117
f 81/146/118 96/13/6 77/147/119
f 77/147/119 87/148/120 78/149/121
f 79/150/122 82/128/100 84/151/123
f 80/152/124 88/126/98 90/153/125
f 80/152/124 93/154/126 81/146/118
f 99/25/16 102/155/127 97/73/54
f 105/66/47 108/94/75 103/62/43
f 111/69/50 114/156/128 109/64/45
f 117/72/53 120/157/129 115/67/48
f 123/33/24 126/158/130 121/70/51
f 127/92/73 130/159/131 132/91/72
f 133/81/62 136/141/113 138/80/61
f 139/84/65 142/143/115 144/82/63
f 145/87/68 148/145/117 150/85/66
f 151/90/71 154/138/110 156/88/69
f 82/128/100 78/149/121 87/148/120
f 88/126/98 79/150/122 84/151/123
f 91/130/102 80/152/124 90/153/125
f 94/131/103 81/146/118 93/154/126
f 85/160/132 77/147/119 96/13/6
f 78/149/121 79/150/122 80/152/124
f 82/128/100 83/127/99 84/151/123
f 85/160/132 86/161/133 87/148/120
f 88/126/98 89/125/97 90/153/125
f 91/130/102 92/129/101 93/154/126
f 94/131/103 95/14/7 96/13/6
f 97/73/54 98/26/17 99/25/16
f 100/63/44 101/162/134 102/155/127
f 103/62/43 104/163/135 105/66/47
f 106/65/46 107/95/76 108/94/75
f 109/64/45 110/133/105 111/69/50
f 112/68/49 113/135/107 114/156/128
f 115/67/48 116/134/106 117/72/53
f 118/71/52 119/136/108 120/157/129
f 121/70/51 122/34/25 123/33/24
f 124/74/55 125/132/104 126/158/130
f 127/92/73 128/42/30 129/41/29
f 130/159/131 131/164/136 132/91/72
f 133/81/62 134/165/137 135/83/64
f 136/141/113 137/101/82 138/80/61
f 139/84/65 140/139/111 141/86/67
f 142/143/115 143/142/114 144/82/63
f 145/87/68 146/140/112 147/89/70
f 148/145/117 149/144/116 150/85/66
f 151/90/71 152/48/34 153/47/33
f 154/138/110 155/137/109 156/88/69
f 33/1/1 32/50/36 37/4/3
f 2/10/2 3/16/9 11/11/5
f 11/11/5 3/16/9 96/13/6
f 3/16/9 86/161/133 85/160/132
f 96/13/6 3/16/9 85/160/132
f 14/27/18 12/23/14 99/25/16
f 12/23/14 104/163/135 103/62/43
f 99/25/16 12/23/14 103/62/43
f 14/27/18 20/31/22 21/32/23
f 20/31/22 14/27/18 123/33/24
f 14/27/18 98/26/17 97/73/54
f 123/33/24 14/27/18 97/73/54
f 24/39/28 22/35/26 133/81/62
f 22/35/26 134/165/137 133/81/62
f 133/81/62 129/41/29 24/39/28
f 30/46/32 24/39/28 127/92/73
f 24/39/28 128/42/30 127/92/73
f 127/92/73 153/47/33 30/46/32
f 35/2/2 36/5/4 45/54/40
f 37/4/3 44/55/41 45/54/40
f 82/128/100 87/148/120 3/16/9
f 87/148/120 86/161/133 3/16/9
f 3/16/9 5/15/8 82/128/100
f 94/131/103 93/154/126 11/11/5
f 93/154/126 92/129/101 9/20/11
f 11/11/5 93/154/126 9/20/11
f 151/90/71 147/89/70 28/44/31
f 147/89/70 146/140/112 28/44/31
f 28/44/31 30/46/32 151/90/71
f 81/146/118 94/131/103 96/13/6
f 77/147/119 85/160/132 87/148/120
f 79/150/122 78/149/121 82/128/100
f 80/152/124 91/130/102 93/154/126
f 99/25/16 100/63/44 102/155/127
f 81/146/118 77/147/119 80/152/124
f 77/147/119 78/149/121 80/152/124
f 33/1/1 36/5/4 35/2/2
f 2/10/2 4/17/2 5/15/8
f 4/17/2 6/19/2 7/18/10
f 6/19/2 8/57/2 9/20/11
f 9/20/11 8/57/2 10/12/2
f 13/21/12 17/28/19 16/22/13
f 12/23/14 14/27/18 15/24/15
f 17/28/19 19/30/21 18/29/20
f 19/30/21 21/32/23 20/31/22
f 22/35/26 23/38/2 27/36/2
f 23/38/2 22/35/26 24/39/28
f 26/37/27 27/36/2 29/43/2
f 28/44/31 29/43/2 31/45/2
f 25/40/2 24/39/28 30/46/32
f 33/1/1 39/51/37 38/49/35
f 33/1/1 34/3/2 40/7/2
f 38/49/35 39/51/37 42/52/38
f 40/7/2 43/8/2 42/52/38
f 41/53/39 42/52/38 45/54/40
f 42/52/38 43/8/2 46/9/2
f 10/12/2 49/58/2 47/56/2
f 8/57/2 51/59/2 49/58/2
f 6/19/2 53/60/2 51/59/2
f 4/17/2 55/61/42 53/60/2
f 4/17/2 2/10/2 47/56/2
f 103/62/43 108/94/75 100/63/44
f 109/64/45 114/156/128 106/65/46
f 115/67/48 120/157/129 112/68/49
f 121/70/51 126/158/130 118/71/52
f 97/73/54 102/155/127 124/74/55
f 15/24/15 21/32/23 59/75/56
f 21/32/23 19/30/21 61/77/58
f 19/30/21 17/28/19 63/78/59
f 17/28/19 13/21/12 65/79/60
f 13/21/12 15/24/15 57/76/57
f 138/80/61 130/159/131 129/41/29
f 144/82/63 136/141/113 135/83/64
f 150/85/66 142/143/115 141/86/67
f 156/88/69 148/145/117 147/89/70
f 132/91/72 154/138/110 153/47/33
f 48/93/74 56/96/77 55/61/42
f 56/96/77 48/93/74 108/94/75
f 48/93/74 101/162/134 100/63/44
f 108/94/75 48/93/74 100/63/44
f 47/56/2 49/58/2 50/97/78
f 49/58/2 51/59/2 52/98/79
f 51/59/2 53/60/2 54/99/80
f 53/60/2 55/61/42 56/96/77
f 58/100/81 66/102/83 65/79/60
f 66/102/83 58/100/81 130/159/131
f 58/100/81 131/164/136 130/159/131
f 130/159/131 138/80/61 66/102/83
f 57/76/57 59/75/56 60/103/84
f 59/75/56 61/77/58 62/104/85
f 62/104/85 61/77/58 63/78/59
f 63/78/59 65/79/60 66/102/83
f 67/106/87 68/110/91 76/107/88
f 67/106/87 69/166/96 70/109/90
f 70/109/90 69/166/96 71/111/92
f 72/112/93 71/111/92 73/113/94
f 74/114/95 73/113/94 75/108/89
f 31/45/2 69/116/96 67/115/87
f 29/43/2 71/117/92 69/116/96
f 27/36/2 73/118/94 71/117/92
f 23/38/2 75/119/89 73/118/94
f 25/40/2 67/115/87 75/119/89
f 68/110/91 37/124/3 32/120/36
f 74/114/95 76/107/88 32/120/36
f 74/114/95 38/121/35 41/122/39
f 72/112/93 41/122/39 44/123/41
f 68/110/91 70/109/90 44/123/41
f 88/126/98 84/151/123 5/15/8
f 84/151/123 83/127/99 5/15/8
f 5/15/8 7/18/10 88/126/98
f 91/130/102 90/153/125 7/18/10
f 90/153/125 89/125/97 7/18/10
f 7/18/10 9/20/11 91/130/102
f 124/74/55 102/155/127 50/97/78
f 102/155/127 101/162/134 48/93/74
f 50/97/78 102/155/127 48/93/74
f 109/64/45 105/66/47 16/22/13
f 105/66/47 104/163/135 12/23/14
f 16/22/13 105/66/47 12/23/14
f 115/67/48 111/69/50 18/29/20
f 111/69/50 110/133/105 16/22/13
f 18/29/20 111/69/50 16/22/13
f 106/65/46 114/156/128 56/96/77
f 114/156/128 113/135/107 54/99/80
f 56/96/77 114/156/128 54/99/80
f 121/70/51 117/72/53 20/31/22
f 117/72/53 116/134/106 18/29/20
f 20/31/22 117/72/53 18/29/20
f 112/68/49 120/157/129 54/99/80
f 120/157/129 119/136/108 52/98/79
f 54/99/80 120/157/129 52/98/79
f 118/71/52 126/158/130 52/98/79
f 126/158/130 125/132/104 50/97/78
f 52/98/79 126/158/130 50/97/78
f 154/138/110 132/91/72 58/100/81
f 132/91/72 131/164/136 58/100/81
f 58/100/81 60/103/84 154/138/110
f 139/84/65 135/83/64 22/35/26
f 135/83/64 134/165/137 22/35/26
f 22/35/26 26/37/27 139/84/65
f 145/87/68 141/86/67 26/37/27
f 141/86/67 140/139/111 26/37/27
f 26/37/27 28/44/31 145/87/68
f 136/141/113 144/82/63 64/105/86
f 144/82/63 143/142/114 64/105/86
f 64/105/86 66/102/83 136/141/113
f 142/143/115 150/85/66 62/104/85
f 150/85/66 149/144/116 62/104/85
f 62/104/85 64/105/86 142/143/115
f 148/145/117 156/88/69 60/103/84
f 156/88/69 155/137/109 60/103/84
f 60/103/84 62/104/85 148/145/117
f 80/152/124 79/150/122 88/126/98
f 105/66/47 106/65/46 108/94/75
f 111/69/50 112/68/49 114/156/128
f 117/72/53 118/71/52 120/157/129
f 123/33/24 124/74/55 126/158/130
f 127/92/73 129/41/29 130/159/131
f 133/81/62 135/83/64 136/141/113
f 139/84/65 141/86/67 142/143/115
f 145/87/68 147/89/70 148/145/117
f 151/90/71 153/47/33 154/138/110
o star
v -0.279996 15.268483 -0.844396
v -0.178699 16.157354 -0.827108
v -0.279996 16.969854 -1.397205
v -0.178698 17.188536 -0.492057
v -0.279996 18.021357 0.050066
v -0.178698 17.188536 0.592190
v -0.279996 16.969854 1.497337
v -0.178698 16.157354 0.927240
v -0.279996 15.268483 0.944529
v -0.178698 15.520050 0.050066
v 0.234320 15.268483 -0.844396
v 0.133022 16.157354 -0.827108
v 0.234320 16.969854 -1.397205
v 0.133022 17.188536 -0.492057
v 0.234320 18.021357 0.050066
v 0.133022 17.188536 0.592190
v 0.234320 16.969854 1.497337
v 0.133022 16.157354 0.927240
v 0.234320 15.268483 0.944529
v 0.133022 15.520050 0.050066
v -0.549476 16.499605 0.050066
v 0.665093 16.499605 0.050066
vn -0.0000 0.0194 -0.9998
vn -0.0000 -0.5744 -0.8186
vn -0.0000 0.9720 -0.2348
vn -0.0000 0.5455 -0.8381
vn -0.0000 0.5455 0.8381
vn -0.0000 0.9720 0.2348
vn -0.0000 -0.5744 0.8186
vn -0.0000 0.0194 0.9998
vn -0.0000 -0.9627 -0.2707
vn -0.0000 -0.9627 0.2707
vn -0.9302 -0.1128 -0.3492
vn -0.9847 -0.1412 -0.1023
vn -1.0000 -0.0008 -0.0000
vn -0.9847 0.0532 -0.1661
vn -0.9209 0.3157 -0.2287
vn -0.9847 0.1744 -0.0000
vn -0.9209 0.3157 0.2287
vn -0.9847 0.0532 0.1661
vn -0.9302 -0.1128 0.3492
vn -0.9847 -0.1412 0.1023
vn -0.9352 -0.3540 -0.0000
vn 0.9622 -0.2200 -0.1606
vn 0.8703 -0.1532 -0.4681
vn 1.0000 -0.0006 -0.0000
vn 0.9622 0.0849 -0.2588
vn 0.8547 0.4197 -0.3056
vn 0.9622 0.2724 -0.0000
vn 0.8547 0.4197 0.3056
vn 0.9622 0.0849 0.2588
vn 0.8703 -0.1532 0.4681
vn 0.9622 -0.2200 0.1606
vn 0.8787 -0.4773 -0.0000
vt 0.210309 0.133974
vt 0.216514 0.184503
vt 0.214691 0.146383
vt 0.184910 0.215911
vt 0.213845 0.177138
vt 0.236104 0.230981
vt 0.189616 0.227756
vt 0.263457 0.258696
vt 0.233514 0.223787
vt 0.290668 0.217948
vt 0.267482 0.270349
vt 0.337361 0.200172
vt 0.292931 0.225211
vt 0.305144 0.167438
vt 0.340637 0.212320
vt 0.302563 0.123835
vt 0.307298 0.174916
vt 0.257684 0.142893
vt 0.306098 0.136437
vt 0.260088 0.150428
vt 0.257296 0.179424
vt 0.266690 0.208013
s 1
usemtl lambert3
f 157/167/138 168/168/138 167/169/138
f 159/170/139 168/168/139 158/171/139
f 159/170/140 170/172/140 169/173/140
f 161/174/141 170/172/141 160/175/141
f 162/176/142 171/177/142 161/174/142
f 163/178/143 172/179/143 162/176/143
f 164/180/144 173/181/144 163/178/144
f 165/182/145 174/183/145 164/180/145
f 166/184/146 175/185/146 165/182/146
f 157/167/147 176/186/147 166/184/147
f 158/171/148 157/167/149 177/187/150
f 159/170/151 158/171/148 177/187/150
f 160/175/152 159/170/151 177/187/150
f 161/174/153 160/175/152 177/187/150
f 162/176/154 161/174/153 177/187/150
f 163/178/155 162/176/154 177/187/150
f 164/180/156 163/178/155 177/187/150
f 165/182/157 164/180/156 177/187/150
f 166/184/158 165/182/157 177/187/150
f 157/167/149 166/184/158 177/187/150
f 167/169/159 168/168/160 178/188/161
f 168/168/160 169/173/162 178/188/161
f 169/173/162 170/172/163 178/188/161
f 170/172/163 171/177/164 178/188/161
f 171/177/164 172/179/165 178/188/161
f 172/179/165 173/181/166 178/188/161
f 173/181/166 174/183/167 178/188/161
f 174/183/167 175/185/168 178/188/161
f 175/185/168 176/186/169 178/188/161
f 176/186/169 167/169/159 178/188/161
f 157/167/138 158/171/138 168/168/138
f 159/170/139 169/173/139 168/168/139
f 159/170/140 160/175/140 170/172/140
f 161/174/141 171/177/141 170/172/141
f 162/176/142 172/179/142 171/177/142
f 163/178/143 173/181/143 172/179/143
f 164/180/144 174/183/144 173/181/144
f 165/182/145 175/185/145 174/183/145
f 166/184/146 176/186/146 175/185/146
f 157/167/147 167/169/147 176/186/147
o present
v 1.423334 0.180309 -0.455664
v 2.195334 0.180309 0.799814
v 1.423334 0.890844 -0.455664
v 2.195334 0.890844 0.799814
v 2.678812 0.890844 -1.227665
v 3.450812 0.890844 0.027813
v 2.678812 0.180308 -1.227664
v 3.450812 0.180309 0.027813
v 1.277771 1.227995 -0.490375
v 2.160623 1.227995 0.945376
v 3.596375 1.227995 0.062524
v 2.713523 1.227995 -1.373227
v 1.277771 0.876002 -0.490375
v 2.160623 0.876002 0.945376
v 3.596375 0.876002 0.062524
v 2.713523 0.876002 -1.373227
v 1.696686 0.180309 -0.011120
v 1.696686 0.890844 -0.011120
v 2.960435 0.890844 -0.769670
v 2.960435 0.180308 -0.769670
v 1.605956 1.227995 0.043339
v 3.051166 1.227995 -0.824129
v 1.605956 0.876002 0.043339
v 3.051166 0.876002 -0.824129
v 1.944183 0.180309 0.391374
v 1.944183 0.890844 0.391374
v 3.208097 0.890844 -0.366905
v 3.208097 0.180309 -0.366905
v 1.853440 1.227995 0.445815
v 3.298840 1.227995 -0.421346
v 1.853440 0.876002 0.445815
v 3.298840 0.876002 -0.421346
v 2.225103 0.890844 -0.948677
v 2.983676 0.890844 0.315058
v 2.225103 0.180308 -0.948677
v 2.983676 0.180309 0.315058
v 3.038137 1.227995 0.405788
v 2.170641 1.227995 -1.039406
v 3.038137 0.876002 0.405788
v 2.170641 0.876002 -1.039406
v 2.498860 1.227995 -0.492615
v 2.498860 0.180309 -0.492615
v 2.742126 1.227995 -0.087348
v 2.742126 0.180309 -0.087348
v 1.988988 0.890844 -0.803488
v 2.725118 0.890844 0.474047
v 2.777968 1.227995 0.565767
v 1.936137 1.227995 -0.895208
v 2.777968 0.876002 0.565767
v 1.936137 0.876002 -0.895208
v 2.253112 1.227995 -0.345108
v 2.489104 1.227995 0.064451
v 1.988988 0.180308 -0.803488
v 2.725118 0.180309 0.474047
v 2.253112 0.180309 -0.345108
v 2.489104 0.180309 0.064451
v 1.684131 0.180309 -0.003400
v 1.684131 0.873249 -0.003400
v 1.931628 0.180309 0.399094
v 1.931628 0.873249 0.399094
v 2.498860 1.243385 -0.492615
v 3.063721 1.243385 -0.831849
v 2.742126 1.243385 -0.087348
v 3.311395 1.243385 -0.429066
v 2.972990 0.873249 -0.777390
v 2.972990 0.180308 -0.777389
v 3.220653 0.873249 -0.374625
v 3.220653 0.180309 -0.374625
v 1.593401 0.858407 0.051059
v 1.593401 1.243385 0.051059
v 1.840885 0.858407 0.453535
v 1.840885 1.243385 0.453535
v 3.311395 0.858407 -0.429066
v 3.063721 0.858407 -0.831849
v 2.162921 0.858407 -1.051961
v 2.162921 1.243385 -1.051961
v 1.928417 0.858407 -0.907763
v 1.928417 1.243385 -0.907763
v 2.226131 0.875592 -0.947005
v 1.990016 0.875592 -0.801817
v 2.253112 1.243385 -0.345108
v 2.489104 1.243385 0.064451
v 3.045858 1.243385 0.418342
v 2.785688 1.243385 0.578322
v 2.732838 0.180309 0.486602
v 2.732838 0.873249 0.486602
v 2.991396 0.180309 0.327613
v 2.991396 0.873249 0.327613
v 2.785688 0.858407 0.578322
v 3.045858 0.858407 0.418342
v 2.484873 1.583719 -0.340579
v 2.524594 1.679158 -0.435862
v 2.583505 1.667214 -0.577178
v 2.617646 1.587400 -0.659075
v 2.628972 1.488019 -0.686243
v 2.615772 1.330599 -0.654578
v 2.439102 1.264486 -0.230783
v 2.592522 1.261303 -0.598807
v 2.580282 1.574288 -0.311968
v 2.576528 1.583719 -0.302370
v 2.530744 1.264486 -0.192581
v 2.616242 1.679158 -0.397656
v 2.675182 1.667214 -0.538960
v 2.709343 1.587400 -0.620848
v 2.720663 1.488019 -0.648020
v 2.679642 1.276596 -0.550409
v 2.684175 1.261303 -0.560599
v 2.707460 1.330599 -0.616355
v 2.538003 1.279535 -0.210600
v 2.616933 1.662408 -0.399955
v 2.671333 1.651380 -0.530431
v 2.702867 1.577686 -0.606043
v 2.713320 1.485926 -0.631130
v 2.701129 1.340579 -0.601894
v 2.471771 1.583719 -0.080443
v 2.413956 1.679158 0.005080
v 2.328209 1.667214 0.131918
v 2.278516 1.587400 0.205426
v 2.262031 1.488019 0.229811
v 2.281244 1.330599 0.201390
v 2.538392 1.264486 -0.178989
v 2.315085 1.261303 0.151333
v 2.383924 1.574288 -0.127392
v 2.389506 1.583719 -0.136056
v 2.456139 1.264486 -0.234596
v 2.331697 1.679158 -0.050530
v 2.245924 1.667214 0.076291
v 2.196212 1.587400 0.149786
v 2.179733 1.488019 0.174176
v 2.239284 1.276596 0.086629
v 2.232821 1.261303 0.095720
v 2.198948 1.330599 0.145756
v 2.445453 1.279535 -0.218372
v 2.330564 1.662408 -0.048413
v 2.251387 1.651380 0.068695
v 2.205494 1.577686 0.136558
v 2.190277 1.485926 0.159076
v 2.208020 1.340579 0.132836
v 2.381208 1.264476 -0.057841
v 2.653595 1.264476 -0.057841
v 2.381208 1.264476 -0.330228
v 2.653595 1.264476 -0.330228
v 2.333540 1.312144 -0.194034
v 2.701263 1.128282 -0.377896
v 2.333540 1.128282 -0.377896
v 2.701263 1.128282 -0.010173
v 2.517402 1.312144 -0.010173
v 2.333540 1.128282 -0.010173
v 2.701263 1.312144 -0.194034
v 2.517402 1.312144 -0.377896
v 2.517402 1.128282 0.051115
v 2.517402 1.373431 -0.194034
v 2.517402 1.128282 -0.439183
v 2.762551 1.128282 -0.194034
v 2.272253 1.128282 -0.194034
v 2.333090 1.583719 -0.238871
v 2.231647 1.679158 -0.257998
v 2.081194 1.667214 -0.286367
v 1.994002 1.587400 -0.302808
v 1.965078 1.488019 -0.308262
v 1.998790 1.330599 -0.301905
v 2.449984 1.264486 -0.216829
v 2.058167 1.261303 -0.290709
v 2.341323 1.574288 -0.338136
v 2.351490 1.583719 -0.336451
v 2.468380 1.264486 -0.314396
v 2.250044 1.679158 -0.355572
v 2.099598 1.667214 -0.383971
v 2.012410 1.587400 -0.400434
v 1.983484 1.488019 -0.405881
v 2.087474 1.276596 -0.385963
v 2.076566 1.261303 -0.388288
v 2.017196 1.330599 -0.399522
v 2.449248 1.279535 -0.317766
v 2.247653 1.662408 -0.355771
v 2.108739 1.651380 -0.381972
v 2.028236 1.577686 -0.397163
v 2.001528 1.485926 -0.402194
v 2.032655 1.340579 -0.396323
v 2.590300 1.583719 -0.279924
v 2.685942 1.679158 -0.241073
v 2.827788 1.667214 -0.183451
v 2.909993 1.587400 -0.150058
v 2.937263 1.488019 -0.138981
v 2.905479 1.330599 -0.151892
v 2.480093 1.264486 -0.324693
v 2.849499 1.261303 -0.174632
v 2.562560 1.574288 -0.184259
v 2.552928 1.583719 -0.187925
v 2.442726 1.264486 -0.232707
v 2.648572 1.679158 -0.149080
v 2.790407 1.667214 -0.091430
v 2.872603 1.587400 -0.058016
v 2.899877 1.488019 -0.046946
v 2.801896 1.276596 -0.087075
v 2.812128 1.261303 -0.082635
v 2.868093 1.330599 -0.059859
v 2.460811 1.279535 -0.225612
v 2.650877 1.662408 -0.148411
v 2.781844 1.651380 -0.095202
v 2.857740 1.577686 -0.064358
v 2.882921 1.485926 -0.054134
v 2.853575 1.340579 -0.066058
v -0.889337 0.098523 4.803961
v 1.301794 0.098523 4.345829
v -0.889337 1.132028 4.803961
v 1.301794 1.132028 4.345829
v -1.347470 1.132028 2.612830
v 0.843661 1.132028 2.154697
v -1.347470 0.098523 2.612830
v 0.843661 0.098523 2.154697
v -1.013758 1.622428 4.994165
v 1.491998 1.622428 4.470248
v 0.968082 1.622428 1.964494
v -1.537674 1.622428 2.488410
v -1.013758 1.110440 4.994165
v 1.491998 1.110440 4.470248
v 0.968082 1.110440 1.964494
v -1.537674 1.110440 2.488410
v -0.113495 0.098523 4.641744
v -0.113495 1.132028 4.641744
v -0.548151 1.132028 2.445705
v -0.548151 0.098523 2.445705
v -0.082288 1.622428 4.799408
v -0.579357 1.622428 2.288041
v -0.082288 1.110440 4.799408
v -0.579357 1.110440 2.288041
v 0.588962 0.098523 4.494870
v 0.588962 1.132028 4.494870
v 0.154776 1.132028 2.298733
v 0.154776 0.098523 2.298733
v 0.620134 1.622428 4.652543
v 0.123603 1.622428 2.141062
v 0.620134 1.110440 4.652543
v 0.123603 1.110440 2.141062
v -1.181909 1.132028 3.404669
v 1.014122 1.132028 2.969969
v -1.181909 0.098523 3.404669
v 1.014122 0.098523 2.969969
v 1.171787 1.622428 2.938761
v -1.339573 1.622428 3.435878
v 1.171787 1.110440 2.938761
v -1.339573 1.110440 3.435878
v -0.389396 1.622428 3.247792
v -0.389396 0.098523 3.247792
v 0.314848 1.622428 3.108389
v 0.314848 0.098523 3.108389
v -1.095749 1.132028 3.816750
v 1.108472 1.132028 3.421221
v 1.266724 1.622428 3.392823
v -1.254000 1.622428 3.845147
v 1.266724 1.110440 3.392823
v -1.254000 1.110440 3.845147
v -0.304873 1.622428 3.674834
v 0.401768 1.622428 3.548033
v -1.095749 0.098523 3.816750
v 1.108472 0.098523 3.421220
v -0.304873 0.098523 3.674834
v 0.401768 0.098523 3.548033
v -0.108913 0.098523 4.663656
v -0.108913 1.106435 4.663656
v 0.593543 0.098523 4.516782
v 0.593543 1.106435 4.516782
v -0.389396 1.644813 3.247792
v -0.583939 1.644813 2.266129
v 0.314848 1.644813 3.108389
v 0.119022 1.644813 2.119150
v -0.552733 1.106435 2.423794
v -0.552733 0.098523 2.423794
v 0.150194 1.106435 2.276822
v 0.150194 0.098523 2.276822
v -0.077707 1.084847 4.821320
v -0.077707 1.644813 4.821320
v 0.624716 1.084847 4.674453
v 0.624716 1.644814 4.674453
v 0.119022 1.084847 2.119150
v -0.583939 1.084847 2.266129
v -1.361484 1.084847 3.440459
v -1.361484 1.644813 3.440459
v -1.275911 1.084847 3.849729
v -1.275911 1.644813 3.849729
v -1.178991 1.109842 3.404058
v -1.092831 1.109842 3.816140
v -0.304873 1.644813 3.674834
v 0.401768 1.644813 3.548033
v 1.193698 1.644813 2.934180
v 1.288635 1.644813 3.388242
v 1.130383 0.098523 3.416639
v 1.130384 1.106435 3.416639
v 1.036034 0.098523 2.965388
v 1.036034 1.106435 2.965388
v 1.288635 1.084847 3.388242
v 1.193698 1.084847 2.934180
v -1.361541 0.170629 -2.399128
v 0.821760 0.170629 -1.905023
v -1.361541 1.630748 -2.399128
v 0.821760 1.630748 -1.905023
v -0.867436 1.630748 -4.582429
v 1.315865 1.630748 -4.088325
v -0.867436 0.170628 -4.582429
v 1.315865 0.170629 -4.088325
v -1.553765 2.323578 -2.277853
v 0.943036 2.323578 -1.712800
v 1.508089 2.323577 -4.209600
v -0.988712 2.323577 -4.774653
v -1.553765 1.600249 -2.277853
v 0.943036 1.600249 -1.712800
v 1.508089 1.600248 -4.209600
v -0.988712 1.600248 -4.774653
v -0.588471 0.170629 -2.224174
v -0.588471 1.630748 -2.224174
v -0.070973 1.630748 -4.402182
v -0.070973 0.170629 -4.402182
v -0.625625 2.323578 -2.067805
v -0.033820 2.323577 -4.558551
v -0.625625 1.600249 -2.067805
v -0.033820 1.600248 -4.558551
v 0.111475 0.170629 -2.065769
v 0.111475 1.630748 -2.065769
v 0.629441 1.630748 -4.243670
v 0.629441 0.170629 -4.243670
v 0.074288 2.323578 -1.909407
v 0.666629 2.323577 -4.400032
v 0.074288 1.600249 -1.909407
v 0.666629 1.600248 -4.400032
v -1.045997 1.630748 -3.793421
v 1.132019 1.630748 -3.275966
v -1.045997 0.170629 -3.793421
v 1.132019 0.170629 -3.275966
v 1.288390 2.323577 -3.238814
v -1.202368 2.323577 -3.830572
v 1.288390 1.600249 -3.238814
v -1.202368 1.600249 -3.830572
v -0.259986 2.323577 -3.606680
v -0.259986 0.170629 -3.606680
v 0.438482 2.323577 -3.440737
v 0.438481 0.170629 -3.440737
v -1.138923 1.630748 -3.382812
v 1.030261 1.630748 -2.826327
v 1.185997 2.323577 -2.786375
v -1.294659 2.323577 -3.422765
v 1.185997 1.600249 -2.786375
v -1.294659 1.600249 -3.422765
v -0.360618 2.323577 -3.183145
v 0.334790 2.323577 -3.004744
v -1.138923 0.170629 -3.382812
v 1.030261 0.170629 -2.826328
v -0.360618 0.170629 -3.183145
v 0.334790 0.170629 -3.004745
v -0.593412 0.170629 -2.202341
v -0.593412 1.594591 -2.202341
v 0.106534 0.170629 -2.043936
v 0.106534 1.594591 -2.043936
v -0.259986 2.355203 -3.606680
v -0.028879 2.355203 -4.580384
v 0.438482 2.355203 -3.440737
v 0.671570 2.355203 -4.421865
v -0.066032 1.594590 -4.424014
v -0.066032 0.170629 -4.424014
v 0.634382 1.594590 -4.265503
v 0.634382 0.170629 -4.265503
v -0.630566 1.564091 -2.045972
v -0.630566 2.355203 -2.045972
v 0.069347 1.564091 -1.887574
v 0.069347 2.355203 -1.887574
v 0.671570 1.564091 -4.421865
v -0.028879 1.564091 -4.580384
v -1.224200 1.564091 -3.835513
v -1.224200 2.355203 -3.835513
v -1.316492 1.564091 -3.427706
v -1.316492 2.355203 -3.427706
v -1.043090 1.599404 -3.792763
v -1.136016 1.599404 -3.382154
v -0.360618 2.355203 -3.183145
v 0.334790 2.355203 -3.004744
v 1.310223 2.355203 -3.233873
v 1.207830 2.355203 -2.781433
v 1.052094 0.170629 -2.821387
v 1.052094 1.594591 -2.821386
v 1.153852 0.170629 -3.271025
v 1.153852 1.594591 -3.271025
v 1.207830 1.564091 -2.781433
v 1.310223 1.564091 -3.233873
v -0.101307 2.555244 -3.305083
v -0.202750 2.611609 -3.324211
v -0.353202 2.604556 -3.352580
v -0.440394 2.557418 -3.369021
v -0.469319 2.498725 -3.374475
v -0.435607 2.405755 -3.368118
v 0.015587 2.366709 -3.283042
v -0.376230 2.364829 -3.356922
v -0.093074 2.549675 -3.404348
v -0.082907 2.555244 -3.402663
v 0.033984 2.366709 -3.380608
v -0.184352 2.611609 -3.421784
v -0.334798 2.604556 -3.450184
v -0.421986 2.557418 -3.466646
v -0.450913 2.498725 -3.472093
v -0.346923 2.373861 -3.452176
v -0.357831 2.364829 -3.454501
v -0.417201 2.405755 -3.465734
v 0.014852 2.375597 -3.383979
v -0.186744 2.601717 -3.421983
v -0.325657 2.595204 -3.448184
v -0.406161 2.551682 -3.463376
v -0.432869 2.497489 -3.468407
v -0.401742 2.411648 -3.462536
v 0.155903 2.555244 -3.346137
v 0.251545 2.611609 -3.307285
v 0.393391 2.604556 -3.249664
v 0.475596 2.557418 -3.216271
v 0.502867 2.498725 -3.205193
v 0.471083 2.405755 -3.218105
v 0.045696 2.366709 -3.390905
v 0.415102 2.364829 -3.240845
v 0.128163 2.549675 -3.250471
v 0.118531 2.555244 -3.254138
v 0.008329 2.366709 -3.298920
v 0.214176 2.611609 -3.215293
v 0.356010 2.604556 -3.157643
v 0.438207 2.557418 -3.124229
v 0.465480 2.498725 -3.113158
v 0.367499 2.373861 -3.153288
v 0.377731 2.364829 -3.148847
v 0.433697 2.405755 -3.126072
v 0.026414 2.375597 -3.291825
v 0.216481 2.601717 -3.214623
v 0.347447 2.595204 -3.161414
v 0.423343 2.551682 -3.130571
v 0.448525 2.497489 -3.120347
v 0.419179 2.411648 -3.132270
v 0.050476 2.555244 -3.406791
v 0.090197 2.611609 -3.502075
v 0.149108 2.604556 -3.643390
v 0.183249 2.557418 -3.725287
v 0.194575 2.498725 -3.752456
v 0.181375 2.405755 -3.720791
v 0.004705 2.366709 -3.296996
v 0.158125 2.364829 -3.665020
v 0.145885 2.549675 -3.378180
v 0.142131 2.555244 -3.368583
v 0.096347 2.366709 -3.258793
v 0.181846 2.611609 -3.463869
v 0.240786 2.604556 -3.605173
v 0.274947 2.557418 -3.687061
v 0.286266 2.498725 -3.714232
v 0.245245 2.373861 -3.616621
v 0.249778 2.364829 -3.626812
v 0.273063 2.405755 -3.682568
v 0.103606 2.375597 -3.276813
v 0.182536 2.601717 -3.466168
v 0.236936 2.595204 -3.596644
v 0.268470 2.551682 -3.672256
v 0.278923 2.497489 -3.697343
v 0.266733 2.411648 -3.668107
v 0.037374 2.555244 -3.146655
v -0.020441 2.611609 -3.061133
v -0.106188 2.604556 -2.934294
v -0.155881 2.557418 -2.860787
v -0.172366 2.498725 -2.836401
v -0.153153 2.405755 -2.864823
v 0.103995 2.366709 -3.245202
v -0.119312 2.364829 -2.914880
v -0.050472 2.549675 -3.193605
v -0.044891 2.555244 -3.202269
v 0.021742 2.366709 -3.300808
v -0.102700 2.611609 -3.116743
v -0.188473 2.604556 -2.989922
v -0.238185 2.557418 -2.916426
v -0.254664 2.498725 -2.892037
v -0.195113 2.373861 -2.979584
v -0.201576 2.364829 -2.970493
v -0.235448 2.405755 -2.920457
v 0.011056 2.375597 -3.284585
v -0.103833 2.601717 -3.114626
v -0.183010 2.595204 -2.997518
v -0.228903 2.551682 -2.929654
v -0.244120 2.497489 -2.907136
v -0.226377 2.411648 -2.933377
v -0.053189 2.366703 -3.124053
v 0.219199 2.366703 -3.124053
v -0.053189 2.366703 -3.396441
v 0.219199 2.366703 -3.396441
v -0.100857 2.394855 -3.260247
v 0.266867 2.286268 -3.444109
v -0.100857 2.286268 -3.444109
v 0.266867 2.286268 -3.076386
v 0.083005 2.394855 -3.076386
v -0.100857 2.286268 -3.076386
v 0.266867 2.394855 -3.260247
v 0.083005 2.394855 -3.444109
v 0.083005 2.286268 -3.015099
v 0.083005 2.431051 -3.260247
v 0.083005 2.286268 -3.505396
v 0.328154 2.286268 -3.260247
v -0.162144 2.286268 -3.260247
v 0.246391 1.587318 4.186126
v 0.661645 1.587318 3.191972
v 0.246391 2.106728 4.186126
v 0.661645 2.106728 3.191972
v -0.747763 2.106728 3.770872
v -0.332509 2.106727 2.776718
v -0.747763 1.587318 3.770872
v -0.332509 1.587318 2.776718
v 0.287953 2.353188 4.287314
v 0.762833 2.353188 3.150410
v -0.374071 2.353188 2.675530
v -0.848951 2.353188 3.812434
v 0.287953 2.095878 4.287314
v 0.762833 2.095878 3.150410
v -0.374071 2.095878 2.675530
v -0.848951 2.095878 3.812434
v 0.393425 1.587318 3.834113
v 0.393425 2.106728 3.834113
v -0.596279 2.106728 3.408207
v -0.596279 1.587318 3.408207
v 0.464481 2.353188 3.864691
v -0.667335 2.353188 3.377629
v 0.464481 2.095878 3.864691
v -0.667335 2.095878 3.377629
v 0.526552 1.587318 3.515396
v 0.526552 2.106728 3.515396
v -0.463063 2.106728 3.089277
v -0.463063 1.587318 3.089277
v 0.597601 2.353188 3.545989
v -0.534113 2.353188 3.058684
v 0.597601 2.095878 3.545989
v -0.534113 2.095878 3.058684
v -0.388492 2.106728 3.920938
v 0.037394 2.106728 2.931225
v -0.388492 1.587318 3.920938
v 0.037394 1.587318 2.931225
v 0.067971 2.353188 2.860168
v -0.419069 2.353188 3.991994
v 0.067971 2.095878 2.860168
v -0.419069 2.095878 3.991994
v -0.234797 2.353188 3.563766
v -0.234797 1.587318 3.563766
v -0.098219 2.353188 3.246375
v -0.098219 1.587318 3.246375
v -0.201524 2.106728 3.999034
v 0.242135 2.106728 3.016744
v 0.273987 2.353188 2.946221
v -0.233376 2.353188 4.069557
v 0.273987 2.095878 2.946221
v -0.233376 2.095878 4.069557
v -0.042339 2.353188 3.646588
v 0.099891 2.353188 3.331680
v -0.201524 1.587318 3.999034
v 0.242134 1.587318 3.016744
v -0.042339 1.587318 3.646588
v 0.099891 1.587318 3.331680
v 0.403367 1.587318 3.838265
v 0.403367 2.093865 3.838265
v 0.536493 1.587318 3.519549
v 0.536493 2.093865 3.519549
v -0.234797 2.364438 3.563766
v -0.677276 2.364438 3.373477
v -0.098219 2.364438 3.246375
v -0.544054 2.364438 3.054531
v -0.606221 2.093865 3.404054
v -0.606221 1.587318 3.404054
v -0.473005 2.093865 3.085124
v -0.473005 1.587318 3.085124
v 0.474423 2.083015 3.868843
v 0.474423 2.364438 3.868843
v 0.607543 2.083015 3.550142
v 0.607543 2.364439 3.550142
v -0.544054 2.083015 3.054531
v -0.677276 2.083015 3.373477
v -0.423222 2.083016 4.001935
v -0.423222 2.364438 4.001935
v -0.237529 2.083016 4.079499
v -0.237529 2.364438 4.079499
v -0.387940 2.095578 3.919614
v -0.200971 2.095578 3.997710
v -0.042339 2.364438 3.646588
v 0.099891 2.364438 3.331680
v 0.072124 2.364438 2.850227
v 0.278140 2.364438 2.936279
v 0.246287 1.587318 3.006803
v 0.246287 2.093865 3.006803
v 0.041547 1.587318 2.921283
v 0.041547 2.093865 2.921283
v 0.278140 2.083016 2.936279
v 0.072124 2.083015 2.850227
v -0.055304 2.592045 3.547843
v -0.096440 2.659950 3.608693
v -0.157449 2.651452 3.698939
v -0.192806 2.594664 3.751240
v -0.204535 2.523954 3.768590
v -0.190865 2.411949 3.748368
v -0.007903 2.364909 3.477727
v -0.166787 2.362645 3.712752
v -0.117807 2.585334 3.514438
v -0.113836 2.592045 3.508274
v -0.066427 2.364909 3.438163
v -0.154968 2.659950 3.569126
v -0.215996 2.651452 3.659360
v -0.251365 2.594664 3.711652
v -0.263090 2.523954 3.729005
v -0.220720 2.373526 3.666715
v -0.225318 2.362645 3.673183
v -0.249418 2.411949 3.708784
v -0.074030 2.375617 3.449706
v -0.155773 2.648032 3.570632
v -0.212108 2.640186 3.653955
v -0.244761 2.587752 3.702240
v -0.255588 2.522465 3.718261
v -0.242964 2.419050 3.699591
v -0.119740 2.364902 3.563924
v 0.074064 2.364902 3.563924
v -0.119740 2.364902 3.370120
v 0.074064 2.364902 3.370120
v -0.153656 2.398818 3.467022
v 0.107980 2.268000 3.336204
v -0.153656 2.268000 3.336204
v 0.107980 2.268000 3.597840
v -0.022838 2.398818 3.597840
v -0.153656 2.268000 3.597840
v 0.107980 2.398818 3.467022
v -0.022838 2.398818 3.336204
v -0.022838 2.268000 3.641446
v -0.022838 2.442424 3.467022
v -0.022838 2.268000 3.292598
v 0.151586 2.268000 3.467022
v -0.197262 2.268000 3.467022
v -0.045982 2.592045 3.362756
v -0.017720 2.659950 3.294961
v 0.024195 2.651452 3.194415
v 0.048486 2.594664 3.136144
v 0.056545 2.523954 3.116814
v 0.047153 2.411949 3.139344
v -0.078548 2.364909 3.440875
v 0.030610 2.362645 3.179025
v 0.021901 2.585334 3.383112
v 0.019230 2.592045 3.389941
v -0.013345 2.364909 3.468057
v 0.047488 2.659950 3.322145
v 0.089424 2.651452 3.221607
v 0.113729 2.594664 3.163343
v 0.121783 2.523954 3.144010
v 0.092596 2.373526 3.213461
v 0.095822 2.362645 3.206210
v 0.112389 2.411949 3.166540
v -0.008180 2.375617 3.455236
v 0.047979 2.648032 3.320509
v 0.086685 2.640186 3.227675
v 0.109121 2.587752 3.173877
v 0.116558 2.522465 3.156027
v 0.107885 2.419050 3.176829
vn -0.8518 -0.0000 0.5238
vn -0.0000 1.0000 -0.0000
vn 0.8518 -0.0000 -0.5238
vn -0.0000 -1.0000 -0.0000
vn 0.5238 -0.0000 0.8518
vn -0.5238 -0.0000 -0.8518
vn 0.1183 -0.9903 -0.0728
vn -0.0728 -0.9903 -0.1183
vn -0.1183 -0.9903 0.0728
vn 0.0728 -0.9903 0.1183
vn -0.5193 -0.0025 -0.8546
vn -0.5147 -0.0051 -0.8573
vn -0.5237 -0.0002 -0.8519
vn 0.5192 0.0026 0.8546
vn 0.5146 0.0051 0.8574
vn 0.5146 0.0052 0.8574
vn -0.5237 0.0002 -0.8519
vn -0.5193 0.0025 -0.8546
vn 0.5237 -0.0002 0.8519
vn -0.5134 -0.0102 -0.8581
vn 0.5132 0.0104 0.8582
vn 0.5237 0.0002 0.8519
vn 0.5132 -0.0104 0.8582
vn -0.5134 0.0102 -0.8581
vn 0.8546 -0.0021 -0.5194
vn 0.8519 -0.0000 -0.5237
vn 0.8546 0.0025 -0.5193
vn 0.8573 -0.0041 -0.5148
vn 0.8519 -0.0001 -0.5237
vn 0.5195 0.1276 0.8449
vn -0.8661 0.0109 0.4997
vn 0.8546 -0.0025 -0.5193
vn 0.8573 -0.0051 -0.5148
vn 0.8519 -0.0003 -0.5237
vn -0.8662 0.0135 0.4995
vn -0.8662 -0.0135 0.4995
vn 0.8573 0.0050 -0.5148
vn -0.8680 -0.0271 0.4958
vn 0.8581 0.0102 -0.5134
vn -0.5147 0.0051 -0.8573
vn 0.5192 -0.0026 0.8546
vn 0.5145 -0.0052 0.8574
vn -0.2391 0.4695 0.8499
vn 0.3873 0.6470 -0.6568
vn 0.3591 -0.4700 -0.8063
vn 0.1526 -0.9478 -0.2799
vn -0.0067 0.9438 0.3303
vn 0.1515 -0.9843 -0.0903
vn -0.0110 0.9895 0.1438
vn -0.1063 -0.9361 0.3353
vn 0.2614 0.9262 -0.2716
vn -0.2968 -0.5509 0.7800
vn 0.4551 0.5444 -0.7046
vn 0.5157 -0.0188 -0.8566
vn -0.3317 0.3830 0.8621
vn 0.4858 -0.3813 -0.7866
vn -0.9790 0.2006 0.0363
vn -0.2032 -0.6524 0.7302
vn -0.8900 0.4228 -0.1707
vn -0.7881 0.4022 -0.4660
vn -0.7333 0.2115 -0.6462
vn -0.7077 -0.0181 -0.7062
vn -0.7126 -0.1361 -0.6882
vn -0.7452 -0.5581 -0.3649
vn -0.9142 -0.3814 0.1371
vn -0.3617 0.0210 0.9320
vn 0.4029 0.4695 -0.7857
vn -0.5098 0.6470 0.5671
vn -0.5118 -0.4700 0.7192
vn -0.2050 -0.9478 0.2441
vn 0.0720 0.9438 -0.3225
vn -0.1664 -0.9843 0.0585
vn 0.0393 0.9895 -0.1388
vn 0.1706 -0.9361 -0.3076
vn -0.3100 0.9262 0.2144
vn 0.4455 -0.5509 -0.7058
vn -0.5857 0.5444 0.6005
vn -0.6752 -0.0188 0.7374
vn 0.4959 0.3830 -0.7793
vn -0.6320 -0.3813 0.6747
vn 0.9668 0.2006 0.1584
vn 0.3438 -0.6524 -0.6754
vn 0.8385 0.4228 0.3437
vn 0.6801 0.4022 0.6129
vn 0.5907 0.2115 0.7787
vn 0.5537 -0.0181 0.8325
vn 0.5621 -0.1361 0.8158
vn 0.6581 -0.5581 0.5053
vn 0.9232 -0.3814 0.0468
vn 0.5393 0.0210 -0.8419
vn -0.0000 -0.9850 0.1723
vn 0.5773 0.5774 0.5774
vn -0.0000 0.7071 0.7071
vn -0.5774 0.5774 0.5774
vn -0.1271 -0.9837 0.1272
vn -0.7071 0.7071 -0.0000
vn 0.5774 0.5774 -0.5773
vn -0.0000 0.7071 -0.7071
vn -0.5774 0.5774 -0.5774
vn -0.0000 -0.9850 -0.1723
vn -0.1273 -0.9837 -0.1270
vn 0.1723 -0.9851 -0.0000
vn 0.7071 0.7071 -0.0000
vn 0.1270 -0.9837 0.1273
vn -0.1723 -0.9851 -0.0000
vn 0.8810 0.4695 0.0579
vn -0.7228 0.6470 -0.2429
vn -0.8632 -0.4700 -0.1843
vn -0.3054 -0.9478 -0.0913
vn 0.3246 0.9438 -0.0619
vn -0.1197 -0.9843 -0.1295
vn 0.1430 0.9895 -0.0190
vn 0.3500 -0.9361 0.0345
vn -0.3199 0.9262 -0.1995
vn 0.8246 -0.5509 0.1288
vn -0.7836 0.5444 -0.2993
vn -0.9448 -0.0188 -0.3271
vn 0.9121 0.3830 0.1459
vn -0.8701 -0.3813 -0.3123
vn 0.2383 0.2007 0.9502
vn 0.7564 -0.6524 0.0475
vn 0.0173 0.4229 0.9060
vn -0.2927 0.4022 0.8675
vn -0.4803 0.2115 0.8512
vn -0.5444 -0.0181 0.8386
vn -0.5257 -0.1361 0.8397
vn -0.2027 -0.5581 0.8047
vn 0.3234 -0.3814 0.8660
vn 0.9868 0.0210 0.1609
vn -0.8521 0.4695 -0.2314
vn 0.6603 0.6470 0.3813
vn 0.8096 -0.4700 0.3517
vn 0.2813 -0.9478 0.1500
vn -0.3304 0.9438 -0.0037
vn 0.0917 -0.9843 0.1507
vn -0.1439 0.9895 -0.0097
vn -0.3362 -0.9361 -0.1032
vn 0.2740 0.9262 0.2589
vn -0.7827 -0.5509 -0.2897
vn 0.7088 0.5444 0.4486
vn 0.8613 -0.0188 0.5078
vn -0.8651 0.3830 -0.3238
vn 0.7909 -0.3813 0.4786
vn -0.0452 0.2006 -0.9786
vn -0.7320 -0.6524 -0.1965
vn 0.1626 0.4229 -0.8915
vn 0.4588 0.4022 -0.7923
vn 0.6395 0.2114 -0.7391
vn 0.6998 -0.0181 -0.7141
vn 0.6816 -0.1360 -0.7189
vn 0.3581 -0.5581 -0.7485
vn -0.1454 -0.3814 -0.9129
vn -0.9353 0.0210 -0.3532
vn 0.2047 -0.0000 0.9788
vn -0.2047 -0.0000 -0.9788
vn 0.9788 -0.0000 -0.2047
vn -0.9788 -0.0000 0.2047
vn -0.0272 -0.9911 -0.1303
vn -0.1303 -0.9911 0.0272
vn 0.0272 -0.9911 0.1303
vn 0.1303 -0.9911 -0.0272
vn -0.9799 -0.0026 0.1995
vn -0.9809 -0.0053 0.1943
vn -0.9799 -0.0028 0.1995
vn 0.9799 0.0027 -0.1994
vn 0.9810 0.0054 -0.1941
vn -0.9799 0.0027 0.1995
vn 0.9799 -0.0027 -0.1994
vn -0.9812 -0.0106 0.1928
vn 0.9812 0.0108 -0.1925
vn 0.9812 -0.0108 -0.1925
vn -0.9812 0.0106 0.1927
vn -0.1995 -0.0022 -0.9799
vn -0.1995 0.0027 -0.9799
vn 0.2046 -0.0000 0.9788
vn -0.1944 -0.0043 -0.9809
vn 0.9701 0.1331 -0.2028
vn 0.1772 0.0114 0.9841
vn -0.1995 -0.0027 -0.9799
vn -0.1943 -0.0053 -0.9809
vn 0.1770 0.0141 0.9841
vn 0.1769 -0.0141 0.9841
vn -0.1943 0.0053 -0.9809
vn -0.2046 -0.0000 -0.9788
vn 0.1728 -0.0283 0.9845
vn -0.1928 0.0106 -0.9812
vn -0.9809 0.0053 0.1943
vn -0.9809 0.0052 0.1943
vn 0.9810 -0.0054 -0.1941
vn -0.2207 -0.0000 0.9753
vn 0.2207 -0.0000 -0.9753
vn 0.9753 -0.0000 0.2207
vn -0.9753 -0.0000 -0.2207
vn 0.0412 -0.9825 -0.1818
vn -0.1818 -0.9825 -0.0412
vn -0.0412 -0.9825 0.1818
vn 0.1818 -0.9825 0.0412
vn 0.0412 -0.9825 -0.1819
vn -0.0412 -0.9825 0.1819
vn 0.1819 -0.9825 0.0412
vn -0.9730 -0.0036 -0.2306
vn -0.9729 -0.0036 -0.2311
vn -0.9751 -0.0004 -0.2217
vn 0.9730 0.0037 0.2308
vn 0.9729 0.0038 0.2313
vn -0.9751 0.0004 -0.2217
vn -0.9730 0.0036 -0.2307
vn 0.9751 -0.0004 0.2218
vn -0.9726 -0.0075 -0.2325
vn 0.9725 0.0077 0.2328
vn 0.9751 0.0004 0.2218
vn 0.9725 -0.0077 0.2328
vn -0.9726 0.0075 -0.2325
vn 0.2307 -0.0029 -0.9730
vn 0.2218 0.0004 -0.9751
vn 0.2307 0.0036 -0.9730
vn 0.2309 -0.0029 -0.9730
vn 0.2216 -0.0003 -0.9751
vn 0.9710 0.0946 0.2197
vn 0.9710 0.0947 0.2197
vn -0.2479 0.0081 0.9687
vn -0.2479 0.0080 0.9687
vn 0.2306 -0.0036 -0.9730
vn 0.2310 -0.0036 -0.9729
vn 0.2217 -0.0004 -0.9751
vn -0.2481 0.0100 0.9687
vn -0.2481 0.0099 0.9687
vn -0.2482 -0.0100 0.9687
vn 0.2310 0.0037 -0.9729
vn -0.2521 -0.0200 0.9675
vn 0.2325 0.0075 -0.9726
vn -0.9729 0.0038 -0.2311
vn 0.9730 -0.0037 0.2308
vn 0.9729 -0.0038 0.2313
vn 0.7428 0.6685 0.0376
vn -0.5288 0.8263 -0.1938
vn -0.7227 -0.6758 -0.1446
vn 0.2000 0.9788 -0.0448
vn -0.0724 -0.9948 -0.0719
vn 0.0823 0.9964 -0.0184
vn 0.2095 -0.9775 0.0231
vn -0.1972 0.9719 -0.1285
vn 0.6507 -0.7533 0.0959
vn -0.6300 0.7403 -0.2347
vn 0.9885 0.0326 0.1479
vn -0.9496 -0.0319 -0.3117
vn -0.7703 -0.5725 -0.2809
vn 0.8004 0.5850 0.1307
vn 0.1092 0.3134 0.9433
vn 0.5622 -0.8255 0.0494
vn -0.0657 0.5032 0.8617
vn -0.2051 0.5226 0.8276
vn -0.4247 0.4164 0.8039
vn -0.6089 -0.0170 0.7930
vn -0.4543 -0.2720 0.8483
vn -0.1343 -0.7257 0.6748
vn 0.2408 -0.6035 0.7601
vn -0.1824 -0.9819 -0.0503
vn -0.7206 0.6685 -0.1840
vn 0.4799 0.8263 0.2948
vn 0.6797 -0.6758 0.2850
vn -0.2049 0.9788 0.0043
vn 0.0567 -0.9948 0.0848
vn -0.0843 0.9964 0.0018
vn -0.2007 -0.9775 -0.0642
vn 0.1678 0.9719 0.1650
vn -0.6188 -0.7533 -0.2230
vn 0.5710 0.7403 0.3549
vn -0.9395 0.0326 -0.3409
vn 0.8690 -0.0319 0.4937
vn 0.6994 -0.5725 0.4280
vn -0.7587 0.5850 -0.2866
vn 0.0799 0.3134 -0.9463
vn -0.5412 -0.8255 -0.1599
vn 0.2352 0.5032 -0.8316
vn 0.3650 0.5226 -0.7705
vn 0.5756 0.4164 -0.7038
vn 0.7540 -0.0170 -0.6566
vn 0.6134 -0.2720 -0.7415
vn 0.2654 -0.7257 -0.6348
vn -0.0854 -0.6035 -0.7928
vn 0.1690 -0.9819 0.0855
vn -0.1906 0.6685 0.7189
vn 0.2991 0.8263 -0.4772
vn 0.2912 -0.6758 -0.6771
vn 0.0024 0.9788 0.2050
vn 0.0853 -0.9948 -0.0559
vn 0.0010 0.9964 0.0843
vn -0.0660 -0.9775 0.2002
vn 0.1665 0.9719 -0.1663
vn -0.2286 -0.7533 0.6167
vn 0.3601 0.7403 -0.5677
vn -0.3494 0.0326 0.9364
vn 0.5016 -0.0319 -0.8645
vn 0.4343 -0.5725 -0.6954
vn -0.2936 0.5850 0.7560
vn -0.9455 0.3134 -0.0886
vn -0.1648 -0.8255 0.5398
vn -0.8294 0.5032 -0.2427
vn -0.7671 0.5226 -0.3721
vn -0.6985 0.4164 -0.5820
vn -0.6497 -0.0170 -0.7600
vn -0.7359 -0.2720 -0.6201
vn -0.6323 -0.7257 -0.2712
vn -0.7935 -0.6036 0.0781
vn 0.0870 -0.9819 -0.1681
vn 0.3293 0.6685 -0.6669
vn -0.3877 0.8263 0.4084
vn -0.4196 -0.6758 0.6060
vn 0.0382 0.9788 -0.2014
vn -0.0947 -0.9948 0.0379
vn 0.0157 0.9964 -0.0828
vn 0.1044 -0.9775 -0.1831
vn -0.1962 0.9719 0.1300
vn 0.3463 -0.7533 -0.5592
vn -0.4655 0.7403 0.4851
vn 0.5281 0.0326 -0.8486
vn -0.6630 -0.0319 0.7479
vn -0.5635 -0.5725 0.5956
vn 0.4375 0.5850 -0.6829
vn 0.9092 0.3134 0.2742
vn 0.2685 -0.8255 -0.4964
vn 0.7648 0.5032 0.4023
vn 0.6782 0.5226 0.5167
vn 0.5693 0.4164 0.7089
vn 0.4862 -0.0170 0.8737
vn 0.5984 -0.2719 0.7537
vn 0.5660 -0.7257 0.3911
vn 0.7933 -0.6035 0.0807
vn -0.1186 -0.9819 0.1476
vn 0.0001 -0.9951 0.0987
vn 0.4462 0.7758 0.4462
vn -0.0000 0.8415 0.5403
vn -0.4462 0.7758 0.4462
vn -0.0707 -0.9950 0.0706
vn -0.5403 0.8415 -0.0000
vn 0.4462 0.7758 -0.4462
vn -0.0000 0.8415 -0.5403
vn -0.4462 0.7758 -0.4461
vn -0.0000 -0.9951 -0.0987
vn -0.0708 -0.9950 -0.0704
vn 0.0987 -0.9951 -0.0000
vn 0.5403 0.8415 -0.0000
vn 0.0707 -0.9950 0.0705
vn -0.0987 -0.9951 -0.0000
vn 0.9227 -0.0000 0.3854
vn -0.9227 -0.0000 -0.3854
vn 0.3854 -0.0000 -0.9227
vn -0.3854 -0.0000 0.9227
vn -0.1282 -0.9903 -0.0535
vn -0.0535 -0.9903 0.1282
vn 0.1282 -0.9903 0.0535
vn 0.0535 -0.9903 -0.1282
vn -0.3903 -0.0025 0.9207
vn -0.3952 -0.0050 0.9186
vn -0.3856 -0.0000 0.9227
vn 0.3904 0.0026 -0.9207
vn 0.3954 0.0051 -0.9185
vn 0.3954 0.0052 -0.9185
vn 0.3855 -0.0000 -0.9227
vn -0.3854 -0.0000 0.9228
vn -0.3903 0.0026 0.9207
vn 0.3856 -0.0001 -0.9227
vn -0.3966 -0.0102 0.9179
vn 0.3968 0.0104 -0.9178
vn 0.3856 0.0001 -0.9227
vn 0.3968 -0.0104 -0.9178
vn -0.3966 0.0102 0.9179
vn -0.9207 -0.0020 -0.3902
vn -0.9227 0.0001 -0.3856
vn -0.9207 0.0025 -0.3903
vn -0.9186 -0.0041 -0.3951
vn -0.9226 0.0003 -0.3857
vn 0.3823 0.1276 -0.9152
vn 0.9115 0.0109 0.4111
vn -0.9207 -0.0025 -0.3902
vn -0.9186 -0.0051 -0.3951
vn -0.9227 -0.0000 -0.3856
vn 0.9114 0.0135 0.4113
vn 0.9114 -0.0135 0.4113
vn -0.9186 0.0050 -0.3952
vn 0.9094 -0.0271 0.4149
vn 0.9095 -0.0271 0.4149
vn -0.9180 0.0102 -0.3966
vn -0.9180 0.0101 -0.3966
vn -0.3952 0.0051 0.9186
vn 0.3904 -0.0026 -0.9207
vn 0.3954 -0.0051 -0.9185
vn -0.5098 0.6470 0.5670
vn -0.5117 -0.4700 0.7192
vn 0.0720 0.9438 -0.3224
vn 0.9668 0.2007 0.1584
vn 0.5392 0.0210 -0.8419
vn 0.5774 0.5774 0.5774
vn 0.5774 0.5774 -0.5774
vn 0.1272 -0.9837 0.1271
vn -0.9790 0.2007 0.0364
vn -0.7127 -0.1361 -0.6882
vn 0.1271 -0.9837 -0.1272
vn -0.1944 -0.0042 -0.9809
vn -0.9729 -0.0037 -0.2310
vn 0.2309 -0.0030 -0.9730
vn 0.2310 -0.0037 -0.9729
vn 0.0707 -0.9950 -0.0706
vn -0.9186 -0.0050 -0.3951
vn 0.3954 -0.0052 -0.9185
vt 0.463521 0.000000
vt 0.375000 0.250000
vt 0.375000 0.000000
vt 0.469132 0.361948
vt 0.375000 0.364638
vt 0.375000 0.500000
vt 0.466199 0.750000
vt 0.375000 0.750000
vt 0.465221 0.841311
vt 0.375000 0.840346
vt 0.625000 0.000000
vt 0.730494 0.250000
vt 0.625000 0.250000
vt 0.215346 0.000000
vt 0.125000 0.250000
vt 0.125000 0.000000
vt 0.467933 0.250000
vt 0.625000 0.357495
vt 0.540746 0.500000
vt 0.625000 0.500000
vt 0.375000 0.405471
vt 0.543668 0.250000
vt 0.463521 0.250000
vt 0.470612 0.500000
vt 0.539694 0.403709
vt 0.466199 0.500000
vt 0.546401 0.750000
vt 0.463521 1.000000
vt 0.544846 0.892216
vt 0.543668 1.000000
vt 0.538014 0.250000
vt 0.546401 0.500000
vt 0.543668 0.000000
vt 0.625000 0.402797
vt 0.625000 0.750000
vt 0.625000 0.894506
vt 0.625000 1.000000
vt 0.469588 0.404459
vt 0.375000 0.887363
vt 0.781980 0.000000
vt 0.875000 0.250000
vt 0.781980 0.250000
vt 0.262363 0.250000
vt 0.215346 0.250000
vt 0.375000 0.409654
vt 0.539216 0.359946
vt 0.545393 0.842168
vt 0.625000 0.843020
vt 0.730494 0.000000
vt 0.625000 0.355494
vt 0.464700 0.889926
vt 0.375000 1.000000
vt 0.262363 0.000000
vt 0.375000 0.362637
vt 0.625000 0.406980
vt 0.377511 0.500000
vt 0.000000 0.991674
vt 1.000000 0.991864
vt 0.989956 -0.000000
vt 1.000000 0.991603
vt 0.989885 1.000000
vt 1.000000 0.991674
vt 0.989941 -0.000000
vt 0.000000 0.991499
vt 0.989885 -0.000000
vt 1.000000 0.991676
vt 0.990197 1.000000
vt 0.990197 -0.000000
vt 1.000000 0.991793
vt 0.990414 1.000000
vt 0.000000 0.991793
vt 0.990340 0.529983
vt 0.990414 0.000000
vt 1.000000 0.991723
vt 0.990319 1.000000
vt 1.000000 0.991499
vt 0.990319 0.499949
vt 0.000000 0.991723
vt 0.622665 0.500000
vt 0.377555 0.749998
vt 0.009339 -0.000000
vt 0.009339 1.000000
vt 0.009339 1.000000
vt 0.009339 0.000000
vt 0.009339 0.000000
vt 0.009339 -0.000000
vt 0.009339 0.529983
vt 0.009339 0.499949
vt 0.989941 1.000000
vt 0.009339 0.000000
vt 0.989670 0.901241
vt 0.009387 0.901020
vt 1.000000 0.009379
vt 0.000000 0.009378
vt 0.000002 0.009378
vt 0.000002 0.991864
vt 0.000000 0.009378
vt 0.000000 0.991603
vt 0.000000 0.009378
vt 0.000000 0.991676
vt 1.000000 0.009378
vt 0.000000 0.009378
vt 0.000000 0.009378
vt 0.000000 0.991748
vt 0.500000 0.125000
vt 0.500000 0.250000
vt 0.375000 0.125000
vt 0.500000 0.375000
vt 0.375000 0.375000
vt 0.500000 0.500000
vt 0.500000 0.625000
vt 0.375000 0.625000
vt 0.750000 0.125000
vt 0.750000 0.250000
vt 0.625000 0.125000
vt 0.250000 0.125000
vt 0.250000 0.250000
vt 0.125000 0.125000
vt 1.000000 0.991748
vt 1.000000 0.009378
vt 0.999999 0.009378
vt 0.875000 0.000000
vt 0.622653 0.749998
vt 0.625000 0.375000
vt 0.625000 0.625000
vt 0.875000 0.125000
s 1
usemtl lambert1
f 195/189/170 181/190/170 179/191/170
f 187/190/171 229/192/171 226/193/171
f 183/194/172 198/195/172 185/196/172
f 185/196/173 220/197/173 213/198/173
f 180/199/174 224/200/174 182/201/174
f 213/202/175 183/203/175 185/204/175
f 201/205/170 187/190/170 191/190/170
f 227/206/174 188/201/174 192/201/174
f 210/207/172 189/208/172 193/208/172
f 218/209/175 190/194/175 194/194/175
f 181/190/176 201/205/176 191/190/176
f 182/201/177 227/206/177 192/201/177
f 184/208/178 210/207/178 193/208/178
f 183/194/179 218/209/179 194/194/179
f 235/189/170 238/210/170 236/211/170
f 240/212/171 241/213/171 242/207/171
f 243/214/172 246/215/172 244/195/172
f 195/216/173 234/217/173 203/218/173
f 248/205/170 249/219/170 250/219/170
f 202/212/172 190/194/172 200/212/172
f 236/211/176 249/219/176 247/205/176
f 202/212/178 183/194/178 194/194/178
f 251/207/172 240/212/172 242/207/172
f 245/220/178 252/212/178 251/207/178
f 203/221/170 182/201/170 204/210/170
f 208/207/171 215/222/171 189/208/171
f 205/220/172 186/223/172 206/215/172
f 203/218/173 232/224/173 180/225/173
f 209/219/170 188/201/170 207/219/170
f 209/219/176 182/201/176 192/201/176
f 219/226/171 190/194/171 216/209/171
f 220/197/173 231/227/173 213/198/173
f 214/228/174 184/229/174 212/230/174
f 213/202/175 223/231/175 211/232/175
f 217/222/174 189/208/174 215/222/174
f 253/209/175 256/193/175 254/209/175
f 217/222/177 184/208/177 193/208/177
f 257/233/179 255/193/179 253/209/179
f 241/213/171 259/192/171 260/234/171
f 222/235/173 198/195/173 206/215/173
f 261/222/171 260/234/171 262/206/171
f 214/236/173 206/215/173 186/223/173
f 256/193/171 239/226/171 254/209/171
f 263/237/174 266/230/174 264/200/174
f 267/206/174 261/222/174 262/206/174
f 264/238/177 268/222/177 267/206/177
f 233/239/173 222/235/173 234/217/173
f 234/217/173 214/236/173 232/224/173
f 233/239/173 179/240/173 231/227/173
f 231/241/175 181/190/175 223/231/175
f 228/193/175 187/190/175 226/193/175
f 228/193/179 181/190/179 191/190/179
f 260/234/171 248/205/171 250/219/171
f 225/206/171 207/219/171 188/201/171
f 195/189/175 236/211/175 196/211/175
f 203/221/173 235/189/173 195/189/173
f 203/221/174 238/210/174 237/221/174
f 200/212/180 239/226/181 240/212/182
f 208/207/183 241/213/184 221/213/185
f 198/195/175 243/214/175 244/195/175
f 206/215/174 245/220/174 205/220/174
f 198/195/173 246/215/173 206/215/173
f 201/205/175 248/205/186 199/205/187
f 209/219/174 250/219/188 249/219/174
f 201/205/189 236/211/189 247/205/189
f 209/219/190 238/210/190 204/210/190
f 210/207/174 242/207/191 208/207/183
f 202/212/175 240/212/182 252/212/175
f 210/207/192 245/220/192 251/207/192
f 202/212/193 243/214/193 197/214/193
f 218/209/194 254/209/195 216/209/196
f 228/193/170 256/193/170 255/193/170
f 218/209/194 257/233/197 253/209/198
f 223/242/199 257/233/199 211/233/199
f 228/193/200 258/242/200 223/242/200
f 215/222/201 241/213/202 261/222/203
f 225/206/204 260/234/204 230/234/204
f 226/193/205 259/192/205 256/193/205
f 216/209/196 239/226/206 219/226/206
f 232/237/170 264/200/170 224/200/170
f 232/237/173 265/228/173 263/237/173
f 214/228/172 266/230/172 265/228/172
f 227/206/170 262/206/170 225/206/170
f 217/222/172 261/222/203 268/222/172
f 227/206/207 264/238/207 267/206/207
f 217/222/208 266/243/208 212/243/208
f 199/205/187 259/192/209 229/192/209
f 207/219/210 260/234/211 250/219/188
f 278/244/212 287/245/213 277/246/214
f 278/247/212 288/248/215 280/249/216
f 287/250/213 285/251/217 284/252/218
f 280/253/216 289/254/219 281/255/220
f 281/256/220 290/257/221 282/258/222
f 290/259/221 283/260/223 282/261/222
f 283/260/223 292/262/224 286/263/225
f 284/264/218 286/265/225 292/266/224
f 269/267/226 279/268/227 278/244/212
f 269/269/226 280/249/216 270/270/228
f 280/253/216 271/271/229 270/272/228
f 281/256/220 272/270/230 271/273/229
f 272/274/230 283/260/223 273/275/231
f 274/276/232 285/277/217 276/270/233
f 276/278/233 279/279/227 275/280/234
f 286/263/225 273/275/231 283/260/223
f 269/281/226 287/245/213 275/282/234
f 269/283/226 288/248/215 277/284/214
f 270/285/228 289/254/219 288/286/215
f 271/287/229 290/257/221 289/288/219
f 273/289/231 290/259/221 272/290/230
f 276/291/233 287/250/213 284/252/218
f 274/291/232 284/264/218 292/266/224
f 273/287/231 292/262/224 291/292/235
f 302/244/236 311/245/237 301/246/238
f 302/247/236 312/248/239 304/249/240
f 311/250/237 309/251/241 308/252/242
f 304/253/240 313/254/243 305/255/244
f 305/256/244 314/257/245 306/258/246
f 314/259/245 307/260/247 306/261/246
f 307/260/247 316/262/248 310/263/249
f 308/264/242 310/265/249 316/266/248
f 293/267/250 303/268/251 302/244/236
f 293/269/250 304/249/240 294/270/252
f 304/253/240 295/271/253 294/272/252
f 305/256/244 296/270/254 295/273/253
f 296/274/254 307/260/247 297/275/255
f 298/276/256 309/277/241 300/270/257
f 300/278/257 303/279/251 299/280/258
f 310/263/249 297/275/255 307/260/247
f 293/281/250 311/245/237 299/282/258
f 293/283/250 312/248/239 301/284/238
f 294/285/252 313/254/243 312/286/239
f 295/287/253 314/257/245 313/288/243
f 297/289/255 314/259/245 296/290/254
f 300/291/257 311/250/237 308/252/242
f 298/291/256 308/264/242 316/266/248
f 297/287/255 316/262/248 315/292/259
f 329/293/260 318/201/261 325/294/262
f 329/293/260 317/190/263 326/295/264
f 317/190/263 330/296/171 321/297/265
f 318/201/261 330/296/171 325/294/262
f 330/296/171 320/208/266 328/298/267
f 330/296/171 319/194/268 321/297/265
f 319/194/268 331/299/269 323/300/270
f 320/208/266 331/299/269 328/298/267
f 332/301/271 320/229/266 327/302/272
f 332/301/271 318/201/261 324/303/273
f 333/304/274 317/190/263 321/305/265
f 333/304/274 319/203/268 323/306/270
f 331/299/269 332/301/271 329/293/260
f 343/244/275 352/245/276 342/246/277
f 343/247/275 353/248/278 345/249/279
f 352/250/276 350/251/280 349/252/281
f 345/253/279 354/254/282 346/255/283
f 346/256/283 355/257/284 347/258/285
f 355/259/284 348/260/286 347/261/285
f 348/260/286 357/262/287 351/263/288
f 349/264/281 351/265/288 357/266/287
f 334/267/289 344/268/290 343/244/275
f 334/269/289 345/249/279 335/270/291
f 345/253/279 336/271/292 335/272/291
f 346/256/283 337/270/293 336/273/292
f 337/274/293 348/260/286 338/275/294
f 339/276/295 350/277/280 341/270/296
f 341/278/296 344/279/290 340/280/297
f 351/263/288 338/275/294 348/260/286
f 334/281/289 352/245/276 340/282/297
f 334/283/289 353/248/278 342/284/277
f 335/285/291 354/254/282 353/286/278
f 336/287/292 355/257/284 354/288/282
f 338/289/294 355/259/284 337/290/293
f 341/291/296 352/250/276 349/252/281
f 339/291/295 349/264/281 357/266/287
f 338/287/294 357/262/287 356/292/298
f 367/244/299 376/245/300 366/246/301
f 367/247/299 377/248/302 369/249/303
f 376/250/300 374/251/304 373/252/305
f 369/253/303 378/254/306 370/255/307
f 370/256/307 379/257/308 371/258/309
f 379/259/308 372/260/310 371/261/309
f 372/260/310 381/262/311 375/263/312
f 373/264/305 375/265/312 381/266/311
f 358/267/313 368/268/314 367/244/299
f 358/269/313 369/249/303 359/270/315
f 369/253/303 360/271/316 359/272/315
f 370/256/307 361/270/317 360/273/316
f 361/274/317 372/260/310 362/275/318
f 363/276/319 374/277/304 365/270/320
f 365/278/320 368/279/314 364/280/321
f 375/263/312 362/275/318 372/260/310
f 358/281/313 376/245/300 364/282/321
f 358/283/313 377/248/302 366/284/301
f 359/285/315 378/254/306 377/286/302
f 360/287/316 379/257/308 378/288/306
f 362/289/318 379/259/308 361/290/317
f 365/291/320 376/250/300 373/252/305
f 363/291/319 373/264/305 381/266/311
f 362/287/318 381/262/311 380/292/322
f 398/189/323 384/190/323 382/191/323
f 390/190/171 432/192/171 429/193/171
f 400/214/324 388/196/324 386/194/324
f 388/196/173 423/197/173 416/198/173
f 383/199/325 427/200/325 385/201/325
f 416/202/326 386/203/326 388/204/326
f 404/205/323 390/190/323 394/190/323
f 430/206/325 391/201/325 395/201/325
f 413/207/324 392/208/324 396/208/324
f 421/209/326 393/194/326 397/194/326
f 384/190/327 404/205/327 394/190/327
f 385/201/328 430/206/328 395/201/328
f 387/208/329 413/207/329 396/208/329
f 386/194/330 421/209/330 397/194/330
f 438/189/323 441/210/323 439/211/323
f 443/212/171 444/213/171 445/207/171
f 446/214/324 449/215/324 447/195/324
f 398/216/173 437/217/173 406/218/173
f 450/205/323 453/219/323 451/205/323
f 405/212/324 393/194/324 403/212/324
f 439/211/327 452/219/327 450/205/327
f 405/212/329 386/194/329 397/194/329
f 454/207/324 443/212/324 445/207/324
f 448/220/329 455/212/329 454/207/329
f 406/221/323 385/201/323 407/210/323
f 411/207/171 418/222/171 392/208/171
f 408/220/324 389/223/324 409/215/324
f 406/218/173 435/224/173 383/225/173
f 412/219/323 391/201/323 410/219/323
f 412/219/327 385/201/327 395/201/327
f 422/226/171 393/194/171 419/209/171
f 423/197/173 434/227/173 416/198/173
f 417/228/325 387/229/325 415/230/325
f 416/202/326 426/231/326 414/232/326
f 420/222/325 392/208/325 418/222/325
f 456/209/326 459/193/326 457/209/326
f 420/222/328 387/208/328 396/208/328
f 460/233/330 458/193/330 456/209/330
f 444/213/171 462/192/171 463/234/171
f 425/235/173 401/195/173 409/215/173
f 464/222/171 463/234/171 465/206/171
f 417/236/173 409/215/173 389/223/173
f 459/193/171 442/226/171 457/209/171
f 466/237/325 469/230/325 467/200/325
f 470/206/325 464/222/325 465/206/325
f 467/238/328 471/222/328 470/206/328
f 436/239/173 425/235/173 437/217/173
f 437/217/173 417/236/173 435/224/173
f 436/239/173 382/240/173 434/227/173
f 434/241/326 384/190/326 426/231/326
f 431/193/326 390/190/326 429/193/326
f 431/193/330 384/190/330 394/190/330
f 463/234/171 451/205/171 453/219/171
f 428/206/171 410/219/171 391/201/171
f 398/189/326 439/211/326 399/211/326
f 398/189/173 440/221/173 438/189/173
f 406/221/325 441/210/325 440/221/325
f 403/212/331 442/226/332 443/212/333
f 411/207/334 444/213/335 424/213/335
f 401/195/326 446/214/326 447/195/326
f 409/215/325 448/220/325 408/220/325
f 401/195/173 449/215/173 409/215/173
f 404/205/326 451/205/336 402/205/336
f 412/219/325 453/219/337 452/219/325
f 404/205/338 439/211/338 450/205/338
f 412/219/339 441/210/339 407/210/339
f 413/207/325 445/207/334 411/207/334
f 405/212/326 443/212/333 455/212/326
f 413/207/340 448/220/340 454/207/340
f 405/212/341 446/214/341 400/214/341
f 421/209/342 457/209/343 419/209/343
f 431/193/344 459/193/323 458/193/344
f 421/209/342 460/233/345 456/209/342
f 414/233/346 461/242/346 460/233/346
f 431/193/347 461/242/347 426/242/347
f 418/222/348 444/213/349 464/222/348
f 428/206/350 463/234/350 433/234/350
f 429/193/351 462/192/351 459/193/351
f 419/209/343 442/226/352 422/226/352
f 435/237/323 467/200/344 427/200/344
f 435/237/173 468/228/173 466/237/173
f 417/228/353 469/230/324 468/228/353
f 430/206/323 465/206/323 428/206/323
f 420/222/324 464/222/348 471/222/324
f 430/206/354 467/238/354 470/206/354
f 420/222/355 469/243/355 415/243/355
f 402/205/336 462/192/356 432/192/357
f 410/219/337 463/234/358 453/219/337
f 488/189/359 474/190/359 472/191/359
f 480/190/171 522/192/171 519/193/171
f 476/194/360 491/195/360 478/196/360
f 478/196/173 513/197/173 506/198/173
f 473/199/361 517/200/361 475/201/361
f 506/202/362 476/203/362 478/204/362
f 494/205/359 480/190/359 484/190/359
f 520/206/361 481/201/361 485/201/361
f 503/207/360 482/208/360 486/208/360
f 511/209/362 483/194/362 487/194/362
f 474/190/363 494/205/363 484/190/363
f 475/201/364 520/206/364 485/201/364
f 477/208/365 503/207/365 486/208/365
f 476/194/366 511/209/366 487/194/366
f 528/189/359 531/210/359 529/211/359
f 533/212/171 534/213/171 535/207/171
f 536/214/360 539/215/360 537/195/360
f 488/216/173 527/217/173 496/218/173
f 541/205/359 542/219/359 543/219/359
f 495/212/360 483/194/360 493/212/360
f 529/211/363 542/219/363 540/205/367
f 495/212/368 476/194/365 487/194/365
f 544/207/360 533/212/360 535/207/360
f 538/220/365 545/212/365 544/207/365
f 496/221/359 475/201/359 497/210/359
f 501/207/171 508/222/171 482/208/171
f 498/220/360 479/223/360 499/215/360
f 496/218/173 525/224/173 473/225/173
f 502/219/359 481/201/359 500/219/359
f 502/219/363 475/201/363 485/201/363
f 512/226/171 483/194/171 509/209/171
f 513/197/173 524/227/173 506/198/173
f 507/228/361 477/229/361 505/230/361
f 506/202/362 516/231/362 504/232/362
f 510/222/361 482/208/361 508/222/361
f 546/209/362 549/193/362 547/209/362
f 510/222/364 477/208/364 486/208/364
f 550/233/366 548/193/366 546/209/369
f 534/213/171 552/192/171 553/234/171
f 515/235/173 491/195/173 499/215/173
f 554/222/171 553/234/171 555/206/171
f 507/236/173 499/215/173 479/223/173
f 549/193/171 532/226/171 547/209/171
f 556/237/361 559/230/361 557/200/361
f 560/206/361 554/222/361 555/206/361
f 557/238/364 561/222/364 560/206/364
f 526/239/173 515/235/173 527/217/173
f 527/217/173 507/236/173 525/224/173
f 526/239/173 472/240/173 524/227/173
f 524/241/362 474/190/362 516/231/362
f 521/193/362 480/190/362 519/193/362
f 521/193/366 474/190/366 484/190/366
f 553/234/171 541/205/171 543/219/171
f 518/206/171 500/219/171 481/201/171
f 488/189/362 529/211/362 489/211/362
f 496/221/173 528/189/173 488/189/173
f 496/221/361 531/210/361 530/221/361
f 493/212/370 532/226/371 533/212/372
f 501/207/373 534/213/374 514/213/374
f 491/195/362 536/214/362 537/195/362
f 499/215/361 538/220/361 498/220/361
f 491/195/173 539/215/173 499/215/173
f 494/205/362 541/205/375 492/205/376
f 502/219/361 543/219/377 542/219/361
f 494/205/378 529/211/378 540/205/378
f 502/219/379 531/210/379 497/210/379
f 503/207/361 535/207/380 501/207/373
f 495/212/362 533/212/372 545/212/362
f 503/207/381 538/220/381 544/207/381
f 495/212/382 536/214/382 490/214/382
f 511/209/383 547/209/384 509/209/385
f 521/193/359 549/193/359 548/193/359
f 511/209/383 550/233/386 546/209/387
f 516/242/388 550/233/389 504/233/389
f 521/193/390 551/242/391 516/242/391
f 508/222/392 534/213/393 554/222/394
f 518/206/395 553/234/396 523/234/395
f 519/193/397 552/192/397 549/193/397
f 509/209/385 532/226/398 512/226/398
f 525/237/359 557/200/359 517/200/359
f 507/228/173 556/237/173 525/237/173
f 507/228/360 559/230/360 558/228/360
f 520/206/359 555/206/359 518/206/359
f 510/222/360 554/222/394 561/222/360
f 520/206/399 557/238/399 560/206/399
f 510/222/400 559/243/400 505/243/400
f 492/205/376 552/192/401 522/192/401
f 500/219/402 553/234/403 543/219/377
f 571/244/404 580/245/405 570/246/406
f 570/284/406 573/249/407 571/247/404
f 580/250/405 578/251/408 577/252/409
f 573/253/407 582/254/410 574/255/411
f 574/256/411 583/257/412 575/258/413
f 575/261/413 584/307/414 576/260/415
f 584/292/414 579/263/416 576/260/415
f 578/277/408 585/266/417 577/264/409
f 562/267/418 572/268/419 571/244/404
f 562/269/418 573/249/407 563/270/420
f 573/253/407 564/271/421 563/272/420
f 574/256/411 565/270/422 564/273/421
f 565/274/422 576/260/415 566/275/423
f 567/276/424 578/277/408 569/270/425
f 569/278/425 572/279/419 568/280/426
f 579/263/416 566/275/423 576/260/415
f 562/281/418 580/245/405 568/282/426
f 563/289/420 570/284/406 562/283/418
f 563/285/420 582/254/410 581/286/427
f 564/287/421 583/257/412 582/288/410
f 565/290/422 584/307/414 583/259/412
f 569/291/425 580/250/405 577/252/409
f 569/308/425 585/266/417 567/291/424
f 567/309/424 584/292/414 566/287/423
f 595/244/428 604/245/429 594/246/430
f 594/284/430 597/249/431 595/247/428
f 604/250/429 602/251/432 601/252/433
f 597/253/431 606/254/434 598/255/435
f 598/256/435 607/257/436 599/258/437
f 599/261/437 608/307/438 600/260/439
f 608/292/438 603/263/440 600/260/439
f 602/277/432 609/266/441 601/264/433
f 586/267/442 596/268/443 595/244/428
f 586/269/442 597/249/431 587/270/444
f 597/253/431 588/271/445 587/272/444
f 598/256/435 589/270/446 588/273/445
f 589/274/446 600/260/439 590/275/447
f 591/276/448 602/277/432 593/270/449
f 593/278/449 596/279/443 592/280/450
f 603/263/440 590/275/447 600/260/439
f 586/281/442 604/245/429 592/282/450
f 587/289/444 594/284/430 586/283/442
f 587/285/444 606/254/434 605/286/451
f 588/287/445 607/257/436 606/288/434
f 589/290/446 608/307/438 607/259/436
f 593/291/449 604/250/429 601/252/433
f 593/308/449 609/266/441 591/291/448
f 591/309/448 608/292/438 590/287/447
f 619/244/452 628/245/453 618/246/454
f 618/284/454 621/249/455 619/247/452
f 628/250/453 626/251/456 625/252/457
f 621/253/455 630/254/458 622/255/459
f 622/256/459 631/257/460 623/258/461
f 623/261/461 632/307/462 624/260/463
f 632/292/462 627/263/464 624/260/463
f 626/277/456 633/266/465 625/264/457
f 610/267/466 620/268/467 619/244/452
f 610/269/466 621/249/455 611/270/468
f 621/253/455 612/271/469 611/272/468
f 622/256/459 613/270/470 612/273/469
f 613/274/470 624/260/463 614/275/471
f 615/276/472 626/277/456 617/270/473
f 617/278/473 620/279/467 616/280/474
f 627/263/464 614/275/471 624/260/463
f 610/281/466 628/245/453 616/282/474
f 611/289/468 618/284/454 610/283/466
f 611/285/468 630/254/458 629/286/475
f 612/287/469 631/257/460 630/288/458
f 613/290/470 632/307/462 631/259/460
f 617/291/473 628/250/453 625/252/457
f 617/308/473 633/266/465 615/291/472
f 615/309/472 632/292/462 614/287/471
f 643/244/476 652/245/477 642/246/478
f 642/284/478 645/249/479 643/247/476
f 652/250/477 650/251/480 649/252/481
f 645/253/479 654/254/482 646/255/483
f 646/256/483 655/257/484 647/258/485
f 647/261/485 656/307/486 648/260/487
f 656/292/486 651/263/488 648/260/487
f 650/277/480 657/266/489 649/264/481
f 634/267/490 644/268/491 643/244/476
f 634/269/490 645/249/479 635/270/492
f 645/253/479 636/271/493 635/272/492
f 646/256/483 637/270/494 636/273/493
f 637/274/494 648/260/487 638/275/495
f 639/276/496 650/277/480 641/270/497
f 641/278/497 644/279/491 640/280/498
f 651/263/488 638/275/495 648/260/487
f 634/281/490 652/245/477 640/282/498
f 635/289/492 642/284/478 634/283/490
f 635/285/492 654/254/482 653/286/499
f 636/287/493 655/257/484 654/288/482
f 637/290/494 656/307/486 655/259/484
f 641/291/497 652/250/477 649/252/481
f 641/308/497 657/266/489 639/291/496
f 639/309/496 656/292/486 638/287/495
f 670/293/500 659/201/501 666/294/502
f 670/293/500 658/190/503 667/295/504
f 658/190/503 671/296/171 662/297/505
f 659/201/501 671/296/171 666/294/502
f 671/296/171 661/208/506 669/298/507
f 671/296/171 660/194/508 662/297/505
f 660/194/508 672/299/509 664/300/510
f 661/208/506 672/299/509 669/298/507
f 673/301/511 661/229/506 668/302/512
f 673/301/511 659/201/501 665/303/513
f 674/304/514 658/190/503 662/305/505
f 674/304/514 660/203/508 664/306/510
f 674/304/514 672/299/509 673/301/511
f 691/189/515 677/190/515 675/191/515
f 683/190/171 725/192/171 722/193/171
f 693/214/516 681/196/516 679/194/516
f 681/196/173 716/197/173 709/198/173
f 728/237/517 678/201/517 676/199/517
f 709/202/518 679/203/518 681/204/518
f 697/205/515 683/190/515 687/190/515
f 723/206/517 684/201/517 688/201/517
f 706/207/516 685/208/516 689/208/516
f 714/209/518 686/194/518 690/194/518
f 677/190/519 697/205/519 687/190/519
f 678/201/520 723/206/520 688/201/520
f 680/208/521 706/207/521 689/208/521
f 679/194/522 714/209/522 690/194/522
f 731/189/515 734/210/515 732/211/515
f 736/212/171 737/213/171 738/207/171
f 739/214/516 742/215/516 740/195/516
f 691/216/173 730/217/173 699/218/173
f 744/205/515 745/219/515 746/219/515
f 698/212/516 686/194/516 696/212/516
f 732/211/519 745/219/519 743/205/519
f 698/212/521 679/194/521 690/194/521
f 747/207/516 736/212/516 738/207/516
f 741/220/521 748/212/521 747/207/521
f 699/221/515 678/201/515 700/210/515
f 704/207/171 711/222/171 685/208/171
f 701/220/516 682/223/516 702/215/516
f 699/218/173 728/224/173 676/225/173
f 705/219/515 684/201/515 703/219/515
f 705/219/519 678/201/519 688/201/519
f 715/226/171 686/194/171 712/209/171
f 716/197/173 727/227/173 709/198/173
f 710/228/517 680/229/517 708/230/517
f 709/202/518 719/231/518 707/232/518
f 713/222/517 685/208/517 711/222/517
f 749/209/518 752/193/518 750/209/518
f 713/222/520 680/208/520 689/208/520
f 753/233/522 751/193/522 749/209/522
f 737/213/171 755/192/171 756/234/171
f 718/235/173 694/195/173 702/215/173
f 757/222/171 756/234/171 758/206/171
f 710/236/173 702/215/173 682/223/173
f 752/193/171 735/226/171 750/209/171
f 759/237/517 762/230/517 760/200/517
f 763/206/517 757/222/517 758/206/517
f 760/238/520 764/222/520 763/206/520
f 729/239/173 718/235/173 730/217/173
f 730/217/173 710/236/173 728/224/173
f 729/239/173 675/240/173 727/227/173
f 727/241/518 677/190/518 719/231/518
f 724/193/518 683/190/518 722/193/518
f 724/193/522 677/190/522 687/190/522
f 756/234/171 744/205/171 746/219/171
f 721/206/171 703/219/171 684/201/171
f 691/189/518 732/211/518 692/211/518
f 699/221/173 731/189/173 691/189/173
f 699/221/517 734/210/517 733/221/517
f 696/212/523 735/226/524 736/212/525
f 704/207/526 737/213/527 717/213/528
f 694/195/518 739/214/518 740/195/518
f 702/215/529 741/220/517 701/220/517
f 694/195/173 742/215/173 702/215/173
f 697/205/530 744/205/525 695/205/531
f 705/219/517 746/219/532 745/219/517
f 697/205/533 732/211/533 743/205/533
f 705/219/534 734/210/534 700/210/534
f 706/207/517 738/207/535 704/207/526
f 698/212/518 736/212/525 748/212/518
f 706/207/536 741/220/536 747/207/536
f 698/212/537 739/214/537 693/214/537
f 714/209/538 750/209/539 712/209/540
f 724/193/515 752/193/515 751/193/515
f 714/209/538 753/233/541 749/209/542
f 719/242/543 753/233/543 707/233/543
f 724/193/544 754/242/544 719/242/544
f 711/222/545 737/213/546 757/222/547
f 721/206/548 756/234/548 726/234/548
f 722/193/549 755/192/549 752/193/549
f 712/209/540 735/226/550 715/226/550
f 728/237/515 760/200/515 720/200/515
f 710/228/173 759/237/173 728/237/173
f 710/228/516 762/230/516 761/228/516
f 723/206/515 758/206/515 721/206/515
f 713/222/516 757/222/547 764/222/516
f 723/206/551 760/238/551 763/206/552
f 713/222/553 762/243/554 708/243/554
f 695/205/531 755/192/555 725/192/555
f 703/219/556 756/234/557 746/219/532
f 774/244/236 783/245/558 773/246/559
f 774/247/236 784/248/239 776/249/560
f 783/250/558 781/251/241 780/252/242
f 776/253/560 785/254/243 777/255/244
f 777/256/244 786/257/245 778/258/246
f 786/259/245 779/260/247 778/261/246
f 779/260/247 788/262/248 782/263/249
f 780/264/242 782/265/249 788/266/248
f 765/267/561 775/268/251 774/244/236
f 765/269/561 776/249/560 766/270/252
f 776/253/560 767/271/253 766/272/252
f 777/256/244 768/270/254 767/273/253
f 768/274/254 779/260/247 769/275/255
f 770/276/256 781/277/241 772/270/257
f 772/278/257 775/279/251 771/280/258
f 782/263/249 769/275/255 779/260/247
f 765/281/561 783/245/558 771/282/258
f 765/283/561 784/248/239 773/284/559
f 766/285/252 785/254/243 784/286/239
f 767/287/253 786/257/245 785/288/243
f 769/289/255 786/259/245 768/290/254
f 772/291/257 783/250/558 780/252/242
f 770/291/256 780/264/242 788/266/248
f 769/287/255 788/262/248 787/292/562
f 801/293/260 790/201/563 797/294/262
f 801/293/260 789/190/263 798/295/264
f 789/190/263 802/296/171 793/297/265
f 790/201/563 802/296/171 797/294/262
f 802/296/171 792/208/564 800/298/267
f 802/296/171 791/194/268 793/297/265
f 791/194/268 803/299/269 795/300/270
f 792/208/564 803/299/269 800/298/267
f 804/301/271 792/229/564 799/302/272
f 804/301/271 790/201/563 796/303/565
f 805/304/274 789/190/263 793/305/265
f 805/304/274 791/203/268 795/306/270
f 803/299/269 804/301/271 801/293/260
f 815/244/212 824/245/213 814/246/214
f 815/247/212 825/248/215 817/249/216
f 824/250/213 822/251/217 821/252/218
f 817/253/216 826/254/219 818/255/220
f 818/256/220 827/257/221 819/258/222
f 827/259/221 820/260/223 819/261/222
f 820/260/223 829/262/224 823/263/225
f 821/264/218 823/265/225 829/266/224
f 806/267/566 816/268/227 815/244/212
f 806/269/566 817/249/216 807/270/228
f 817/253/216 808/271/229 807/272/228
f 818/256/220 809/270/230 808/273/229
f 809/274/230 820/260/223 810/275/231
f 811/276/567 822/277/217 813/270/233
f 813/278/233 816/279/227 812/280/234
f 823/263/225 810/275/231 820/260/223
f 806/281/566 824/245/213 812/282/234
f 806/283/566 825/248/215 814/284/214
f 807/285/228 826/254/219 825/286/215
f 808/287/229 827/257/221 826/288/219
f 810/289/231 827/259/221 809/290/230
f 813/291/233 824/250/213 821/252/218
f 811/291/567 821/264/218 829/266/224
f 810/287/231 829/262/224 828/292/235
f 195/189/170 196/211/170 181/190/170
f 187/190/171 199/205/171 229/192/171
f 183/194/172 197/214/172 198/195/172
f 185/196/173 198/195/173 220/197/173
f 180/199/174 232/237/174 224/200/174
f 213/202/175 211/232/175 183/203/175
f 201/205/170 199/205/170 187/190/170
f 227/206/174 225/206/174 188/201/174
f 210/207/172 208/207/172 189/208/172
f 218/209/175 216/209/175 190/194/175
f 181/190/176 196/211/176 201/205/176
f 182/201/177 224/238/177 227/206/177
f 184/208/178 205/220/178 210/207/178
f 183/194/179 211/233/179 218/209/179
f 235/189/170 237/221/170 238/210/170
f 240/212/171 239/226/171 241/213/171
f 243/214/172 245/220/172 246/215/172
f 195/216/173 233/239/173 234/217/173
f 248/205/170 247/205/170 249/219/170
f 202/212/172 194/194/172 190/194/172
f 236/211/176 238/210/176 249/219/176
f 202/212/178 197/214/178 183/194/178
f 251/207/172 252/212/172 240/212/172
f 245/220/178 243/214/178 252/212/178
f 203/221/170 180/199/170 182/201/170
f 208/207/171 221/213/171 215/222/171
f 205/220/172 184/208/172 186/223/172
f 203/218/173 234/217/173 232/224/173
f 209/219/170 192/201/170 188/201/170
f 209/219/176 204/210/176 182/201/176
f 219/226/171 200/212/171 190/194/171
f 220/197/173 233/239/173 231/227/173
f 214/228/174 186/310/174 184/229/174
f 213/202/175 231/241/175 223/231/175
f 217/222/174 193/208/174 189/208/174
f 253/209/175 255/193/175 256/193/175
f 217/222/177 212/243/177 184/208/177
f 257/233/179 258/242/179 255/193/179
f 241/213/171 239/226/171 259/192/171
f 222/235/173 220/197/173 198/195/173
f 261/222/171 241/213/171 260/234/171
f 214/236/173 222/235/173 206/215/173
f 256/193/171 259/192/171 239/226/171
f 263/237/174 265/228/174 266/230/174
f 267/206/174 268/222/174 261/222/174
f 264/238/177 266/243/177 268/222/177
f 233/239/173 220/197/173 222/235/173
f 234/217/173 222/235/173 214/236/173
f 233/239/173 195/216/173 179/240/173
f 231/241/175 179/191/175 181/190/175
f 228/193/175 191/190/175 187/190/175
f 228/193/179 223/242/179 181/190/179
f 260/234/171 259/192/171 248/205/171
f 225/206/171 230/234/171 207/219/171
f 195/189/175 235/189/175 236/211/175
f 203/221/173 237/221/173 235/189/173
f 203/221/174 204/210/174 238/210/174
f 200/212/180 219/226/181 239/226/181
f 208/207/183 242/207/191 241/213/184
f 198/195/175 197/214/175 243/214/175
f 206/215/174 246/215/174 245/220/174
f 198/195/173 244/195/173 246/215/173
f 201/205/175 247/205/175 248/205/186
f 209/219/174 207/219/210 250/219/188
f 201/205/189 196/211/189 236/211/189
f 209/219/190 249/219/190 238/210/190
f 210/207/174 251/207/174 242/207/191
f 202/212/175 200/212/180 240/212/182
f 210/207/192 205/220/192 245/220/192
f 202/212/193 252/212/193 243/214/193
f 218/209/194 253/209/198 254/209/195
f 228/193/170 226/193/170 256/193/170
f 218/209/194 211/233/197 257/233/197
f 223/242/199 258/242/199 257/233/199
f 228/193/200 255/193/200 258/242/200
f 215/222/201 221/213/202 241/213/202
f 225/206/204 262/206/204 260/234/204
f 226/193/205 229/192/205 259/192/205
f 216/209/196 254/209/195 239/226/206
f 232/237/170 263/237/170 264/200/170
f 232/237/173 214/228/173 265/228/173
f 214/228/172 212/230/172 266/230/172
f 227/206/170 267/206/170 262/206/170
f 217/222/172 215/222/201 261/222/203
f 227/206/207 224/238/207 264/238/207
f 217/222/208 268/222/208 266/243/208
f 199/205/187 248/205/186 259/192/209
f 207/219/210 230/234/211 260/234/211
f 278/244/212 279/268/227 287/245/213
f 278/247/212 277/284/214 288/248/215
f 287/250/213 279/279/227 285/251/217
f 280/253/216 288/286/215 289/254/219
f 281/256/220 289/288/219 290/257/221
f 290/259/221 291/307/235 283/260/223
f 283/260/223 291/292/235 292/262/224
f 284/264/218 285/277/217 286/265/225
f 269/267/226 275/311/234 279/268/227
f 269/269/226 278/247/212 280/249/216
f 280/253/216 281/255/220 271/271/229
f 281/256/220 282/258/222 272/270/230
f 272/274/230 282/261/222 283/260/223
f 274/276/232 286/265/225 285/277/217
f 276/278/233 285/251/217 279/279/227
f 286/263/225 274/270/232 273/275/231
f 269/281/226 277/246/214 287/245/213
f 269/283/226 270/289/228 288/248/215
f 270/285/228 271/289/229 289/254/219
f 271/287/229 272/289/230 290/257/221
f 273/289/231 291/307/235 290/259/221
f 276/291/233 275/308/234 287/250/213
f 274/291/232 276/308/233 284/264/218
f 273/287/231 274/309/232 292/262/224
f 302/244/236 303/268/251 311/245/237
f 302/247/236 301/284/238 312/248/239
f 311/250/237 303/279/251 309/251/241
f 304/253/240 312/286/239 313/254/243
f 305/256/244 313/288/243 314/257/245
f 314/259/245 315/307/259 307/260/247
f 307/260/247 315/292/259 316/262/248
f 308/264/242 309/277/241 310/265/249
f 293/267/250 299/311/258 303/268/251
f 293/269/250 302/247/236 304/249/240
f 304/253/240 305/255/244 295/271/253
f 305/256/244 306/258/246 296/270/254
f 296/274/254 306/261/246 307/260/247
f 298/276/256 310/265/249 309/277/241
f 300/278/257 309/251/241 303/279/251
f 310/263/249 298/270/256 297/275/255
f 293/281/250 301/246/238 311/245/237
f 293/283/250 294/289/252 312/248/239
f 294/285/252 295/289/253 313/254/243
f 295/287/253 296/289/254 314/257/245
f 297/289/255 315/307/259 314/259/245
f 300/291/257 299/308/258 311/250/237
f 298/291/256 300/308/257 308/264/242
f 297/287/255 298/309/256 316/262/248
f 329/293/260 324/303/273 318/201/261
f 329/293/260 325/294/262 317/190/263
f 317/190/263 325/294/262 330/296/171
f 318/201/261 327/312/272 330/296/171
f 330/296/171 327/312/272 320/208/266
f 330/296/171 328/298/267 319/194/268
f 319/194/268 328/298/267 331/299/269
f 320/208/266 322/313/568 331/299/269
f 332/301/271 322/314/568 320/229/266
f 332/301/271 327/302/272 318/201/261
f 333/304/274 326/295/264 317/190/263
f 333/304/274 321/305/265 319/203/268
f 329/293/260 326/295/264 333/304/274
f 333/304/274 323/300/270 331/299/269
f 331/299/269 322/314/568 332/301/271
f 332/301/271 324/303/273 329/293/260
f 329/293/260 333/304/274 331/299/269
f 343/244/275 344/268/290 352/245/276
f 343/247/275 342/284/277 353/248/278
f 352/250/276 344/279/290 350/251/280
f 345/253/279 353/286/278 354/254/282
f 346/256/283 354/288/282 355/257/284
f 355/259/284 356/307/298 348/260/286
f 348/260/286 356/292/298 357/262/287
f 349/264/281 350/277/280 351/265/288
f 334/267/289 340/311/297 344/268/290
f 334/269/289 343/247/275 345/249/279
f 345/253/279 346/255/283 336/271/292
f 346/256/283 347/258/285 337/270/293
f 337/274/293 347/261/285 348/260/286
f 339/276/295 351/265/288 350/277/280
f 341/278/296 350/251/280 344/279/290
f 351/263/288 339/270/295 338/275/294
f 334/281/289 342/246/277 352/245/276
f 334/283/289 335/289/291 353/248/278
f 335/285/291 336/289/292 354/254/282
f 336/287/292 337/289/293 355/257/284
f 338/289/294 356/307/298 355/259/284
f 341/291/296 340/308/297 352/250/276
f 339/291/295 341/308/296 349/264/281
f 338/287/294 339/309/295 357/262/287
f 367/244/299 368/268/314 376/245/300
f 367/247/299 366/284/301 377/248/302
f 376/250/300 368/279/314 374/251/304
f 369/253/303 377/286/302 378/254/306
f 370/256/307 378/288/306 379/257/308
f 379/259/308 380/307/322 372/260/310
f 372/260/310 380/292/322 381/262/311
f 373/264/305 374/277/304 375/265/312
f 358/267/313 364/311/321 368/268/314
f 358/269/313 367/247/299 369/249/303
f 369/253/303 370/255/307 360/271/316
f 370/256/307 371/258/309 361/270/317
f 361/274/317 371/261/309 372/260/310
f 363/276/319 375/265/312 374/277/304
f 365/278/320 374/251/304 368/279/314
f 375/263/312 363/270/319 362/275/318
f 358/281/313 366/246/301 376/245/300
f 358/283/313 359/289/315 377/248/302
f 359/285/315 360/289/316 378/254/306
f 360/287/316 361/289/317 379/257/308
f 362/289/318 380/307/322 379/259/308
f 365/291/320 364/308/321 376/250/300
f 363/291/319 365/308/320 373/264/305
f 362/287/318 363/309/319 381/262/311
f 398/189/323 399/211/323 384/190/323
f 390/190/171 402/205/171 432/192/171
f 400/214/324 401/195/324 388/196/324
f 388/196/173 401/195/173 423/197/173
f 383/199/325 435/237/325 427/200/325
f 416/202/326 414/232/326 386/203/326
f 404/205/323 402/205/323 390/190/323
f 430/206/325 428/206/325 391/201/325
f 413/207/324 411/207/324 392/208/324
f 421/209/326 419/209/326 393/194/326
f 384/190/327 399/211/327 404/205/327
f 385/201/328 427/238/328 430/206/328
f 387/208/329 408/220/329 413/207/329
f 386/194/330 414/233/330 421/209/330
f 438/189/323 440/221/323 441/210/323
f 443/212/171 442/226/171 444/213/171
f 446/214/324 448/220/324 449/215/324
f 398/216/173 436/239/173 437/217/173
f 450/205/323 452/219/323 453/219/323
f 405/212/324 397/194/324 393/194/324
f 439/211/327 441/210/327 452/219/327
f 405/212/329 400/214/329 386/194/329
f 454/207/324 455/212/324 443/212/324
f 448/220/329 446/214/329 455/212/329
f 406/221/323 383/199/323 385/201/323
f 411/207/171 424/213/171 418/222/171
f 408/220/324 387/208/324 389/223/324
f 406/218/173 437/217/173 435/224/173
f 412/219/323 395/201/323 391/201/323
f 412/219/327 407/210/327 385/201/327
f 422/226/171 403/212/171 393/194/171
f 423/197/173 436/239/173 434/227/173
f 417/228/325 389/310/325 387/229/325
f 416/202/326 434/241/326 426/231/326
f 420/222/325 396/208/325 392/208/325
f 456/209/326 458/193/326 459/193/326
f 420/222/328 415/243/328 387/208/328
f 460/233/330 461/242/330 458/193/330
f 444/213/171 442/226/171 462/192/171
f 425/235/173 423/197/173 401/195/173
f 464/222/171 444/213/171 463/234/171
f 417/236/173 425/235/173 409/215/173
f 459/193/171 462/192/171 442/226/171
f 466/237/325 468/228/325 469/230/325
f 470/206/325 471/222/325 464/222/325
f 467/238/328 469/243/328 471/222/328
f 436/239/173 423/197/173 425/235/173
f 437/217/173 425/235/173 417/236/173
f 436/239/173 398/216/173 382/240/173
f 434/241/326 382/191/326 384/190/326
f 431/193/326 394/190/326 390/190/326
f 431/193/330 426/242/330 384/190/330
f 463/234/171 462/192/171 451/205/171
f 428/206/171 433/234/171 410/219/171
f 398/189/326 438/189/326 439/211/326
f 398/189/173 406/221/173 440/221/173
f 406/221/325 407/210/325 441/210/325
f 403/212/331 422/226/332 442/226/332
f 411/207/334 445/207/334 444/213/335
f 401/195/326 400/214/326 446/214/326
f 409/215/325 449/215/325 448/220/325
f 401/195/173 447/195/173 449/215/173
f 404/205/326 450/205/326 451/205/336
f 412/219/325 410/219/337 453/219/337
f 404/205/338 399/211/338 439/211/338
f 412/219/339 452/219/339 441/210/339
f 413/207/325 454/207/325 445/207/334
f 405/212/326 403/212/331 443/212/333
f 413/207/340 408/220/340 448/220/340
f 405/212/341 455/212/341 446/214/341
f 421/209/342 456/209/342 457/209/343
f 431/193/344 429/193/323 459/193/323
f 421/209/342 414/233/569 460/233/345
f 414/233/346 426/242/346 461/242/346
f 431/193/347 458/193/347 461/242/347
f 418/222/348 424/213/349 444/213/349
f 428/206/350 465/206/350 463/234/350
f 429/193/351 432/192/351 462/192/351
f 419/209/343 457/209/343 442/226/352
f 435/237/323 466/237/323 467/200/344
f 435/237/173 417/228/173 468/228/173
f 417/228/353 415/230/324 469/230/324
f 430/206/323 470/206/323 465/206/323
f 420/222/324 418/222/348 464/222/348
f 430/206/354 427/238/354 467/238/354
f 420/222/355 471/222/355 469/243/355
f 402/205/336 451/205/336 462/192/356
f 410/219/337 433/234/358 463/234/358
f 488/189/359 489/211/359 474/190/359
f 480/190/171 492/205/171 522/192/171
f 476/194/360 490/214/360 491/195/360
f 478/196/173 491/195/173 513/197/173
f 473/199/361 525/237/361 517/200/361
f 506/202/362 504/232/362 476/203/362
f 494/205/359 492/205/359 480/190/359
f 520/206/361 518/206/361 481/201/361
f 503/207/360 501/207/360 482/208/360
f 511/209/362 509/209/362 483/194/362
f 474/190/363 489/211/363 494/205/363
f 475/201/364 517/238/364 520/206/364
f 477/208/365 498/220/365 503/207/365
f 476/194/366 504/233/366 511/209/366
f 528/189/359 530/221/359 531/210/359
f 533/212/171 532/226/171 534/213/171
f 536/214/360 538/220/360 539/215/360
f 488/216/173 526/239/173 527/217/173
f 541/205/359 540/205/359 542/219/359
f 495/212/360 487/194/360 483/194/360
f 529/211/363 531/210/363 542/219/363
f 495/212/368 490/214/368 476/194/365
f 544/207/360 545/212/360 533/212/360
f 538/220/365 536/214/365 545/212/365
f 496/221/359 473/199/359 475/201/359
f 501/207/171 514/213/171 508/222/171
f 498/220/360 477/208/360 479/223/360
f 496/218/173 527/217/173 525/224/173
f 502/219/359 485/201/359 481/201/359
f 502/219/363 497/210/363 475/201/363
f 512/226/171 493/212/171 483/194/171
f 513/197/173 526/239/173 524/227/173
f 507/228/361 479/310/361 477/229/361
f 506/202/362 524/241/362 516/231/362
f 510/222/361 486/208/361 482/208/361
f 546/209/362 548/193/362 549/193/362
f 510/222/364 505/243/364 477/208/364
f 550/233/366 551/242/366 548/193/366
f 534/213/171 532/226/171 552/192/171
f 515/235/173 513/197/173 491/195/173
f 554/222/171 534/213/171 553/234/171
f 507/236/173 515/235/173 499/215/173
f 549/193/171 552/192/171 532/226/171
f 556/237/361 558/228/361 559/230/361
f 560/206/361 561/222/361 554/222/361
f 557/238/364 559/243/364 561/222/364
f 526/239/173 513/197/173 515/235/173
f 527/217/173 515/235/173 507/236/173
f 526/239/173 488/216/173 472/240/173
f 524/241/362 472/191/362 474/190/362
f 521/193/362 484/190/362 480/190/362
f 521/193/366 516/242/366 474/190/366
f 553/234/171 552/192/171 541/205/171
f 518/206/171 523/234/171 500/219/171
f 488/189/362 528/189/362 529/211/362
f 496/221/173 530/221/173 528/189/173
f 496/221/361 497/210/361 531/210/361
f 493/212/370 512/226/570 532/226/371
f 501/207/373 535/207/380 534/213/374
f 491/195/362 490/214/362 536/214/362
f 499/215/361 539/215/361 538/220/361
f 491/195/173 537/195/173 539/215/173
f 494/205/362 540/205/362 541/205/375
f 502/219/361 500/219/402 543/219/377
f 494/205/378 489/211/378 529/211/378
f 502/219/379 542/219/379 531/210/379
f 503/207/361 544/207/361 535/207/380
f 495/212/362 493/212/370 533/212/372
f 503/207/381 498/220/381 538/220/381
f 495/212/382 545/212/382 536/214/382
f 511/209/383 546/209/387 547/209/384
f 521/193/359 519/193/359 549/193/359
f 511/209/383 504/233/571 550/233/386
f 516/242/388 551/242/388 550/233/389
f 521/193/390 548/193/390 551/242/391
f 508/222/392 514/213/572 534/213/393
f 518/206/395 555/206/395 553/234/396
f 519/193/397 522/192/397 552/192/397
f 509/209/385 547/209/384 532/226/398
f 525/237/359 556/237/359 557/200/359
f 507/228/173 558/228/173 556/237/173
f 507/228/360 505/230/360 559/230/360
f 520/206/359 560/206/359 555/206/359
f 510/222/360 508/222/392 554/222/394
f 520/206/399 517/238/399 557/238/399
f 510/222/400 561/222/400 559/243/400
f 492/205/376 541/205/375 552/192/401
f 500/219/402 523/234/403 553/234/403
f 571/244/404 572/268/419 580/245/405
f 570/284/406 581/248/427 573/249/407
f 580/250/405 572/279/419 578/251/408
f 573/253/407 581/286/427 582/254/410
f 574/256/411 582/288/410 583/257/412
f 575/261/413 583/259/412 584/307/414
f 584/292/414 585/262/417 579/263/416
f 578/277/408 579/265/416 585/266/417
f 562/267/418 568/311/426 572/268/419
f 562/269/418 571/247/404 573/249/407
f 573/253/407 574/255/411 564/271/421
f 574/256/411 575/258/413 565/270/422
f 565/274/422 575/261/413 576/260/415
f 567/276/424 579/265/416 578/277/408
f 569/278/425 578/251/408 572/279/419
f 579/263/416 567/270/424 566/275/423
f 562/281/418 570/246/406 580/245/405
f 563/289/420 581/248/427 570/284/406
f 563/285/420 564/289/421 582/254/410
f 564/287/421 565/289/422 583/257/412
f 565/290/422 566/289/423 584/307/414
f 569/291/425 568/308/426 580/250/405
f 569/308/425 577/264/409 585/266/417
f 567/309/424 585/262/417 584/292/414
f 595/244/428 596/268/443 604/245/429
f 594/284/430 605/248/451 597/249/431
f 604/250/429 596/279/443 602/251/432
f 597/253/431 605/286/451 606/254/434
f 598/256/435 606/288/434 607/257/436
f 599/261/437 607/259/436 608/307/438
f 608/292/438 609/262/441 603/263/440
f 602/277/432 603/265/440 609/266/441
f 586/267/442 592/311/450 596/268/443
f 586/269/442 595/247/428 597/249/431
f 597/253/431 598/255/435 588/271/445
f 598/256/435 599/258/437 589/270/446
f 589/274/446 599/261/437 600/260/439
f 591/276/448 603/265/440 602/277/432
f 593/278/449 602/251/432 596/279/443
f 603/263/440 591/270/448 590/275/447
f 586/281/442 594/246/430 604/245/429
f 587/289/444 605/248/451 594/284/430
f 587/285/444 588/289/445 606/254/434
f 588/287/445 589/289/446 607/257/436
f 589/290/446 590/289/447 608/307/438
f 593/291/449 592/308/450 604/250/429
f 593/308/449 601/264/433 609/266/441
f 591/309/448 609/262/441 608/292/438
f 619/244/452 620/268/467 628/245/453
f 618/284/454 629/248/475 621/249/455
f 628/250/453 620/279/467 626/251/456
f 621/253/455 629/286/475 630/254/458
f 622/256/459 630/288/458 631/257/460
f 623/261/461 631/259/460 632/307/462
f 632/292/462 633/262/465 627/263/464
f 626/277/456 627/265/464 633/266/465
f 610/267/466 616/311/474 620/268/467
f 610/269/466 619/247/452 621/249/455
f 621/253/455 622/255/459 612/271/469
f 622/256/459 623/258/461 613/270/470
f 613/274/470 623/261/461 624/260/463
f 615/276/472 627/265/464 626/277/456
f 617/278/473 626/251/456 620/279/467
f 627/263/464 615/270/472 614/275/471
f 610/281/466 618/246/454 628/245/453
f 611/289/468 629/248/475 618/284/454
f 611/285/468 612/289/469 630/254/458
f 612/287/469 613/289/470 631/257/460
f 613/290/470 614/289/471 632/307/462
f 617/291/473 616/308/474 628/250/453
f 617/308/473 625/264/457 633/266/465
f 615/309/472 633/262/465 632/292/462
f 643/244/476 644/268/491 652/245/477
f 642/284/478 653/248/499 645/249/479
f 652/250/477 644/279/491 650/251/480
f 645/253/479 653/286/499 654/254/482
f 646/256/483 654/288/482 655/257/484
f 647/261/485 655/259/484 656/307/486
f 656/292/486 657/262/489 651/263/488
f 650/277/480 651/265/488 657/266/489
f 634/267/490 640/311/498 644/268/491
f 634/269/490 643/247/476 645/249/479
f 645/253/479 646/255/483 636/271/493
f 646/256/483 647/258/485 637/270/494
f 637/274/494 647/261/485 648/260/487
f 639/276/496 651/265/488 650/277/480
f 641/278/497 650/251/480 644/279/491
f 651/263/488 639/270/496 638/275/495
f 634/281/490 642/246/478 652/245/477
f 635/289/492 653/248/499 642/284/478
f 635/285/492 636/289/493 654/254/482
f 636/287/493 637/289/494 655/257/484
f 637/290/494 638/289/495 656/307/486
f 641/291/497 640/308/498 652/250/477
f 641/308/497 649/264/481 657/266/489
f 639/309/496 657/262/489 656/292/486
f 670/293/500 665/303/513 659/201/501
f 670/293/500 666/294/502 658/190/503
f 658/190/503 666/294/502 671/296/171
f 659/201/501 668/312/512 671/296/171
f 671/296/171 668/312/512 661/208/506
f 671/296/171 669/298/507 660/194/508
f 660/194/508 669/298/507 672/299/509
f 661/208/506 663/313/573 672/299/509
f 673/301/511 663/314/573 661/229/506
f 673/301/511 668/302/512 659/201/501
f 674/304/514 667/295/504 658/190/503
f 674/304/514 662/305/505 660/203/508
f 670/293/500 667/295/504 674/304/514
f 674/304/514 664/300/510 672/299/509
f 672/299/509 663/314/573 673/301/511
f 673/301/511 665/303/513 670/293/500
f 670/293/500 674/304/514 673/301/511
f 691/189/515 692/211/515 677/190/515
f 683/190/171 695/205/171 725/192/171
f 693/214/516 694/195/516 681/196/516
f 681/196/173 694/195/173 716/197/173
f 728/237/517 720/200/517 678/201/517
f 709/202/518 707/232/518 679/203/518
f 697/205/515 695/205/515 683/190/515
f 723/206/517 721/206/517 684/201/517
f 706/207/516 704/207/516 685/208/516
f 714/209/518 712/209/518 686/194/518
f 677/190/519 692/211/519 697/205/519
f 678/201/520 720/238/520 723/206/520
f 680/208/521 701/220/521 706/207/521
f 679/194/522 707/233/522 714/209/522
f 731/189/515 733/221/515 734/210/515
f 736/212/171 735/226/171 737/213/171
f 739/214/516 741/220/516 742/215/516
f 691/216/173 729/239/173 730/217/173
f 744/205/515 743/205/515 745/219/515
f 698/212/516 690/194/516 686/194/516
f 732/211/519 734/210/519 745/219/519
f 698/212/521 693/214/521 679/194/521
f 747/207/516 748/212/516 736/212/516
f 741/220/521 739/214/521 748/212/521
f 699/221/515 676/199/515 678/201/515
f 704/207/171 717/213/171 711/222/171
f 701/220/516 680/208/516 682/223/516
f 699/218/173 730/217/173 728/224/173
f 705/219/515 688/201/515 684/201/515
f 705/219/519 700/210/519 678/201/519
f 715/226/171 696/212/171 686/194/171
f 716/197/173 729/239/173 727/227/173
f 710/228/517 682/310/517 680/229/517
f 709/202/518 727/241/518 719/231/518
f 713/222/517 689/208/517 685/208/517
f 749/209/518 751/193/518 752/193/518
f 713/222/520 708/243/520 680/208/520
f 753/233/522 754/242/522 751/193/522
f 737/213/171 735/226/171 755/192/171
f 718/235/173 716/197/173 694/195/173
f 757/222/171 737/213/171 756/234/171
f 710/236/173 718/235/173 702/215/173
f 752/193/171 755/192/171 735/226/171
f 759/237/517 761/228/517 762/230/517
f 763/206/517 764/222/517 757/222/517
f 760/238/520 762/243/520 764/222/520
f 729/239/173 716/197/173 718/235/173
f 730/217/173 718/235/173 710/236/173
f 729/239/173 691/216/173 675/240/173
f 727/241/518 675/191/518 677/190/518
f 724/193/518 687/190/518 683/190/518
f 724/193/522 719/242/522 677/190/522
f 756/234/171 755/192/171 744/205/171
f 721/206/171 726/234/171 703/219/171
f 691/189/518 731/189/518 732/211/518
f 699/221/173 733/221/173 731/189/173
f 699/221/517 700/210/517 734/210/517
f 696/212/523 715/226/524 735/226/524
f 704/207/526 738/207/535 737/213/527
f 694/195/518 693/214/518 739/214/518
f 702/215/529 742/215/529 741/220/517
f 694/195/173 740/195/173 742/215/173
f 697/205/530 743/205/530 744/205/525
f 705/219/517 703/219/556 746/219/532
f 697/205/533 692/211/533 732/211/533
f 705/219/534 745/219/534 734/210/534
f 706/207/517 747/207/517 738/207/535
f 698/212/518 696/212/523 736/212/525
f 706/207/536 701/220/536 741/220/536
f 698/212/537 748/212/537 739/214/537
f 714/209/538 749/209/542 750/209/539
f 724/193/515 722/193/515 752/193/515
f 714/209/538 707/233/541 753/233/541
f 719/242/543 754/242/543 753/233/543
f 724/193/544 751/193/544 754/242/544
f 711/222/545 717/213/574 737/213/546
f 721/206/548 758/206/548 756/234/548
f 722/193/549 725/192/549 755/192/549
f 712/209/540 750/209/539 735/226/550
f 728/237/515 759/237/515 760/200/515
f 710/228/173 761/228/173 759/237/173
f 710/228/516 708/230/516 762/230/516
f 723/206/515 763/206/515 758/206/515
f 713/222/516 711/222/545 757/222/547
f 723/206/551 720/238/551 760/238/551
f 713/222/553 764/222/553 762/243/554
f 695/205/531 744/205/525 755/192/555
f 703/219/556 726/234/575 756/234/557
f 774/244/236 775/268/251 783/245/558
f 774/247/236 773/284/559 784/248/239
f 783/250/558 775/279/251 781/251/241
f 776/253/560 784/286/239 785/254/243
f 777/256/244 785/288/243 786/257/245
f 786/259/245 787/307/562 779/260/247
f 779/260/247 787/292/562 788/262/248
f 780/264/242 781/277/241 782/265/249
f 765/267/561 771/311/258 775/268/251
f 765/269/561 774/247/236 776/249/560
f 776/253/560 777/255/244 767/271/253
f 777/256/244 778/258/246 768/270/254
f 768/274/254 778/261/246 779/260/247
f 770/276/256 782/265/249 781/277/241
f 772/278/257 781/251/241 775/279/251
f 782/263/249 770/270/256 769/275/255
f 765/281/561 773/246/559 783/245/558
f 765/283/561 766/289/252 784/248/239
f 766/285/252 767/289/253 785/254/243
f 767/287/253 768/289/254 786/257/245
f 769/289/255 787/307/562 786/259/245
f 772/291/257 771/308/258 783/250/558
f 770/291/256 772/308/257 780/264/242
f 769/287/255 770/309/256 788/262/248
f 801/293/260 796/303/565 790/201/563
f 801/293/260 797/294/262 789/190/263
f 789/190/263 797/294/262 802/296/171
f 790/201/563 799/312/272 802/296/171
f 802/296/171 799/312/272 792/208/564
f 802/296/171 800/298/267 791/194/268
f 791/194/268 800/298/267 803/299/269
f 792/208/564 794/313/568 803/299/269
f 804/301/271 794/314/568 792/229/564
f 804/301/271 799/302/272 790/201/563
f 805/304/274 798/295/264 789/190/263
f 805/304/274 793/305/265 791/203/268
f 801/293/260 798/295/264 805/304/274
f 805/304/274 795/300/270 803/299/269
f 803/299/269 794/314/568 804/301/271
f 804/301/271 796/303/565 801/293/260
f 801/293/260 805/304/274 803/299/269
f 815/244/212 816/268/227 824/245/213
f 815/247/212 814/284/214 825/248/215
f 824/250/213 816/279/227 822/251/217
f 817/253/216 825/286/215 826/254/219
f 818/256/220 826/288/219 827/257/221
f 827/259/221 828/307/235 820/260/223
f 820/260/223 828/292/235 829/262/224
f 821/264/218 822/277/217 823/265/225
f 806/267/566 812/311/234 816/268/227
f 806/269/566 815/247/212 817/249/216
f 817/253/216 818/255/220 808/271/229
f 818/256/220 819/258/222 809/270/230
f 809/274/230 819/261/222 820/260/223
f 811/276/567 823/265/225 822/277/217
f 813/278/233 822/251/217 816/279/227
f 823/263/225 811/270/567 810/275/231
f 806/281/566 814/246/214 824/245/213
f 806/283/566 807/289/228 825/248/215
f 807/285/228 808/289/229 826/254/219
f 808/287/229 809/289/230 827/257/221
f 810/289/231 828/307/235 827/259/221
f 813/291/233 812/308/234 824/250/213
f 811/291/567 813/308/233 821/264/218
f 810/287/231 811/309/567 829/262/224
o line
v 5.743482 0.289030 -0.064808
v 5.580022 0.221323 -0.064808
v 5.416563 0.289030 -0.064808
v 5.348855 0.452488 -0.064808
v 5.395658 0.615948 -0.064827
v 5.544734 0.683655 -0.064840
v 5.721372 0.615948 -0.064827
v 5.811189 0.452488 -0.064808
v 5.224411 0.770626 -2.368994
v 5.087796 0.702919 -2.311556
v 4.925774 0.770626 -2.243458
v 4.834471 0.934087 -2.205101
v 4.866154 1.097547 -2.218444
v 5.001051 1.165254 -2.275159
v 5.161355 1.097547 -2.342535
v 5.254377 0.934087 -2.381614
v 3.832738 1.252223 -4.241118
v 3.730973 1.184516 -4.137191
v 3.609926 1.252223 -4.013587
v 3.541429 1.415684 -3.943655
v 3.564684 1.579142 -3.967417
v 3.665145 1.646849 -4.070013
v 3.784888 1.579142 -4.192284
v 3.854689 1.415684 -4.263547
v 1.857791 1.733821 -5.405947
v 1.805255 1.666114 -5.273259
v 1.742581 1.733821 -5.114960
v 1.706968 1.897280 -5.025002
v 1.718792 2.060740 -5.054857
v 1.770641 2.128448 -5.185811
v 1.832629 2.060740 -5.342378
v 1.868929 1.897280 -5.434069
v -0.374969 2.215418 -5.707370
v -0.372044 2.147711 -5.567439
v -0.368530 2.215418 -5.399963
v -0.366511 2.378878 -5.304370
v -0.367144 2.542338 -5.335332
v -0.370030 2.610045 -5.473401
v -0.373505 2.542338 -5.639010
v -0.375563 2.378878 -5.736470
v -2.511142 2.697015 -5.128694
v -2.455344 2.629309 -5.003340
v -2.388316 2.697015 -4.852822
v -2.349861 2.860476 -4.766513
v -2.361968 3.023934 -4.793770
v -2.417009 3.091642 -4.917421
v -2.483277 3.023934 -5.066236
v -2.522491 2.860476 -5.154248
v -4.223634 3.178613 -3.790510
v -4.125626 3.110906 -3.698455
v -4.007504 3.178613 -3.587551
v -3.939424 3.342072 -3.523664
v -3.960305 3.505533 -3.543317
v -4.056954 3.573239 -3.634095
v -4.173717 3.505533 -3.743724
v -4.243156 3.342072 -3.808887
v -5.262711 3.660211 -1.927130
v -5.139267 3.592504 -1.881207
v -4.989966 3.660211 -1.825698
v -4.903502 3.823670 -1.793578
v -4.929288 3.987130 -1.803204
v -5.050985 4.054839 -1.848477
v -5.198537 3.987130 -1.903337
v -5.286750 3.823670 -1.936106
v -5.492235 4.141810 0.153957
v -5.363390 4.074101 0.148569
v -5.206983 4.141810 0.142001
v -5.115952 4.305268 0.138156
v -5.142304 4.468729 0.139231
v -5.269286 4.536437 0.144541
v -5.423831 4.468729 0.151030
v -5.516724 4.305268 0.154954
v -4.906839 4.623406 2.122687
v -4.792640 4.555699 2.068958
v -4.653480 4.623406 2.003464
v -4.572066 4.786868 1.965132
v -4.594902 4.950327 1.975853
v -4.707413 5.018034 2.028788
v -4.844887 4.950327 2.093488
v -4.927986 4.786868 2.132614
v -3.627994 5.105004 3.678751
v -3.545382 5.037297 3.587007
v -3.444307 5.105004 3.474746
v -3.384858 5.268465 3.408708
v -3.400980 5.431924 3.426599
v -3.482344 5.499631 3.516958
v -3.582172 5.431924 3.627834
v -3.642868 5.268465 3.695257
v -1.880341 5.586603 4.597380
v -1.840645 5.518896 4.483384
v -1.791867 5.586603 4.343320
v -1.763016 5.750062 4.260484
v -1.770558 5.913522 4.282153
v -1.809641 5.981229 4.394389
v -1.857805 5.913522 4.532692
v -1.887269 5.750062 4.617289
v 0.047293 6.068199 4.761590
v 0.039879 6.000492 4.643857
v 0.030746 6.068199 4.498579
v 0.025327 6.231659 4.412174
v 0.026713 6.395120 4.433940
v 0.034011 6.462827 4.549813
v 0.043027 6.395120 4.693231
v 0.048563 6.231659 4.781497
v 1.849485 6.549797 4.176307
v 1.798242 6.482090 4.073104
v 1.734752 6.549797 3.945178
v 1.696792 6.713258 3.868647
v 1.706011 6.876716 3.887160
v 1.756425 6.944424 3.988692
v 1.819087 6.876717 4.114948
v 1.857876 6.713258 4.193150
v 3.252601 7.031396 2.962814
v 3.167443 6.963689 2.889326
v 3.061425 7.031396 2.797795
v 2.997647 7.194854 2.742700
v 3.012473 7.358313 2.755454
v 3.096219 7.426021 2.827724
v 3.200826 7.358313 2.918037
v 3.266015 7.194854 2.974350
v 4.056308 7.512992 1.335142
v 3.951933 7.445285 1.301243
v 3.821347 7.512992 1.258798
v 3.742297 7.676452 1.233078
v 3.759838 7.839911 1.238742
v 3.862439 7.907618 1.272065
v 3.991253 7.839911 1.313934
v 4.072076 7.676452 1.340230
v 4.161926 7.994589 -0.437199
v 4.055302 7.926882 -0.428234
v 3.921212 7.994589 -0.416986
v 3.839520 8.158050 -0.410155
v 3.856764 8.321510 -0.411632
v 3.961531 8.389217 -0.420442
v 4.093762 8.321510 -0.431533
v 4.177314 8.158050 -0.438520
v 3.583640 8.476187 -2.073703
v 3.491248 8.408480 -2.025393
v 3.374434 8.476187 -1.964333
v 3.302792 8.639647 -1.926902
v 3.317122 8.803105 -1.934416
v 3.407861 8.870814 -1.981862
v 3.523023 8.803105 -2.042058
v 3.596317 8.639647 -2.080353
v 2.441486 8.957783 -3.327258
v 2.376781 8.890077 -3.249038
v 2.294512 8.957783 -3.149596
v 2.243711 9.121244 -3.088201
v 2.253297 9.284705 -3.099801
v 2.316814 9.352412 -3.176584
v 2.397894 9.284705 -3.274590
v 2.449884 9.121244 -3.337421
v 0.937966 9.439383 -4.021420
v 0.909416 9.371675 -3.926868
v 0.872909 9.439383 -3.805943
v 0.850211 9.602840 -3.730745
v 0.854237 9.766300 -3.744060
v 0.882248 9.834007 -3.836827
v 0.918216 9.766300 -3.955967
v 0.941453 9.602840 -4.032950
v -0.677359 9.920980 -4.074943
v -0.667330 9.853273 -3.979448
v -0.654406 9.920980 -3.856555
v -0.646295 10.084440 -3.779564
v -0.647612 10.247900 -3.792264
v -0.657446 10.315607 -3.885905
v -0.670175 10.247900 -4.006944
v -0.678481 10.084440 -4.085789
v -2.149141 10.402575 -3.510228
v -2.104218 10.334868 -3.428490
v -2.045998 10.402575 -3.322613
v -2.009222 10.566036 -3.255774
v -2.014796 10.729498 -3.265971
v -2.058820 10.797205 -3.346076
v -2.116142 10.729498 -3.450319
v -2.153817 10.566036 -3.518792
v -3.256609 10.884175 -2.445014
v -3.185679 10.816468 -2.388778
v -3.093127 10.884175 -2.315439
v -3.034201 11.047633 -2.268776
v -3.042387 11.211092 -2.275307
v -3.111856 11.278799 -2.330386
v -3.202947 11.211092 -2.402566
v -3.263334 11.047633 -2.450386
v -3.846626 11.365772 -1.069370
v -3.762095 11.298067 -1.045754
v -3.650995 11.365772 -1.014748
v -3.579674 11.529233 -0.994870
v -3.588642 11.692693 -0.997408
v -3.671376 11.760400 -1.020522
v -3.780681 11.692693 -1.051027
v -3.853797 11.529233 -1.071407
v -3.854498 11.847368 0.387691
v -3.770152 11.779661 0.377047
v -3.658436 11.847368 0.362923
v -3.586100 12.010829 0.353756
v -3.594210 12.174290 0.354752
v -3.676707 12.241997 0.365162
v -3.786574 12.174290 0.379053
v -3.860758 12.010829 0.388453
v -3.309797 12.328968 1.696191
v -3.238549 12.261261 1.655065
v -3.143409 12.328968 1.600127
v -3.081249 12.492430 1.564218
v -3.087341 12.655886 1.567714
v -3.156975 12.723595 1.607908
v -3.250500 12.655886 1.661913
v -3.314274 12.492430 1.698754
v -2.326909 12.810564 2.661485
v -2.278831 12.742857 2.598150
v -2.214069 12.810564 2.512825
v -2.171357 12.974026 2.456543
v -2.174917 13.137486 2.461224
v -2.221868 13.205193 2.523075
v -2.285503 13.137486 2.606915
v -2.329342 12.974026 2.664680
v -1.082597 13.292164 3.153135
v -1.063508 13.224457 3.078776
v -1.037548 13.292164 2.977683
v -1.020253 13.455621 2.910353
v -1.021426 13.619081 2.914950
v -1.040052 13.686789 2.987503
v -1.065547 13.619081 3.086790
v -1.083306 13.455622 3.155926
v 0.215250 13.773762 3.122103
v 0.204428 13.706055 3.048872
v 0.189591 13.773762 2.948338
v 0.179622 13.937220 2.880695
v 0.180169 14.100680 2.884265
v 0.190719 14.168387 2.955652
v 0.205284 14.100680 3.054343
v 0.215525 13.937220 3.123829
v 1.362204 14.255356 2.604071
v 1.325267 14.187649 2.543103
v 1.274058 14.255356 2.458524
v 1.239258 14.418818 2.401007
v 1.240569 14.582278 2.403116
v 1.276540 14.649985 2.462489
v 1.326783 14.582278 2.545474
v 1.362549 14.418818 2.604586
v 2.189494 14.736956 1.709039
v 2.134034 14.669249 1.668762
v 2.056278 14.736956 1.612251
v 2.011979 14.900413 1.580039
v 2.039367 15.063873 1.599938
v 2.105487 15.131580 1.647978
v 2.171608 15.063873 1.696017
v 2.198997 14.900413 1.715916
vn 0.7388 -0.6729 0.0372
vn -0.0251 -0.9771 -0.2112
vn 0.6722 -0.6030 -0.4296
vn -0.6171 -0.7421 0.2617
vn 0.0194 -0.9940 0.1076
vn -0.8774 -0.1589 0.4526
vn -0.6361 -0.7645 0.1045
vn -0.6387 0.5447 0.5435
vn -0.9083 -0.1710 0.3816
vn 0.0892 0.8959 0.4353
vn -0.6213 0.6386 0.4540
vn 0.6616 0.7338 -0.1543
vn 0.1272 0.9783 0.1637
vn 0.6900 0.6797 0.2489
vn 0.9081 0.1637 -0.3854
vn 0.9934 0.0798 0.0826
vn -0.1093 -0.9764 -0.1864
vn 0.4687 -0.5694 -0.6754
vn -0.5376 -0.7736 0.3353
vn -0.6877 -0.2014 0.6975
vn -0.4029 0.6261 0.6676
vn 0.5513 0.7331 -0.3982
vn 0.1836 0.9775 0.1034
vn 0.6860 0.1962 -0.7007
vn -0.1760 -0.9756 -0.1316
vn 0.1717 -0.5610 -0.8098
vn -0.3690 -0.7690 0.5220
vn -0.3637 -0.2012 0.9095
vn -0.1136 0.6174 0.7784
vn 0.3565 0.7283 -0.5852
vn 0.2128 0.9768 0.0247
vn 0.3609 0.1963 -0.9117
vn -0.2169 -0.9747 -0.0540
vn -0.1565 -0.5524 -0.8188
vn -0.1392 -0.7641 0.6298
vn 0.0171 -0.2012 0.9794
vn 0.1987 0.6086 0.7682
vn 0.1026 0.7236 -0.6826
vn 0.2093 0.9760 -0.0606
vn -0.0206 0.1964 -0.9803
vn -0.2246 -0.9738 0.0350
vn -0.4646 -0.5435 -0.6991
vn 0.1166 -0.7593 0.6403
vn 0.3953 -0.2012 0.8963
vn 0.4851 0.5994 0.6367
vn -0.1713 0.7186 -0.6740
vn 0.1724 0.9751 -0.1392
vn -0.3988 0.1966 -0.8957
vn -0.1969 -0.9729 0.1215
vn -0.7039 -0.5345 -0.4678
vn 0.3587 -0.7542 0.5500
vn 0.7117 -0.2011 0.6731
vn 0.7000 0.5901 0.4023
vn -0.4223 0.7136 -0.5590
vn 0.1070 0.9743 -0.1985
vn -0.7148 0.1967 -0.6711
vn -0.1368 -0.9719 0.1917
vn -0.8358 -0.5254 -0.1597
vn 0.5487 -0.7490 0.3714
vn 0.9169 -0.2011 0.3448
vn 0.8081 0.5805 0.1004
vn -0.6105 0.7084 -0.3542
vn 0.0222 0.9733 -0.2284
vn -0.9189 0.1969 -0.3417
vn -0.0526 -0.9708 0.2340
vn -0.8379 -0.5160 0.1777
vn 0.6555 -0.7437 0.1311
vn 0.9789 -0.2011 -0.0374
vn 0.7904 0.5707 -0.2225
vn -0.7052 0.7032 -0.0905
vn -0.0691 0.9723 -0.2232
vn -0.9795 0.1971 0.0411
vn 0.0430 -0.9697 0.2405
vn -0.7084 -0.5064 0.4916
vn 0.6610 -0.7383 -0.1342
vn 0.8879 -0.2010 -0.4138
vn 0.6478 0.5606 -0.5158
vn -0.6902 0.6978 0.1914
vn -0.1529 0.9713 -0.1823
vn -0.8870 0.1973 0.4174
vn 0.1354 -0.9685 0.2088
vn -0.4658 -0.4967 0.7324
vn 0.5625 -0.7326 -0.3832
vn 0.6582 -0.2009 -0.7255
vn 0.4005 0.5503 -0.7326
vn -0.5662 0.6923 0.4473
vn -0.2155 0.9702 -0.1110
vn -0.6559 0.1975 0.7285
vn 0.2098 -0.9673 0.1426
vn -0.1467 -0.4868 0.8611
vn 0.3736 -0.7268 -0.5763
vn 0.3257 -0.2008 -0.9239
vn 0.0859 0.5398 -0.8374
vn -0.3511 0.6866 0.6366
vn -0.2462 0.9690 -0.0194
vn -0.3224 0.1977 0.9257
vn 0.2535 -0.9660 0.0510
vn 0.1995 -0.4767 0.8561
vn 0.1223 -0.7209 -0.6822
vn -0.0577 -0.2007 -0.9780
vn -0.2474 0.5291 -0.8117
vn -0.0774 0.6808 0.7283
vn -0.2391 0.9678 0.0788
vn 0.0616 0.1977 0.9783
vn 0.2585 -0.9646 -0.0524
vn 0.5187 -0.4664 0.7165
vn -0.1528 -0.7148 -0.6824
vn -0.4321 -0.2005 -0.8792
vn -0.5470 0.5181 -0.6575
vn 0.2125 0.6749 0.7066
vn -0.1937 0.9665 0.1685
vn 0.4358 0.1978 0.8780
vn 0.2223 -0.9631 -0.1516
vn 0.7604 -0.4560 0.4625
vn -0.4089 -0.7085 -0.5752
vn -0.7390 -0.2003 -0.6432
vn -0.7651 0.5068 -0.3971
vn 0.4734 0.6689 0.5732
vn -0.1158 0.9651 0.2350
vn 0.7420 0.1979 0.6405
vn 0.1491 -0.9616 -0.2306
vn 0.8855 -0.4453 0.1328
vn -0.6053 -0.7020 -0.3754
vn -0.9306 -0.2001 -0.3066
vn -0.8659 0.4953 -0.0701
vn 0.6635 0.6626 0.3474
vn -0.0162 0.9636 0.2669
vn 0.9322 0.1980 0.3030
vn 0.0489 -0.9599 -0.2761
vn 0.8730 -0.4344 -0.2218
vn -0.7098 -0.6953 -0.1127
vn -0.9767 -0.1999 0.0779
vn -0.8316 0.4835 0.2731
vn 0.7519 0.6562 0.0634
vn 0.0901 0.9620 0.2577
vn 0.9768 0.1981 -0.0819
vn -0.0633 -0.9581 -0.2793
vn 0.7231 -0.4234 -0.5457
vn -0.7044 -0.6885 0.1725
vn -0.8703 -0.1997 0.4503
vn -0.6657 0.4715 0.5784
vn 0.7230 0.6498 -0.2347
vn 0.1867 0.9603 0.2071
vn 0.8687 0.1982 -0.4540
vn -0.1704 -0.9562 -0.2379
vn 0.4580 -0.4120 -0.7877
vn -0.5880 -0.6815 0.4357
vn -0.6279 -0.1996 0.7523
vn -0.3923 0.4592 0.7971
vn 0.5797 0.6432 -0.5003
vn 0.2577 0.9586 0.1214
vn 0.6249 0.1983 -0.7551
vn -0.2549 -0.9542 -0.1565
vn 0.1179 -0.4005 -0.9087
vn -0.3767 -0.6743 0.6351
vn -0.2874 -0.1994 0.9368
vn -0.0530 0.4466 0.8932
vn 0.3428 0.6364 -0.6910
vn 0.2910 0.9566 0.0126
vn 0.2835 0.1984 -0.9382
vn -0.3024 -0.9521 -0.0463
vn -0.2445 -0.3888 -0.8883
vn -0.1023 -0.6669 0.7381
vn 0.0981 -0.1993 0.9750
vn 0.2995 0.4337 0.8498
vn 0.0484 0.6294 -0.7755
vn 0.2795 0.9546 -0.1031
vn -0.1023 0.1986 -0.9747
vn -0.3036 -0.9497 0.0764
vn -0.5725 -0.3768 -0.7282
vn 0.1931 -0.6594 0.7266
vn 0.4682 -0.1993 0.8609
vn 0.6097 0.4205 0.6719
vn -0.2579 0.6224 -0.7390
vn 0.2230 0.9524 -0.2079
vn -0.4719 0.1989 -0.8589
vn -0.2560 -0.9473 0.1927
vn -0.8140 -0.3646 -0.4521
vn 0.4635 -0.6516 0.6005
vn 0.7651 -0.1992 0.6123
vn 0.8280 0.4071 0.3856
vn -0.5281 0.6152 -0.5853
vn 0.1283 0.9500 -0.2845
vn -0.7678 0.1991 -0.6089
vn -0.1649 -0.9446 0.2837
vn -0.9303 -0.3522 -0.1022
vn 0.6657 -0.6437 0.3775
vn 0.9426 -0.1991 0.2680
vn 0.9187 0.3934 0.0346
vn -0.7189 0.6078 -0.3372
vn 0.0086 0.9475 -0.3196
vn -0.9437 0.1994 -0.2638
vn -0.0429 -0.9418 0.3335
vn -0.9017 -0.3397 0.2674
vn 0.7667 -0.6355 0.0911
vn 0.9729 -0.1990 -0.1181
vn 0.8658 0.3794 -0.3263
vn -0.7991 0.6003 -0.0322
vn -0.1184 0.9448 -0.3055
vn -0.9722 0.1996 0.1224
vn 0.0922 -0.9387 0.3321
vn -0.7314 -0.3269 0.5985
vn 0.7487 -0.6272 -0.2146
vn 0.8511 -0.1989 -0.4858
vn 0.6757 0.3653 -0.6403
vn -0.7544 0.5927 0.2822
vn -0.2331 0.9419 -0.2421
vn -0.8488 0.1999 0.4895
vn 0.2195 -0.9354 0.2772
vn -0.4447 -0.3140 0.8388
vn 0.6126 -0.6186 -0.4920
vn 0.5965 -0.1987 -0.7777
vn 0.3768 0.3509 -0.8572
vn -0.5901 0.5848 0.5566
vn -0.3165 0.9387 -0.1367
vn -0.5928 0.2001 0.7801
vn 0.3180 -0.9319 0.1747
vn -0.0857 -0.3009 0.9498
vn 0.3777 -0.6097 -0.6968
vn 0.2486 -0.1986 -0.9480
vn 0.0151 0.3363 -0.9416
vn -0.3304 0.5767 0.7472
vn -0.3540 0.9352 -0.0040
vn -0.2442 0.2002 0.9488
vn 0.3705 -0.9280 0.0385
vn 0.2899 -0.2876 0.9128
vn 0.0792 -0.6006 -0.7956
vn -0.1381 -0.1984 -0.9704
vn -0.3531 0.3215 -0.8786
vn -0.0149 0.5685 0.8225
vn -0.3370 0.9315 0.1366
vn 0.1425 0.2004 0.9693
vn 0.3662 -0.9239 -0.1114
vn 0.6234 -0.2835 0.7287
vn -0.2392 -0.5875 -0.7730
vn -0.5108 -0.1711 -0.8425
vn -0.6624 0.3540 -0.6603
vn 0.3182 0.5310 0.7853
vn -0.2714 0.9273 0.2579
vn 0.5147 0.1721 0.8399
vn 0.4490 -0.7861 -0.4248
vn 0.9334 -0.2160 0.2866
vn -0.2213 -0.4517 -0.8643
vn -0.4566 -0.0655 -0.8873
vn -0.4582 0.4209 -0.7829
vn 0.7012 0.5783 0.4170
vn 0.0682 0.9938 -0.0875
vn 0.8768 0.1746 0.4481
vt 0.323974 0.216407
vt 0.333511 0.227038
vt 0.335440 0.227717
vt 0.320371 0.217090
vt 0.322135 0.215889
vt 0.319708 0.219303
vt 0.331304 0.228063
vt 0.320302 0.221283
vt 0.330126 0.230187
vt 0.321976 0.221842
vt 0.330646 0.232171
vt 0.334734 0.231838
vt 0.332547 0.232857
vt 0.323894 0.220619
vt 0.335941 0.229706
vt 0.324807 0.218349
vt 0.332209 0.238367
vt 0.334028 0.239167
vt 0.330119 0.239190
vt 0.328997 0.241154
vt 0.329484 0.243111
vt 0.333351 0.243089
vt 0.331281 0.243913
vt 0.334495 0.241122
vt 0.320606 0.248849
vt 0.322067 0.249741
vt 0.318926 0.249508
vt 0.318024 0.251338
vt 0.318420 0.253264
vt 0.321529 0.253487
vt 0.319867 0.254154
vt 0.322444 0.251660
vt 0.301607 0.257951
vt 0.302564 0.258901
vt 0.300516 0.258500
vt 0.299940 0.260233
vt 0.300210 0.262133
vt 0.302237 0.262518
vt 0.301160 0.263077
vt 0.302821 0.260789
vt 0.278474 0.265468
vt 0.278862 0.266444
vt 0.278055 0.265961
vt 0.277855 0.267643
vt 0.277989 0.269524
vt 0.278787 0.269988
vt 0.278374 0.270494
vt 0.278990 0.268312
vt 0.254393 0.271432
vt 0.254209 0.272408
vt 0.254656 0.271919
vt 0.254842 0.273593
vt 0.254843 0.275470
vt 0.254400 0.275938
vt 0.254660 0.276440
vt 0.254213 0.274270
vt 0.232332 0.276033
vt 0.231623 0.276989
vt 0.233226 0.276559
vt 0.233773 0.278268
vt 0.233657 0.280154
vt 0.232070 0.280565
vt 0.232953 0.281104
vt 0.231517 0.278862
vt 0.215003 0.279576
vt 0.213862 0.280496
vt 0.216418 0.280178
vt 0.217267 0.281958
vt 0.217060 0.283870
vt 0.214532 0.284172
vt 0.215930 0.284785
vt 0.213672 0.282396
vt 0.204773 0.282456
vt 0.203348 0.283330
vt 0.206535 0.283164
vt 0.207588 0.285043
vt 0.207327 0.286992
vt 0.204178 0.287150
vt 0.205919 0.287864
vt 0.203108 0.285272
vt 0.203402 0.285143
vt 0.201897 0.285967
vt 0.205267 0.285971
vt 0.206384 0.287966
vt 0.206116 0.289961
vt 0.202789 0.289956
vt 0.204633 0.290786
vt 0.201650 0.287960
vt 0.211584 0.288144
vt 0.210245 0.288920
vt 0.213254 0.289089
vt 0.214265 0.291199
vt 0.214040 0.293243
vt 0.211072 0.293084
vt 0.212725 0.294025
vt 0.210038 0.290968
vt 0.228423 0.291925
vt 0.227498 0.292668
vt 0.229597 0.292964
vt 0.230323 0.295170
vt 0.230190 0.297258
vt 0.228122 0.296980
vt 0.229284 0.298010
vt 0.227376 0.294764
vt 0.251175 0.296807
vt 0.250848 0.297537
vt 0.251625 0.297898
vt 0.251931 0.300162
vt 0.251919 0.302282
vt 0.251155 0.301944
vt 0.251600 0.303024
vt 0.250841 0.299668
vt 0.275618 0.302863
vt 0.275948 0.303602
vt 0.275266 0.303955
vt 0.275101 0.306231
vt 0.275215 0.308365
vt 0.275887 0.308036
vt 0.275539 0.309117
vt 0.276059 0.305748
vt 0.297113 0.309894
vt 0.298011 0.310659
vt 0.296061 0.310944
vt 0.295478 0.313187
vt 0.295694 0.315316
vt 0.297612 0.315051
vt 0.296572 0.316091
vt 0.298214 0.312798
vt 0.311910 0.317510
vt 0.313171 0.318307
vt 0.310399 0.318490
vt 0.309537 0.320668
vt 0.309811 0.322773
vt 0.312538 0.322604
vt 0.311046 0.323578
vt 0.313426 0.320419
vt 0.318039 0.325267
vt 0.319417 0.326092
vt 0.316372 0.326169
vt 0.315407 0.328268
vt 0.315692 0.330337
vt 0.318690 0.330266
vt 0.317044 0.331166
vt 0.319680 0.328163
vt 0.315449 0.332798
vt 0.316717 0.333641
vt 0.313905 0.333631
vt 0.313006 0.335653
vt 0.313263 0.337682
vt 0.316032 0.337691
vt 0.314510 0.338526
vt 0.316953 0.335667
vt 0.305543 0.339881
vt 0.306535 0.340732
vt 0.304337 0.340664
vt 0.303636 0.342625
vt 0.303840 0.344616
vt 0.306005 0.344677
vt 0.304817 0.345465
vt 0.306721 0.342716
vt 0.290548 0.346446
vt 0.291163 0.347296
vt 0.289813 0.347200
vt 0.289396 0.349122
vt 0.289536 0.351084
vt 0.290866 0.351168
vt 0.290142 0.351931
vt 0.291291 0.349249
vt 0.272987 0.352539
vt 0.273184 0.353382
vt 0.272783 0.353285
vt 0.272693 0.355190
vt 0.272768 0.357138
vt 0.273163 0.357222
vt 0.272963 0.357978
vt 0.273256 0.355319
vt 0.255364 0.358281
vt 0.255151 0.359118
vt 0.255687 0.359037
vt 0.255928 0.360950
vt 0.255947 0.362898
vt 0.255419 0.362967
vt 0.255738 0.363733
vt 0.255176 0.361056
vt 0.239993 0.363836
vt 0.239421 0.364670
vt 0.240784 0.364614
vt 0.241324 0.366555
vt 0.241302 0.368520
vt 0.239960 0.368565
vt 0.240740 0.369352
vt 0.239411 0.366626
vt 0.228878 0.369374
vt 0.228038 0.370211
vt 0.230027 0.370181
vt 0.230801 0.372165
vt 0.230755 0.374162
vt 0.228798 0.374183
vt 0.229930 0.374997
vt 0.228010 0.372200
vt 0.223556 0.375048
vt 0.222573 0.375894
vt 0.224903 0.375886
vt 0.225811 0.377920
vt 0.225761 0.379959
vt 0.223472 0.379964
vt 0.224798 0.380806
vt 0.222545 0.377929
vt 0.224863 0.380964
vt 0.223891 0.381827
vt 0.226207 0.381828
vt 0.227120 0.383913
vt 0.227084 0.386000
vt 0.224813 0.386000
vt 0.226135 0.386865
vt 0.223876 0.383913
vt 0.232663 0.387157
vt 0.231863 0.388042
vt 0.233789 0.388038
vt 0.234567 0.390166
vt 0.234558 0.392299
vt 0.232672 0.392310
vt 0.233779 0.393188
vt 0.231872 0.390177
vt 0.245682 0.393579
vt 0.245192 0.394488
vt 0.246400 0.394466
vt 0.246916 0.396625
vt 0.246939 0.398795
vt 0.245758 0.398826
vt 0.246464 0.399708
vt 0.245227 0.396663
vt 0.261604 0.400108
vt 0.261503 0.401036
vt 0.261798 0.400991
vt 0.261969 0.403164
vt 0.262020 0.405357
vt 0.261732 0.405413
vt 0.261923 0.406290
vt 0.261557 0.403236
vt 0.277523 0.406584
vt 0.277810 0.407522
vt 0.277183 0.407459
vt 0.277037 0.409635
vt 0.277227 0.411849
vt 0.277850 0.411925
vt 0.277564 0.412800
vt 0.277918 0.409733
s 1
usemtl lambert1
f 830/315/576 839/316/577 838/317/578
f 832/318/579 839/316/577 831/319/580
f 833/320/581 840/321/582 832/318/579
f 834/322/583 841/323/584 833/320/581
f 835/324/585 842/325/586 834/322/583
f 835/324/585 844/326/587 843/327/588
f 836/328/589 845/329/590 844/326/587
f 837/330/591 838/317/578 845/329/590
f 838/317/578 847/331/592 846/332/593
f 840/321/582 847/331/592 839/316/577
f 841/323/584 848/333/594 840/321/582
f 842/325/586 849/334/595 841/323/584
f 843/327/588 850/335/596 842/325/586
f 843/327/588 852/336/597 851/337/598
f 844/326/587 853/338/599 852/336/597
f 845/329/590 846/332/593 853/338/599
f 846/332/593 855/339/600 854/340/601
f 848/333/594 855/339/600 847/331/592
f 849/334/595 856/341/602 848/333/594
f 850/335/596 857/342/603 849/334/595
f 851/337/598 858/343/604 850/335/596
f 851/337/598 860/344/605 859/345/606
f 852/336/597 861/346/607 860/344/605
f 853/338/599 854/340/601 861/346/607
f 854/340/601 863/347/608 862/348/609
f 856/341/602 863/347/608 855/339/600
f 857/342/603 864/349/610 856/341/602
f 858/343/604 865/350/611 857/342/603
f 859/345/606 866/351/612 858/343/604
f 859/345/606 868/352/613 867/353/614
f 860/344/605 869/354/615 868/352/613
f 861/346/607 862/348/609 869/354/615
f 862/348/609 871/355/616 870/356/617
f 864/349/610 871/355/616 863/347/608
f 865/350/611 872/357/618 864/349/610
f 866/351/612 873/358/619 865/350/611
f 867/353/614 874/359/620 866/351/612
f 867/353/614 876/360/621 875/361/622
f 868/352/613 877/362/623 876/360/621
f 869/354/615 870/356/617 877/362/623
f 870/356/617 879/363/624 878/364/625
f 872/357/618 879/363/624 871/355/616
f 873/358/619 880/365/626 872/357/618
f 874/359/620 881/366/627 873/358/619
f 875/361/622 882/367/628 874/359/620
f 875/361/622 884/368/629 883/369/630
f 876/360/621 885/370/631 884/368/629
f 877/362/623 878/364/625 885/370/631
f 878/364/625 887/371/632 886/372/633
f 880/365/626 887/371/632 879/363/624
f 881/366/627 888/373/634 880/365/626
f 882/367/628 889/374/635 881/366/627
f 883/369/630 890/375/636 882/367/628
f 883/369/630 892/376/637 891/377/638
f 884/368/629 893/378/639 892/376/637
f 885/370/631 886/372/633 893/378/639
f 886/372/633 895/379/640 894/380/641
f 888/373/634 895/379/640 887/371/632
f 889/374/635 896/381/642 888/373/634
f 890/375/636 897/382/643 889/374/635
f 891/377/638 898/383/644 890/375/636
f 891/377/638 900/384/645 899/385/646
f 892/376/637 901/386/647 900/384/645
f 893/378/639 894/380/641 901/386/647
f 894/380/641 903/387/648 902/388/649
f 896/381/642 903/387/648 895/379/640
f 897/382/643 904/389/650 896/381/642
f 898/383/644 905/390/651 897/382/643
f 899/385/646 906/391/652 898/383/644
f 899/385/646 908/392/653 907/393/654
f 900/384/645 909/394/655 908/392/653
f 901/386/647 902/388/649 909/394/655
f 902/388/649 911/395/656 910/396/657
f 904/389/650 911/395/656 903/387/648
f 905/390/651 912/397/658 904/389/650
f 906/391/652 913/398/659 905/390/651
f 907/393/654 914/399/660 906/391/652
f 907/393/654 916/400/661 915/401/662
f 908/392/653 917/402/663 916/400/661
f 909/394/655 910/396/657 917/402/663
f 910/396/657 919/403/664 918/404/665
f 912/397/658 919/403/664 911/395/656
f 913/398/659 920/405/666 912/397/658
f 914/399/660 921/406/667 913/398/659
f 915/401/662 922/407/668 914/399/660
f 915/401/662 924/408/669 923/409/670
f 916/400/661 925/410/671 924/408/669
f 917/402/663 918/404/665 925/410/671
f 918/404/665 927/411/672 926/412/673
f 920/405/666 927/411/672 919/403/664
f 921/406/667 928/413/674 920/405/666
f 922/407/668 929/414/675 921/406/667
f 923/409/670 930/415/676 922/407/668
f 923/409/670 932/416/677 931/417/678
f 924/408/669 933/418/679 932/416/677
f 925/410/671 926/412/673 933/418/679
f 926/412/673 935/419/680 934/420/681
f 928/413/674 935/419/680 927/411/672
f 929/414/675 936/421/682 928/413/674
f 930/415/676 937/422/683 929/414/675
f 931/417/678 938/423/684 930/415/676
f 931/417/678 940/424/685 939/425/686
f 932/416/677 941/426/687 940/424/685
f 933/418/679 934/420/681 941/426/687
f 934/420/681 943/427/688 942/428/689
f 936/421/682 943/427/688 935/419/680
f 937/422/683 944/429/690 936/421/682
f 938/423/684 945/430/691 937/422/683
f 939/425/686 946/431/692 938/423/684
f 939/425/686 948/432/693 947/433/694
f 940/424/685 949/434/695 948/432/693
f 941/426/687 942/428/689 949/434/695
f 942/428/689 951/435/696 950/436/697
f 944/429/690 951/435/696 943/427/688
f 945/430/691 952/437/698 944/429/690
f 946/431/692 953/438/699 945/430/691
f 947/433/694 954/439/700 946/431/692
f 947/433/694 956/440/701 955/441/702
f 948/432/693 957/442/703 956/440/701
f 949/434/695 950/436/697 957/442/703
f 950/436/697 959/443/704 958/444/705
f 952/437/698 959/443/704 951/435/696
f 953/438/699 960/445/706 952/437/698
f 954/439/700 961/446/707 953/438/699
f 955/441/702 962/447/708 954/439/700
f 955/441/702 964/448/709 963/449/710
f 956/440/701 965/450/711 964/448/709
f 957/442/703 958/444/705 965/450/711
f 958/444/705 967/451/712 966/452/713
f 960/445/706 967/451/712 959/443/704
f 961/446/707 968/453/714 960/445/706
f 962/447/708 969/454/715 961/446/707
f 963/449/710 970/455/716 962/447/708
f 963/449/710 972/456/717 971/457/718
f 964/448/709 973/458/719 972/456/717
f 965/450/711 966/452/713 973/458/719
f 966/452/713 975/459/720 974/460/721
f 968/453/714 975/459/720 967/451/712
f 969/454/715 976/461/722 968/453/714
f 970/455/716 977/462/723 969/454/715
f 971/457/718 978/463/724 970/455/716
f 971/457/718 980/464/725 979/465/726
f 972/456/717 981/466/727 980/464/725
f 973/458/719 974/460/721 981/466/727
f 974/460/721 983/467/728 982/468/729
f 976/461/722 983/467/728 975/459/720
f 977/462/723 984/469/730 976/461/722
f 978/463/724 985/470/731 977/462/723
f 979/465/726 986/471/732 978/463/724
f 979/465/726 988/472/733 987/473/734
f 980/464/725 989/474/735 988/472/733
f 981/466/727 982/468/729 989/474/735
f 982/468/729 991/475/736 990/476/737
f 984/469/730 991/475/736 983/467/728
f 985/470/731 992/477/738 984/469/730
f 986/471/732 993/478/739 985/470/731
f 987/473/734 994/479/740 986/471/732
f 987/473/734 996/480/741 995/481/742
f 988/472/733 997/482/743 996/480/741
f 989/474/735 990/476/737 997/482/743
f 990/476/737 999/483/744 998/484/745
f 992/477/738 999/483/744 991/475/736
f 993/478/739 1000/485/746 992/477/738
f 994/479/740 1001/486/747 993/478/739
f 995/481/742 1002/487/748 994/479/740
f 995/481/742 1004/488/749 1003/489/750
f 996/480/741 1005/490/751 1004/488/749
f 997/482/743 998/484/745 1005/490/751
f 998/484/745 1007/491/752 1006/492/753
f 1000/485/746 1007/491/752 999/483/744
f 1001/486/747 1008/493/754 1000/485/746
f 1002/487/748 1009/494/755 1001/486/747
f 1003/489/750 1010/495/756 1002/487/748
f 1003/489/750 1012/496/757 1011/497/758
f 1004/488/749 1013/498/759 1012/496/757
f 1005/490/751 1006/492/753 1013/498/759
f 1006/492/753 1015/499/760 1014/500/761
f 1008/493/754 1015/499/760 1007/491/752
f 1009/494/755 1016/501/762 1008/493/754
f 1010/495/756 1017/502/763 1009/494/755
f 1011/497/758 1018/503/764 1010/495/756
f 1011/497/758 1020/504/765 1019/505/766
f 1012/496/757 1021/506/767 1020/504/765
f 1013/498/759 1014/500/761 1021/506/767
f 1014/500/761 1023/507/768 1022/508/769
f 1016/501/762 1023/507/768 1015/499/760
f 1017/502/763 1024/509/770 1016/501/762
f 1018/503/764 1025/510/771 1017/502/763
f 1019/505/766 1026/511/772 1018/503/764
f 1019/505/766 1028/512/773 1027/513/774
f 1020/504/765 1029/514/775 1028/512/773
f 1021/506/767 1022/508/769 1029/514/775
f 1022/508/769 1031/515/776 1030/516/777
f 1024/509/770 1031/515/776 1023/507/768
f 1025/510/771 1032/517/778 1024/509/770
f 1026/511/772 1033/518/779 1025/510/771
f 1027/513/774 1034/519/780 1026/511/772
f 1027/513/774 1036/520/781 1035/521/782
f 1028/512/773 1037/522/783 1036/520/781
f 1029/514/775 1030/516/777 1037/522/783
f 1030/516/777 1039/523/784 1038/524/785
f 1032/517/778 1039/523/784 1031/515/776
f 1033/518/779 1040/525/786 1032/517/778
f 1034/519/780 1041/526/787 1033/518/779
f 1035/521/782 1042/527/788 1034/519/780
f 1035/521/782 1044/528/789 1043/529/790
f 1036/520/781 1045/530/791 1044/528/789
f 1037/522/783 1038/524/785 1045/530/791
f 1038/524/785 1047/531/792 1046/532/793
f 1040/525/786 1047/531/792 1039/523/784
f 1041/526/787 1048/533/794 1040/525/786
f 1042/527/788 1049/534/795 1041/526/787
f 1043/529/790 1050/535/796 1042/527/788
f 1043/529/790 1052/536/797 1051/537/798
f 1044/528/789 1053/538/799 1052/536/797
f 1045/530/791 1046/532/793 1053/538/799
f 1046/532/793 1055/539/800 1054/540/801
f 1048/533/794 1055/539/800 1047/531/792
f 1049/534/795 1056/541/802 1048/533/794
f 1050/535/796 1057/542/803 1049/534/795
f 1051/537/798 1058/543/804 1050/535/796
f 1051/537/798 1060/544/805 1059/545/806
f 1052/536/797 1061/546/807 1060/544/805
f 1053/538/799 1054/540/801 1061/546/807
f 1054/540/801 1063/547/808 1062/548/809
f 1056/541/802 1063/547/808 1055/539/800
f 1057/542/803 1064/549/810 1056/541/802
f 1058/543/804 1065/550/811 1057/542/803
f 1059/545/806 1066/551/812 1058/543/804
f 1059/545/806 1068/552/813 1067/553/814
f 1060/544/805 1069/554/815 1068/552/813
f 1061/546/807 1062/548/809 1069/554/815
f 1062/548/809 1071/555/816 1070/556/817
f 1064/549/810 1071/555/816 1063/547/808
f 1065/550/811 1072/557/818 1064/549/810
f 1066/551/812 1073/558/819 1065/550/811
f 1067/553/814 1074/559/820 1066/551/812
f 1067/553/814 1076/560/821 1075/561/822
f 1068/552/813 1077/562/823 1076/560/821
f 1069/554/815 1070/556/817 1077/562/823
f 833/320/581 832/318/579 836/328/589
f 1076/560/821 1077/562/823 1073/558/819
f 830/315/576 831/319/580 839/316/577
f 832/318/579 840/321/582 839/316/577
f 833/320/581 841/323/584 840/321/582
f 834/322/583 842/325/586 841/323/584
f 835/324/585 843/327/588 842/325/586
f 835/324/585 836/328/589 844/326/587
f 836/328/589 837/330/591 845/329/590
f 837/330/591 830/315/576 838/317/578
f 838/317/578 839/316/577 847/331/592
f 840/321/582 848/333/594 847/331/592
f 841/323/584 849/334/595 848/333/594
f 842/325/586 850/335/596 849/334/595
f 843/327/588 851/337/598 850/335/596
f 843/327/588 844/326/587 852/336/597
f 844/326/587 845/329/590 853/338/599
f 845/329/590 838/317/578 846/332/593
f 846/332/593 847/331/592 855/339/600
f 848/333/594 856/341/602 855/339/600
f 849/334/595 857/342/603 856/341/602
f 850/335/596 858/343/604 857/342/603
f 851/337/598 859/345/606 858/343/604
f 851/337/598 852/336/597 860/344/605
f 852/336/597 853/338/599 861/346/607
f 853/338/599 846/332/593 854/340/601
f 854/340/601 855/339/600 863/347/608
f 856/341/602 864/349/610 863/347/608
f 857/342/603 865/350/611 864/349/610
f 858/343/604 866/351/612 865/350/611
f 859/345/606 867/353/614 866/351/612
f 859/345/606 860/344/605 868/352/613
f 860/344/605 861/346/607 869/354/615
f 861/346/607 854/340/601 862/348/609
f 862/348/609 863/347/608 871/355/616
f 864/349/610 872/357/618 871/355/616
f 865/350/611 873/358/619 872/357/618
f 866/351/612 874/359/620 873/358/619
f 867/353/614 875/361/622 874/359/620
f 867/353/614 868/352/613 876/360/621
f 868/352/613 869/354/615 877/362/623
f 869/354/615 862/348/609 870/356/617
f 870/356/617 871/355/616 879/363/624
f 872/357/618 880/365/626 879/363/624
f 873/358/619 881/366/627 880/365/626
f 874/359/620 882/367/628 881/366/627
f 875/361/622 883/369/630 882/367/628
f 875/361/622 876/360/621 884/368/629
f 876/360/621 877/362/623 885/370/631
f 877/362/623 870/356/617 878/364/625
f 878/364/625 879/363/624 887/371/632
f 880/365/626 888/373/634 887/371/632
f 881/366/627 889/374/635 888/373/634
f 882/367/628 890/375/636 889/374/635
f 883/369/630 891/377/638 890/375/636
f 883/369/630 884/368/629 892/376/637
f 884/368/629 885/370/631 893/378/639
f 885/370/631 878/364/625 886/372/633
f 886/372/633 887/371/632 895/379/640
f 888/373/634 896/381/642 895/379/640
f 889/374/635 897/382/643 896/381/642
f 890/375/636 898/383/644 897/382/643
f 891/377/638 899/385/646 898/383/644
f 891/377/638 892/376/637 900/384/645
f 892/376/637 893/378/639 901/386/647
f 893/378/639 886/372/633 894/380/641
f 894/380/641 895/379/640 903/387/648
f 896/381/642 904/389/650 903/387/648
f 897/382/643 905/390/651 904/389/650
f 898/383/644 906/391/652 905/390/651
f 899/385/646 907/393/654 906/391/652
f 899/385/646 900/384/645 908/392/653
f 900/384/645 901/386/647 909/394/655
f 901/386/647 894/380/641 902/388/649
f 902/388/649 903/387/648 911/395/656
f 904/389/650 912/397/658 911/395/656
f 905/390/651 913/398/659 912/397/658
f 906/391/652 914/399/660 913/398/659
f 907/393/654 915/401/662 914/399/660
f 907/393/654 908/392/653 916/400/661
f 908/392/653 909/394/655 917/402/663
f 909/394/655 902/388/649 910/396/657
f 910/396/657 911/395/656 919/403/664
f 912/397/658 920/405/666 919/403/664
f 913/398/659 921/406/667 920/405/666
f 914/399/660 922/407/668 921/406/667
f 915/401/662 923/409/670 922/407/668
f 915/401/662 916/400/661 924/408/669
f 916/400/661 917/402/663 925/410/671
f 917/402/663 910/396/657 918/404/665
f 918/404/665 919/403/664 927/411/672
f 920/405/666 928/413/674 927/411/672
f 921/406/667 929/414/675 928/413/674
f 922/407/668 930/415/676 929/414/675
f 923/409/670 931/417/678 930/415/676
f 923/409/670 924/408/669 932/416/677
f 924/408/669 925/410/671 933/418/679
f 925/410/671 918/404/665 926/412/673
f 926/412/673 927/411/672 935/419/680
f 928/413/674 936/421/682 935/419/680
f 929/414/675 937/422/683 936/421/682
f 930/415/676 938/423/684 937/422/683
f 931/417/678 939/425/686 938/423/684
f 931/417/678 932/416/677 940/424/685
f 932/416/677 933/418/679 941/426/687
f 933/418/679 926/412/673 934/420/681
f 934/420/681 935/419/680 943/427/688
f 936/421/682 944/429/690 943/427/688
f 937/422/683 945/430/691 944/429/690
f 938/423/684 946/431/692 945/430/691
f 939/425/686 947/433/694 946/431/692
f 939/425/686 940/424/685 948/432/693
f 940/424/685 941/426/687 949/434/695
f 941/426/687 934/420/681 942/428/689
f 942/428/689 943/427/688 951/435/696
f 944/429/690 952/437/698 951/435/696
f 945/430/691 953/438/699 952/437/698
f 946/431/692 954/439/700 953/438/699
f 947/433/694 955/441/702 954/439/700
f 947/433/694 948/432/693 956/440/701
f 948/432/693 949/434/695 957/442/703
f 949/434/695 942/428/689 950/436/697
f 950/436/697 951/435/696 959/443/704
f 952/437/698 960/445/706 959/443/704
f 953/438/699 961/446/707 960/445/706
f 954/439/700 962/447/708 961/446/707
f 955/441/702 963/449/710 962/447/708
f 955/441/702 956/440/701 964/448/709
f 956/440/701 957/442/703 965/450/711
f 957/442/703 950/436/697 958/444/705
f 958/444/705 959/443/704 967/451/712
f 960/445/706 968/453/714 967/451/712
f 961/446/707 969/454/715 968/453/714
f 962/447/708 970/455/716 969/454/715
f 963/449/710 971/457/718 970/455/716
f 963/449/710 964/448/709 972/456/717
f 964/448/709 965/450/711 973/458/719
f 965/450/711 958/444/705 966/452/713
f 966/452/713 967/451/712 975/459/720
f 968/453/714 976/461/722 975/459/720
f 969/454/715 977/462/723 976/461/722
f 970/455/716 978/463/724 977/462/723
f 971/457/718 979/465/726 978/463/724
f 971/457/718 972/456/717 980/464/725
f 972/456/717 973/458/719 981/466/727
f 973/458/719 966/452/713 974/460/721
f 974/460/721 975/459/720 983/467/728
f 976/461/722 984/469/730 983/467/728
f 977/462/723 985/470/731 984/469/730
f 978/463/724 986/471/732 985/470/731
f 979/465/726 987/473/734 986/471/732
f 979/465/726 980/464/725 988/472/733
f 980/464/725 981/466/727 989/474/735
f 981/466/727 974/460/721 982/468/729
f 982/468/729 983/467/728 991/475/736
f 984/469/730 992/477/738 991/475/736
f 985/470/731 993/478/739 992/477/738
f 986/471/732 994/479/740 993/478/739
f 987/473/734 995/481/742 994/479/740
f 987/473/734 988/472/733 996/480/741
f 988/472/733 989/474/735 997/482/743
f 989/474/735 982/468/729 990/476/737
f 990/476/737 991/475/736 999/483/744
f 992/477/738 1000/485/746 999/483/744
f 993/478/739 1001/486/747 1000/485/746
f 994/479/740 1002/487/748 1001/486/747
f 995/481/742 1003/489/750 1002/487/748
f 995/481/742 996/480/741 1004/488/749
f 996/480/741 997/482/743 1005/490/751
f 997/482/743 990/476/737 998/484/745
f 998/484/745 999/483/744 1007/491/752
f 1000/485/746 1008/493/754 1007/491/752
f 1001/486/747 1009/494/755 1008/493/754
f 1002/487/748 1010/495/756 1009/494/755
f 1003/489/750 1011/497/758 1010/495/756
f 1003/489/750 1004/488/749 1012/496/757
f 1004/488/749 1005/490/751 1013/498/759
f 1005/490/751 998/484/745 1006/492/753
f 1006/492/753 1007/491/752 1015/499/760
f 1008/493/754 1016/501/762 1015/499/760
f 1009/494/755 1017/502/763 1016/501/762
f 1010/495/756 1018/503/764 1017/502/763
f 1011/497/758 1019/505/766 1018/503/764
f 1011/497/758 1012/496/757 1020/504/765
f 1012/496/757 1013/498/759 1021/506/767
f 1013/498/759 1006/492/753 1014/500/761
f 1014/500/761 1015/499/760 1023/507/768
f 1016/501/762 1024/509/770 1023/507/768
f 1017/502/763 1025/510/771 1024/509/770
f 1018/503/764 1026/511/772 1025/510/771
f 1019/505/766 1027/513/774 1026/511/772
f 1019/505/766 1020/504/765 1028/512/773
f 1020/504/765 1021/506/767 1029/514/775
f 1021/506/767 1014/500/761 1022/508/769
f 1022/508/769 1023/507/768 1031/515/776
f 1024/509/770 1032/517/778 1031/515/776
f 1025/510/771 1033/518/779 1032/517/778
f 1026/511/772 1034/519/780 1033/518/779
f 1027/513/774 1035/521/782 1034/519/780
f 1027/513/774 1028/512/773 1036/520/781
f 1028/512/773 1029/514/775 1037/522/783
f 1029/514/775 1022/508/769 1030/516/777
f 1030/516/777 1031/515/776 1039/523/784
f 1032/517/778 1040/525/786 1039/523/784
f 1033/518/779 1041/526/787 1040/525/786
f 1034/519/780 1042/527/788 1041/526/787
f 1035/521/782 1043/529/790 1042/527/788
f 1035/521/782 1036/520/781 1044/528/789
f 1036/520/781 1037/522/783 1045/530/791
f 1037/522/783 1030/516/777 1038/524/785
f 1038/524/785 1039/523/784 1047/531/792
f 1040/525/786 1048/533/794 1047/531/792
f 1041/526/787 1049/534/795 1048/533/794
f 1042/527/788 1050/535/796 1049/534/795
f 1043/529/790 1051/537/798 1050/535/796
f 1043/529/790 1044/528/789 1052/536/797
f 1044/528/789 1045/530/791 1053/538/799
f 1045/530/791 1038/524/785 1046/532/793
f 1046/532/793 1047/531/792 1055/539/800
f 1048/533/794 1056/541/802 1055/539/800
f 1049/534/795 1057/542/803 1056/541/802
f 1050/535/796 1058/543/804 1057/542/803
f 1051/537/798 1059/545/806 1058/543/804
f 1051/537/798 1052/536/797 1060/544/805
f 1052/536/797 1053/538/799 1061/546/807
f 1053/538/799 1046/532/793 1054/540/801
f 1054/540/801 1055/539/800 1063/547/808
f 1056/541/802 1064/549/810 1063/547/808
f 1057/542/803 1065/550/811 1064/549/810
f 1058/543/804 1066/551/812 1065/550/811
f 1059/545/806 1067/553/814 1066/551/812
f 1059/545/806 1060/544/805 1068/552/813
f 1060/544/805 1061/546/807 1069/554/815
f 1061/546/807 1054/540/801 1062/548/809
f 1062/548/809 1063/547/808 1071/555/816
f 1064/549/810 1072/557/818 1071/555/816
f 1065/550/811 1073/558/819 1072/557/818
f 1066/551/812 1074/559/820 1073/558/819
f 1067/553/814 1075/561/822 1074/559/820
f 1067/553/814 1068/552/813 1076/560/821
f 1068/552/813 1069/554/815 1077/562/823
f 1069/554/815 1062/548/809 1070/556/817
f 831/319/580 830/315/576 836/328/589
f 830/315/576 837/330/591 836/328/589
f 836/328/589 835/324/585 833/320/581
f 831/319/580 836/328/589 832/318/579
f 835/324/585 834/322/583 833/320/581
f 1077/562/823 1070/556/817 1072/557/818
f 1070/556/817 1071/555/816 1072/557/818
f 1072/557/818 1073/558/819 1077/562/823
f 1073/558/819 1074/559/820 1076/560/821
f 1074/559/820 1075/561/822 1076/560/821
o snow
v -6.662806 0.288815 3.393196
v -3.481872 0.288815 3.532246
v -0.022838 0.288815 3.532246
v 3.436196 0.288815 3.532246
v -6.662806 0.288815 0.073212
v -3.481872 0.288815 0.073212
v -0.022838 0.288815 0.073212
v 3.436196 0.288815 0.073212
v -5.310236 0.288815 -3.246772
v -3.481872 0.288815 -3.385822
v -0.022838 0.288815 -3.385822
v 3.436196 0.288815 -3.385822
v -3.481872 -0.018351 -3.385822
v -0.022838 -0.018351 -3.385822
v 3.436196 -0.018351 -3.385822
v -3.481872 -0.018351 0.073212
v -0.022838 -0.018351 0.073212
v 3.436196 -0.018351 0.073212
v -3.481872 -0.018351 3.532246
v -0.022838 -0.018351 3.532246
v 3.436196 -0.018351 3.532246
v -4.583012 -0.018351 4.915892
v -4.604295 0.058574 4.934006
v -3.448391 0.055610 6.924318
v -3.407700 -0.018351 6.908646
v -0.022838 0.054123 8.522126
v -0.032681 -0.018350 8.481630
v 2.191685 0.056953 6.923102
v 2.170172 -0.018351 6.899262
v 3.934896 0.055351 6.023204
v 3.896576 -0.018351 6.006914
v -4.595270 0.288815 4.608339
v -4.465359 0.212032 4.795069
v -3.357518 0.256352 6.742571
v -3.308804 0.288815 6.677808
v -0.022838 0.253199 8.341885
v -0.028105 0.288816 8.257041
v 2.100795 0.257732 6.741321
v 2.062552 0.288815 6.675913
v 3.678043 0.288815 5.782956
v 3.749365 0.260272 5.837673
v -4.477975 0.260011 -5.559935
v -4.471323 0.288815 -5.482093
v -2.472672 0.288815 -6.108708
v -2.497113 0.257689 -6.180002
v -0.012310 0.288815 -6.523122
v -0.022838 0.255402 -6.597005
v 3.287249 0.288814 -7.563061
v 3.312072 0.255843 -7.647116
v 5.791778 0.288815 -5.596094
v 5.853139 0.261306 -5.646583
v -4.661210 0.057627 -5.743169
v -4.639865 -0.018352 -5.716737
v -2.588115 0.056664 -6.362007
v -2.598575 -0.018352 -6.325690
v -0.022838 0.055497 -6.777996
v -0.000311 -0.018352 -6.747140
v 3.403568 0.053727 -7.830108
v 3.404567 -0.018352 -7.785653
v 6.005521 -0.018352 -5.828336
v 6.037335 0.057861 -5.830779
v 3.903538 0.288815 2.304848
v 3.976182 0.256277 2.341348
v 6.572435 0.288815 0.044655
v 6.649339 0.253238 0.073212
v 6.573043 0.288815 -3.239640
v 6.645852 0.257090 -3.261133
v -5.488046 -0.018351 -3.348484
v -5.520249 0.056854 -3.351778
v 6.792455 -0.018351 -3.370075
v 6.828275 0.055601 -3.352345
v -6.843121 -0.018351 0.091651
v -6.873981 0.055570 0.073212
v 6.794236 -0.018351 0.044727
v 6.831094 0.052488 0.073212
v -6.840386 -0.018351 3.477652
v -6.873858 0.055706 3.498722
v 4.125333 -0.018351 2.417502
v 4.157101 0.056451 2.431807
vn -0.0000 1.0000 -0.0000
vn -0.0000 -1.0000 -0.0000
vn -0.6444 -0.4114 0.6446
vn -0.4951 -0.3818 0.7804
vn -0.4951 -0.3822 0.7803
vn -0.7841 -0.4184 0.4584
vn -0.6439 -0.4112 0.6452
vn -0.3875 -0.3995 0.8308
vn -0.3872 -0.4010 0.8302
vn -0.3867 -0.4035 0.8293
vn 0.5291 -0.4259 0.7340
vn 0.4850 -0.4155 0.7695
vn 0.4850 -0.4147 0.7699
vn 0.4229 -0.3871 0.8193
vn 0.8975 -0.4374 0.0563
vn 0.8991 -0.4341 0.0564
vn 0.8980 -0.4363 0.0563
vn -0.4201 0.6991 0.5786
vn -0.4090 0.7246 0.5546
vn -0.7613 0.4681 0.4486
vn -0.0001 0.9999 0.0116
vn -0.0029 1.0000 0.0060
vn 0.3522 0.7603 0.5459
vn 0.0042 1.0000 0.0063
vn 0.5440 0.8062 0.2326
vn 0.0344 0.9993 0.0143
vn 0.5917 0.7532 0.2874
vn 0.0220 0.9997 0.0117
vn -0.1816 0.7837 -0.5940
vn -0.0022 0.9999 -0.0098
vn -0.1441 0.7636 -0.6294
vn -0.0021 1.0000 -0.0083
vn -0.1667 0.7223 -0.6712
vn 0.0016 0.9999 -0.0122
vn 0.1003 0.7900 -0.6048
vn 0.4696 0.8070 -0.3580
vn 0.0102 0.9999 -0.0013
vn 0.6417 0.7618 -0.0893
vn -0.8730 -0.3740 -0.3131
vn -0.8597 -0.3929 -0.3264
vn -0.8765 -0.3642 -0.3147
vn -0.2637 -0.3875 -0.8834
vn -0.1997 -0.4049 -0.8923
vn -0.1995 -0.4037 -0.8929
vn -0.2102 -0.4515 -0.8672
vn -0.2117 -0.4477 -0.8688
vn -0.2571 -0.4777 -0.8400
vn -0.2571 -0.4782 -0.8398
vn 0.5642 -0.3534 -0.7461
vn 0.5638 -0.3553 -0.7456
vn 0.5644 -0.3528 -0.7463
vn 0.8855 -0.3684 -0.2832
vn 0.8995 -0.4182 -0.1266
vn 0.8995 -0.4188 -0.1243
vn 0.0146 0.9999 0.0071
vn -0.8596 -0.3932 -0.3264
vn -0.8961 -0.4061 -0.1792
vn 0.8936 -0.4489 -0.0008
vn 0.8929 -0.4503 -0.0008
vn -0.9170 -0.3988 0.0004
vn -0.9185 -0.3953 0.0005
vn 0.5871 -0.4637 0.6636
vn 0.5861 -0.4665 0.6624
vn 0.5851 -0.4695 0.6612
vn -0.4247 0.7096 0.5623
vn -0.4609 0.7222 0.5157
vn -0.4676 0.7291 0.4998
vn 0.0029 0.7785 0.6276
vn 0.3888 0.6974 0.6021
vn 0.4485 0.6536 0.6097
vn 0.3127 0.7457 0.5884
vn -0.0029 1.0000 -0.0092
vn 0.0090 0.9999 -0.0069
vn -0.1996 0.7287 -0.6551
vn -0.1568 0.7047 -0.6920
vn -0.1842 0.6493 -0.7379
vn 0.5189 0.7564 -0.3982
vn 0.4040 0.7494 -0.5245
vn 0.7055 0.7025 -0.0938
vn 0.6043 0.7443 0.2842
vn 0.7413 0.6712 -0.0000
vn 0.5205 0.6070 0.6006
vn 0.7277 0.6844 0.0455
vn -0.6626 0.7037 -0.2565
vn -0.6367 0.7349 -0.2336
vn -0.6632 0.7030 -0.2568
vn -0.7168 0.6822 -0.1439
vn -0.7175 0.6818 -0.1427
vn -0.7413 0.6712 -0.0000
vn -0.3601 0.7233 0.5892
vn -0.7817 -0.4242 0.4572
vn -0.3854 -0.4097 0.8268
vn 0.5272 -0.4320 0.7317
vn 0.4224 -0.3904 0.8180
vn 0.8979 -0.4366 0.0563
vn -0.2645 -0.3823 -0.8854
vn 0.8822 -0.3773 -0.2819
vn -0.8949 -0.4096 -0.1774
vn 0.5850 -0.4699 0.6610
vn -0.3149 0.6755 0.6668
vn -0.2321 0.6231 -0.7469
vn 0.7261 0.6861 0.0456
vn -0.6366 0.7350 -0.2336
vt 0.035941 0.125293
vt 0.047426 0.123732
vt 0.044731 0.125960
vt 0.040483 0.120108
vt 0.037770 0.122953
vt 0.043596 0.116842
vt 0.050735 0.120996
vt 0.054516 0.125718
vt 0.056725 0.124482
vt 0.054522 0.117865
vt 0.060583 0.121850
vt 0.060561 0.120959
vt 0.047421 0.122879
vt 0.056709 0.123644
vt 0.064958 0.117895
vt 0.050725 0.120089
vt 0.037777 0.122084
vt 0.054507 0.116896
vt 0.040486 0.119183
vt 0.033098 0.122618
vt 0.035526 0.124793
vt 0.035606 0.124577
vt 0.027968 0.121461
vt 0.033030 0.122845
vt 0.028041 0.121219
vt 0.024949 0.118033
vt 0.031587 0.116123
vt 0.031520 0.116335
vt 0.035839 0.114779
vt 0.047887 0.115482
vt 0.047876 0.115687
vt 0.033947 0.123555
vt 0.028544 0.122010
vt 0.028761 0.122080
vt 0.025777 0.118839
vt 0.032041 0.117123
vt 0.032226 0.117280
vt 0.036301 0.115712
vt 0.036424 0.115898
vt 0.047979 0.116548
vt 0.048020 0.116739
vt 0.061283 0.125546
vt 0.064995 0.124341
vt 0.065149 0.124288
vt 0.069200 0.122587
vt 0.069381 0.122517
vt 0.076818 0.120106
vt 0.077089 0.120006
vt 0.075343 0.117076
vt 0.069098 0.115681
vt 0.069275 0.115505
vt 0.061485 0.124949
vt 0.054571 0.125267
vt 0.061533 0.125170
vt 0.065495 0.123843
vt 0.065382 0.123638
vt 0.069847 0.121990
vt 0.069786 0.121755
vt 0.077716 0.119365
vt 0.077582 0.119135
vt 0.076098 0.116081
vt 0.069821 0.114673
vt 0.069812 0.114473
vt 0.058556 0.114617
vt 0.054590 0.125046
vt 0.044562 0.125487
vt 0.058794 0.113520
vt 0.058833 0.113333
vt 0.033506 0.123200
vt 0.025511 0.118700
vt 0.064987 0.118845
vt 0.061095 0.125602
vt 0.075095 0.117210
vt 0.076169 0.116293
vt 0.044538 0.125268
vt 0.043596 0.115854
vt 0.025079 0.117830
vt 0.035865 0.114583
vt 0.058563 0.114402
s 1
usemtl lambert1
f 1078/563/824 1083/564/824 1082/565/824
f 1080/566/824 1083/564/824 1079/567/824
f 1081/568/824 1084/569/824 1080/566/824
f 1083/564/824 1086/570/824 1082/565/824
f 1084/569/824 1087/571/824 1083/564/824
f 1085/572/824 1088/573/824 1084/569/824
f 1091/574/825 1093/575/825 1090/576/825
f 1092/577/825 1094/578/825 1091/574/825
f 1094/578/825 1096/579/825 1093/575/825
f 1095/580/825 1097/581/825 1094/578/825
f 1099/582/826 1154/583/827 1153/584/828
f 1099/582/826 1101/585/829 1100/586/830
f 1102/587/831 1103/588/832 1101/585/833
f 1103/588/834 1106/589/835 1105/590/836
f 1106/589/835 1107/591/837 1105/590/836
f 1107/591/838 1155/592/839 1156/593/840
f 1109/594/841 1111/595/842 1112/596/843
f 1111/595/842 1114/597/844 1112/596/845
f 1114/597/844 1115/598/846 1116/599/847
f 1116/599/847 1118/600/848 1117/601/849
f 1117/601/849 1140/602/850 1139/603/851
f 1119/604/852 1121/605/853 1122/606/854
f 1122/606/854 1123/607/855 1124/608/856
f 1124/608/856 1125/609/857 1126/610/858
f 1125/609/857 1128/611/859 1126/610/858
f 1128/611/859 1143/612/860 1144/613/861
f 1130/614/862 1146/615/863 1129/616/864
f 1130/614/865 1131/617/866 1132/618/867
f 1132/618/867 1133/619/868 1134/620/869
f 1134/620/869 1135/621/870 1136/622/871
f 1135/621/872 1137/623/873 1136/622/874
f 1137/623/875 1148/624/876 1147/625/877
f 1140/602/850 1141/626/878 1139/603/851
f 1141/626/878 1144/613/861 1143/612/860
f 1145/627/879 1150/628/880 1146/615/863
f 1147/625/877 1152/629/881 1151/630/882
f 1150/628/880 1153/584/883 1154/583/884
f 1152/629/885 1155/592/886 1151/630/887
f 1101/585/888 1110/631/889 1100/586/890
f 1101/585/888 1113/632/891 1111/595/842
f 1105/590/892 1113/632/891 1103/588/893
f 1107/591/894 1115/598/846 1105/590/892
f 1109/594/824 1079/567/824 1078/563/824
f 1112/596/845 1080/566/824 1079/567/824
f 1116/599/847 1080/566/824 1114/597/844
f 1117/601/849 1081/568/824 1116/599/847
f 1139/603/851 1085/572/824 1081/568/824
f 1085/572/824 1143/612/860 1089/633/824
f 1087/571/824 1120/634/895 1086/570/824
f 1088/573/824 1121/605/853 1087/571/824
f 1089/633/824 1123/607/855 1088/573/824
f 1089/633/824 1127/635/896 1125/609/857
f 1122/606/854 1129/616/897 1119/604/852
f 1124/608/856 1131/617/898 1122/606/854
f 1126/610/858 1133/619/899 1124/608/856
f 1126/610/858 1138/636/900 1135/621/901
f 1130/614/825 1090/576/825 1145/627/825
f 1132/618/825 1091/574/825 1090/576/825
f 1134/620/825 1092/577/825 1091/574/825
f 1137/623/825 1092/577/825 1136/622/825
f 1145/627/825 1093/575/825 1149/637/825
f 1092/577/825 1151/630/825 1095/580/825
f 1093/575/825 1153/584/825 1149/637/825
f 1095/580/825 1155/592/825 1098/638/825
f 1096/579/825 1099/582/825 1153/584/825
f 1097/581/825 1102/587/825 1096/579/825
f 1097/581/825 1106/589/825 1104/639/825
f 1098/638/825 1108/640/825 1106/589/825
f 1138/636/900 1144/613/861 1148/624/902
f 1148/624/902 1142/641/903 1152/629/904
f 1156/593/905 1142/641/903 1140/602/850
f 1107/591/906 1140/602/850 1118/600/848
f 1086/570/907 1120/634/908 1119/604/908
f 1146/615/909 1082/565/910 1086/570/907
f 1150/628/911 1078/563/912 1082/565/910
f 1110/631/889 1109/594/841 1078/563/913
f 1078/563/824 1079/567/824 1083/564/824
f 1080/566/824 1084/569/824 1083/564/824
f 1081/568/824 1085/572/824 1084/569/824
f 1083/564/824 1087/571/824 1086/570/824
f 1084/569/824 1088/573/824 1087/571/824
f 1085/572/824 1089/633/824 1088/573/824
f 1091/574/825 1094/578/825 1093/575/825
f 1092/577/825 1095/580/825 1094/578/825
f 1094/578/825 1097/581/825 1096/579/825
f 1095/580/825 1098/638/825 1097/581/825
f 1099/582/826 1100/586/830 1154/583/827
f 1099/582/826 1102/587/914 1101/585/829
f 1102/587/831 1104/639/915 1103/588/832
f 1103/588/834 1104/639/916 1106/589/835
f 1106/589/835 1108/640/917 1107/591/837
f 1107/591/838 1108/640/918 1155/592/839
f 1109/594/841 1110/631/889 1111/595/842
f 1111/595/842 1113/632/891 1114/597/844
f 1114/597/844 1113/632/891 1115/598/846
f 1116/599/847 1115/598/846 1118/600/848
f 1117/601/849 1118/600/848 1140/602/850
f 1119/604/852 1120/634/895 1121/605/853
f 1122/606/854 1121/605/853 1123/607/855
f 1124/608/856 1123/607/855 1125/609/857
f 1125/609/857 1127/635/896 1128/611/859
f 1128/611/859 1127/635/896 1143/612/860
f 1130/614/862 1145/627/879 1146/615/863
f 1130/614/865 1129/616/919 1131/617/866
f 1132/618/867 1131/617/866 1133/619/868
f 1134/620/869 1133/619/868 1135/621/870
f 1135/621/872 1138/636/872 1137/623/873
f 1137/623/875 1138/636/920 1148/624/876
f 1140/602/850 1142/641/903 1141/626/878
f 1141/626/878 1142/641/903 1144/613/861
f 1145/627/879 1149/637/921 1150/628/880
f 1147/625/877 1148/624/876 1152/629/881
f 1150/628/880 1149/637/921 1153/584/883
f 1152/629/885 1156/593/922 1155/592/886
f 1101/585/888 1111/595/842 1110/631/889
f 1101/585/888 1103/588/923 1113/632/891
f 1105/590/892 1115/598/846 1113/632/891
f 1107/591/894 1118/600/848 1115/598/846
f 1109/594/824 1112/596/845 1079/567/824
f 1112/596/845 1114/597/844 1080/566/824
f 1116/599/847 1081/568/824 1080/566/824
f 1117/601/849 1139/603/851 1081/568/824
f 1139/603/851 1141/626/878 1085/572/824
f 1085/572/824 1141/626/878 1143/612/860
f 1087/571/824 1121/605/853 1120/634/895
f 1088/573/824 1123/607/855 1121/605/853
f 1089/633/824 1125/609/857 1123/607/855
f 1089/633/824 1143/612/860 1127/635/896
f 1122/606/854 1131/617/898 1129/616/897
f 1124/608/856 1133/619/899 1131/617/898
f 1126/610/858 1135/621/924 1133/619/899
f 1126/610/858 1128/611/859 1138/636/900
f 1130/614/825 1132/618/825 1090/576/825
f 1132/618/825 1134/620/825 1091/574/825
f 1134/620/825 1136/622/825 1092/577/825
f 1137/623/825 1147/625/825 1092/577/825
f 1145/627/825 1090/576/825 1093/575/825
f 1092/577/825 1147/625/825 1151/630/825
f 1093/575/825 1096/579/825 1153/584/825
f 1095/580/825 1151/630/825 1155/592/825
f 1096/579/825 1102/587/825 1099/582/825
f 1097/581/825 1104/639/825 1102/587/825
f 1097/581/825 1098/638/825 1106/589/825
f 1098/638/825 1155/592/825 1108/640/825
f 1138/636/900 1128/611/859 1144/613/861
f 1148/624/902 1144/613/861 1142/641/903
f 1156/593/905 1152/629/905 1142/641/903
f 1107/591/906 1156/593/925 1140/602/850
f 1119/604/908 1129/616/926 1146/615/909
f 1146/615/909 1086/570/907 1119/604/908
f 1146/615/909 1150/628/911 1082/565/910
f 1150/628/911 1154/583/912 1078/563/912
f 1078/563/913 1154/583/913 1110/631/889
f 1154/583/913 1100/586/890 1110/631/889
o boll
v 1.801554 11.063191 1.397725
v 1.621945 10.822438 1.950508
v 2.174727 11.063191 2.130118
v 2.081448 10.979423 1.801206
v 1.280306 11.063191 1.480283
v 1.191455 11.271249 2.543026
v 1.801554 11.063191 2.503290
v 2.394073 11.515836 1.699628
v 1.621945 11.515836 1.138644
v 2.286944 11.644423 1.467358
v 1.029427 12.017595 1.520018
v 0.849817 11.515836 2.201388
v 2.099146 11.515836 2.607319
v 1.144743 11.773008 2.607319
v 2.394073 11.773008 2.201388
v 2.318492 12.017595 1.724186
v 0.925398 12.017595 2.176830
v 1.848266 12.017595 2.647055
v 1.801554 12.225653 1.397725
v 1.621945 12.426174 2.204515
v 1.621945 12.466406 1.950508
v 1.976853 12.376815 1.835191
v -4.559555 3.624402 2.132481
v -4.739165 3.383648 2.685264
v -4.186382 3.624402 2.864873
v -4.279662 3.540633 2.535962
v -5.080804 3.624402 2.215039
v -5.169655 3.832459 3.277781
v -4.559555 3.624402 3.238046
v -3.967036 4.077045 2.434384
v -4.739165 4.077045 1.873399
v -4.074166 4.205631 2.202114
v -5.331683 4.578804 2.254774
v -5.511293 4.077046 2.936143
v -4.261964 4.077046 3.342075
v -5.216367 4.334219 3.342075
v -3.967037 4.334219 2.936143
v -4.042618 4.578804 2.458941
v -5.435712 4.578804 2.911585
v -4.512844 4.578804 3.381810
v -4.559555 4.786861 2.132480
v -4.739165 4.987384 2.939270
v -4.739165 5.027615 2.685263
v -4.384256 4.938024 2.569947
v -3.967761 4.616179 -1.589368
v -4.057892 4.495365 -1.311972
v -3.780496 4.616179 -1.221841
v -3.827306 4.574143 -1.386894
v -4.229332 4.616179 -1.547939
v -4.273920 4.720586 -1.014636
v -3.967761 4.616179 -1.034576
v -3.670425 4.843324 -1.437868
v -4.057892 4.843324 -1.719380
v -3.724184 4.907851 -1.554426
v -4.355228 5.095116 -1.528000
v -4.445360 4.843324 -1.186077
v -3.818424 4.843324 -0.982373
v -4.297360 4.972378 -0.982373
v -3.670425 4.972378 -1.186077
v -3.708353 5.095116 -1.425545
v -4.407432 5.095116 -1.198400
v -3.944320 5.095116 -0.962433
v -3.967761 5.199522 -1.589368
v -4.057892 5.300148 -1.184507
v -4.057892 5.320337 -1.311972
v -3.879793 5.275378 -1.369840
v -2.413122 7.841317 1.881995
v -2.592732 7.600563 2.434778
v -2.039949 7.841317 2.614387
v -2.133229 7.757548 2.285476
v -2.934370 7.841317 1.964553
v -3.023221 8.049374 3.027295
v -2.413122 7.841317 2.987560
v -1.820603 8.293961 2.183898
v -2.592732 8.293961 1.622914
v -1.927733 8.422547 1.951628
v -3.185250 8.795719 2.004288
v -3.364860 8.293961 2.685657
v -2.115530 8.293961 3.091589
v -3.069933 8.551133 3.091589
v -1.820604 8.551133 2.685657
v -1.896185 8.795719 2.208456
v -3.289278 8.795719 2.661099
v -2.366410 8.795719 3.131324
v -2.413122 9.003777 1.881995
v -2.592732 9.204299 2.688785
v -2.592732 9.244531 2.434778
v -2.237823 9.154940 2.319461
v -1.013067 13.440310 -1.698833
v -1.192677 13.199554 -1.146050
v -0.639894 13.440310 -0.966440
v -0.733174 13.356539 -1.295351
v -1.534315 13.440310 -1.616275
v -1.623166 13.648364 -0.553532
v -1.013067 13.440310 -0.593267
v -0.420548 13.892951 -1.396930
v -1.192677 13.892951 -1.957913
v -0.527678 14.021538 -1.629200
v -1.785195 14.394711 -1.576540
v -1.964805 13.892951 -0.895170
v -0.715475 13.892951 -0.489239
v -1.669878 14.150124 -0.489239
v -0.420549 14.150124 -0.895171
v -0.496130 14.394711 -1.372372
v -1.889223 14.394711 -0.919728
v -0.966355 14.394711 -0.449503
v -1.013067 14.602768 -1.698833
v -1.192677 14.803291 -0.892043
v -1.192677 14.843521 -1.146050
v -0.837768 14.753930 -1.261367
v -0.550479 13.003645 1.368935
v -0.610810 12.922775 1.554617
v -0.425129 13.003645 1.614948
v -0.456462 12.975508 1.504466
v -0.725568 13.003645 1.396666
v -0.755413 13.073532 1.753646
v -0.550479 13.003645 1.740298
v -0.351449 13.155690 1.470345
v -0.610810 13.155690 1.281908
v -0.387435 13.198883 1.392325
v -0.809839 13.324234 1.410014
v -0.870171 13.155690 1.638888
v -0.450517 13.155690 1.775242
v -0.771104 13.242075 1.775242
v -0.351450 13.242075 1.638888
v -0.376837 13.324234 1.478594
v -0.844783 13.324234 1.630639
v -0.534788 13.324234 1.788589
v -0.550479 13.394120 1.368935
v -0.610810 13.461477 1.639938
v -0.610810 13.474993 1.554617
v -0.491595 13.444896 1.515881
v 2.749768 2.578396 -3.384421
v 2.659637 2.457582 -3.107025
v 2.937033 2.578396 -3.016893
v 2.890224 2.536360 -3.181947
v 2.488197 2.578396 -3.342991
v 2.443610 2.682802 -2.809688
v 2.749768 2.578396 -2.829629
v 3.047105 2.805541 -3.232920
v 2.659637 2.805540 -3.514432
v 2.993345 2.870068 -3.349477
v 2.362301 3.057332 -3.323052
v 2.272169 2.805541 -2.981128
v 2.899105 2.805541 -2.777425
v 2.420169 2.934594 -2.777425
v 3.047105 2.934594 -2.981128
v 3.009176 3.057332 -3.220597
v 2.310097 3.057332 -2.993452
v 2.773209 3.057332 -2.757485
v 2.749768 3.161738 -3.384421
v 2.659637 3.262364 -2.979560
v 2.659637 3.282553 -3.107025
v 2.837736 3.237595 -3.164892
v 1.056970 14.342810 -0.464846
v 0.996638 14.261940 -0.279164
v 1.182320 14.342810 -0.218832
v 1.150986 14.314672 -0.329315
v 0.881880 14.342810 -0.437114
v 0.852035 14.412697 -0.080135
v 1.056969 14.342810 -0.093482
v 1.255999 14.494855 -0.363435
v 0.996638 14.494855 -0.551872
v 1.220013 14.538048 -0.441456
v 0.797609 14.663398 -0.423767
v 0.737277 14.494855 -0.194893
v 1.156932 14.494855 -0.058539
v 0.836344 14.581240 -0.058539
v 1.255998 14.581240 -0.194893
v 1.230610 14.663398 -0.355186
v 0.762665 14.663398 -0.203142
v 1.072660 14.663398 -0.045191
v 1.056970 14.733285 -0.464846
v 0.996638 14.800640 -0.193842
v 0.996638 14.814156 -0.279164
v 1.115853 14.784061 -0.317899
v 1.086769 10.994910 -2.612692
v 0.996638 10.874097 -2.335295
v 1.274034 10.994910 -2.245164
v 1.227224 10.952875 -2.410218
v 0.825198 10.994910 -2.571263
v 0.780610 11.099318 -2.037960
v 1.086769 10.994910 -2.057899
v 1.384105 11.222054 -2.461192
v 0.996638 11.222054 -2.742703
v 1.330346 11.286582 -2.577749
v 0.699302 11.473846 -2.551323
v 0.609170 11.222054 -2.209400
v 1.236106 11.222054 -2.005696
v 0.757170 11.351109 -2.005696
v 1.384105 11.351109 -2.209400
v 1.346177 11.473846 -2.448868
v 0.647098 11.473846 -2.221724
v 1.110210 11.473846 -1.985756
v 1.086769 11.578254 -2.612692
v 0.996638 11.678879 -2.207830
v 0.996638 11.699067 -2.335295
v 1.174737 11.654109 -2.393163
v -2.236233 3.383034 4.115463
v -2.326365 3.262219 4.392859
v -2.048969 3.383034 4.482991
v -2.095778 3.340997 4.317937
v -2.497805 3.383034 4.156892
v -2.542392 3.487440 4.690196
v -2.236233 3.383034 4.670256
v -1.938897 3.610178 4.266963
v -2.326365 3.610178 3.985452
v -1.992657 3.674705 4.150406
v -2.623701 3.861970 4.176832
v -2.713832 3.610178 4.518755
v -2.086897 3.610178 4.722459
v -2.565833 3.739232 4.722459
v -1.938897 3.739232 4.518755
v -1.976825 3.861970 4.279287
v -2.675905 3.861970 4.506432
v -2.212792 3.861970 4.742399
v -2.236233 3.966376 4.115463
v -2.326365 4.067002 4.520325
v -2.326365 4.087191 4.392859
v -2.148265 4.042233 4.334991
v -2.002773 10.784786 1.208531
v -2.092905 10.663974 1.485927
v -1.815508 10.784786 1.576059
v -1.862318 10.742752 1.411005
v -2.264345 10.784786 1.249960
v -2.308932 10.889194 1.783263
v -2.002773 10.784786 1.763323
v -1.705437 11.011931 1.360031
v -2.092905 11.011930 1.078520
v -1.759196 11.076458 1.243474
v -2.390241 11.263722 1.269900
v -2.480372 11.011931 1.611823
v -1.853436 11.011931 1.815527
v -2.332373 11.140985 1.815527
v -1.705437 11.140985 1.611823
v -1.743365 11.263723 1.372355
v -2.442444 11.263723 1.599499
v -1.979332 11.263723 1.835466
v -2.002773 11.368130 1.208531
v -2.092905 11.468755 1.613392
v -2.092905 11.488945 1.485927
v -1.914805 11.443985 1.428059
v -2.015409 7.910905 -3.384421
v -2.105540 7.790090 -3.107025
v -1.828144 7.910905 -3.016893
v -1.874953 7.868868 -3.181947
v -2.276980 7.910905 -3.342992
v -2.321567 8.015311 -2.809689
v -2.015409 7.910905 -2.829629
v -1.718072 8.138048 -3.232920
v -2.105540 8.138048 -3.514432
v -1.771832 8.202576 -3.349478
v -2.402876 8.389840 -3.323052
v -2.493008 8.138048 -2.981129
v -1.866072 8.138048 -2.777425
v -2.345008 8.267103 -2.777425
v -1.718073 8.267103 -2.981129
v -1.756000 8.389840 -3.220597
v -2.455079 8.389840 -2.993452
v -1.991968 8.389840 -2.757485
v -2.015409 8.494247 -3.384421
v -2.105540 8.594872 -2.979560
v -2.105540 8.615062 -3.107025
v -1.927441 8.570103 -3.164893
v -1.650481 3.770829 -4.968005
v -1.830091 3.530076 -4.415222
v -1.277308 3.770829 -4.235612
v -1.370588 3.687061 -4.564523
v -2.171729 3.770829 -4.885447
v -2.260580 3.978887 -3.822704
v -1.650481 3.770829 -3.862440
v -1.057962 4.223473 -4.666102
v -1.830091 4.223473 -5.227086
v -1.165092 4.352059 -4.898372
v -2.422609 4.725231 -4.845712
v -2.602219 4.223473 -4.164343
v -1.352889 4.223473 -3.758411
v -2.307292 4.480645 -3.758411
v -1.057963 4.480645 -4.164343
v -1.133544 4.725231 -4.641543
v -2.526638 4.725231 -4.188900
v -1.603769 4.725231 -3.718676
v -1.650481 4.933289 -4.968005
v -1.830091 5.133811 -4.161216
v -1.830091 5.174042 -4.415222
v -1.475182 5.084452 -4.530539
v 3.534224 3.370327 1.397726
v 3.354614 3.129574 1.950508
v 3.907396 3.370327 2.130118
v 3.814116 3.286559 1.801207
v 3.012975 3.370327 1.480283
v 2.924124 3.578384 2.543026
v 3.534224 3.370327 2.503291
v 4.126742 3.822971 1.699629
v 3.354614 3.822971 1.138645
v 4.019612 3.951557 1.467358
v 2.762095 4.324729 1.520019
v 2.582486 3.822971 2.201388
v 3.831815 3.822971 2.607320
v 2.877412 4.080143 2.607320
v 4.126741 4.080143 2.201388
v 4.051161 4.324729 1.724187
v 2.658067 4.324729 2.176830
v 3.580935 4.324729 2.647055
v 3.534224 4.532786 1.397726
v 3.354614 4.733310 2.204515
v 3.354614 4.773540 1.950508
v 3.709522 4.683949 1.835191
v 1.943220 7.499669 2.483799
v 1.853089 7.378855 2.761195
v 2.130485 7.499669 2.851326
v 2.083675 7.457633 2.686273
v 1.681648 7.499669 2.525228
v 1.637061 7.604076 3.058531
v 1.943220 7.499669 3.038591
v 2.240556 7.726814 2.635299
v 1.853089 7.726814 2.353787
v 2.186797 7.791341 2.518742
v 1.555753 7.978606 2.545168
v 1.465621 7.726814 2.887091
v 2.092557 7.726814 3.090794
v 1.613621 7.855868 3.090794
v 2.240556 7.855868 2.887091
v 2.202628 7.978606 2.647623
v 1.503549 7.978606 2.874767
v 1.966661 7.978606 3.110735
v 1.943220 8.083013 2.483799
v 1.853089 8.183639 2.888660
v 1.853089 8.203827 2.761195
v 2.031188 8.158869 2.703327
v 1.086769 4.884118 -3.558479
v 0.996638 4.763303 -3.281082
v 1.274034 4.884118 -3.190951
v 1.227224 4.842082 -3.356005
v 0.825198 4.884118 -3.517050
v 0.780610 4.988524 -2.983747
v 1.086769 4.884118 -3.003686
v 1.384105 5.111262 -3.406978
v 0.996638 5.111262 -3.688490
v 1.330346 5.175789 -3.523536
v 0.699302 5.363053 -3.497109
v 0.609170 5.111262 -3.155187
v 1.236106 5.111262 -2.951483
v 0.757170 5.240316 -2.951483
v 1.384105 5.240316 -3.155187
v 1.346177 5.363053 -3.394655
v 0.647098 5.363053 -3.167510
v 1.110210 5.363053 -2.931543
v 1.086769 5.467460 -3.558479
v 0.996638 5.568086 -3.153617
v 0.996638 5.588275 -3.281082
v 1.174737 5.543317 -3.338950
v 3.457787 6.929051 -2.698241
v 3.278177 6.688298 -2.145458
v 3.830959 6.929051 -1.965848
v 3.737679 6.845283 -2.294760
v 2.936538 6.929051 -2.615683
v 2.847687 7.137109 -1.552940
v 3.457786 6.929051 -1.592676
v 4.050305 7.381696 -2.396338
v 3.278177 7.381695 -2.957322
v 3.943175 7.510282 -2.628608
v 2.685658 7.883454 -2.575948
v 2.506049 7.381696 -1.894579
v 3.755378 7.381696 -1.488647
v 2.800976 7.638867 -1.488647
v 4.050304 7.638867 -1.894579
v 3.974724 7.883454 -2.371781
v 2.581630 7.883454 -1.919137
v 3.504498 7.883454 -1.448912
v 3.457787 8.091512 -2.698241
v 3.278177 8.292034 -1.891452
v 3.278177 8.332264 -2.145458
v 3.633085 8.242674 -2.260775
vn 0.2058 -0.9199 -0.3338
vn 0.3590 -0.9238 0.1335
vn -0.0659 -0.9068 -0.4164
vn -0.6551 -0.7499 0.0920
vn -0.2606 -0.8513 0.4554
vn 0.2981 -0.9068 0.2981
vn 0.6635 -0.4932 -0.5626
vn 0.6619 -0.4854 -0.5712
vn 0.6632 -0.4920 -0.5640
vn -0.1325 -0.5315 -0.8367
vn 0.8496 -0.5159 -0.1096
vn 0.6615 -0.4838 -0.5730
vn 0.4686 -0.2914 -0.8340
vn -0.6112 -0.1282 -0.7810
vn -0.8921 -0.2180 -0.3957
vn -0.6409 -0.7617 0.0955
vn 0.5990 -0.5315 0.5990
vn -0.7512 -0.1522 0.6422
vn 0.0220 -0.1251 0.9919
vn -0.0516 -0.1914 0.9802
vn 0.8519 -0.3059 0.4251
vn 0.9391 -0.3059 0.1568
vn 0.9270 0.1563 -0.3410
vn -0.9780 0.1397 -0.1549
vn -0.8430 0.1522 0.5160
vn -0.0246 -0.0911 0.9955
vn 0.6797 0.2864 0.6753
vn 0.9853 0.1522 -0.0780
vn 0.2934 0.5250 -0.7989
vn 0.5704 0.1504 -0.8075
vn -0.2450 0.3865 -0.8891
vn -0.4221 0.6789 0.6008
vn -0.2628 0.6382 0.7236
vn -0.2982 0.8358 -0.4609
vn -0.5597 0.8239 -0.0886
vn 0.6251 0.6724 0.3965
vn 0.7400 0.6389 0.2102
vn 0.5666 0.6818 -0.4627
vn -0.5053 0.8523 0.1350
vn 0.8281 0.5537 0.0877
vn 0.3489 0.8353 0.4249
vn 0.1146 0.9239 -0.3651
vn 0.5705 0.1504 -0.8074
vn 0.5705 0.1504 -0.8075
vn 0.5704 0.1504 -0.8074
vn 0.1146 0.9239 -0.3652
vn -0.5597 0.8239 -0.0887
vn 0.5666 0.6818 -0.4626
vt 0.614970 0.660288
vt 0.597566 0.654133
vt 0.596802 0.662467
vt 0.624220 0.665355
vt 0.575843 0.663075
vt 0.587947 0.677120
vt 0.614032 0.667170
vt 0.626681 0.683437
vt 0.585307 0.681269
vt 0.618440 0.688065
vt 0.565659 0.705560
vt 0.567850 0.686750
vt 0.628696 0.687991
vt 0.586862 0.700270
vt 0.634808 0.697353
vt 0.623827 0.705803
vt 0.570759 0.709160
vt 0.618347 0.711133
vt 0.596750 0.713564
vt 0.601426 0.727197
vt 0.597491 0.727492
vt 0.610957 0.722576
vt 0.598989 0.741826
vt 0.592579 0.731489
vt 0.576860 0.746150
vt 0.613848 0.744250
vt 0.566297 0.742856
vt 0.604484 0.745866
vt 0.618538 0.740140
vt 0.603779 0.767544
vt 0.563104 0.766440
vt 0.592561 0.773783
vt 0.562127 0.783925
vt 0.582593 0.756925
vt 0.630717 0.761438
vt 0.606355 0.768055
vt 0.622982 0.776411
vt 0.603361 0.789107
vt 0.584235 0.780227
vt 0.626485 0.782497
vt 0.578116 0.797394
vt 0.604101 0.801907
vt 0.594468 0.804849
vt 0.599199 0.802945
vt 0.947936 0.650450
vt 0.949110 0.643782
vt 0.938872 0.651002
vt 0.954981 0.651877
vt 0.938587 0.647002
vt 0.960064 0.647603
vt 0.961196 0.648236
vt 0.947583 0.663004
vt 0.933430 0.658868
vt 0.942657 0.665225
vt 0.939415 0.663166
vt 0.952119 0.650605
vt 0.964841 0.658664
vt 0.961757 0.656635
vt 0.957951 0.666611
vt 0.948319 0.671844
vt 0.952426 0.660780
vt 0.965319 0.666256
vt 0.940041 0.672921
vt 0.955952 0.673491
vt 0.950828 0.674875
vt 0.949689 0.675958
vt 0.441603 0.620988
vt 0.423548 0.612876
vt 0.447906 0.622976
vt 0.432575 0.625784
vt 0.430594 0.621539
vt 0.390744 0.632864
vt 0.408878 0.625426
vt 0.453969 0.645918
vt 0.451867 0.641881
vt 0.459083 0.650738
vt 0.422293 0.662857
vt 0.393608 0.641786
vt 0.413390 0.647126
vt 0.387167 0.655245
vt 0.436169 0.658814
vt 0.450924 0.668290
vt 0.396486 0.664184
vt 0.404972 0.668975
vt 0.447821 0.674680
vt 0.414474 0.685173
vt 0.423446 0.686235
vt 0.437377 0.683360
vt 0.890297 0.622386
vt 0.908855 0.607737
vt 0.876001 0.621947
vt 0.905792 0.629434
vt 0.893265 0.615031
vt 0.953629 0.629281
vt 0.934846 0.625642
vt 0.879681 0.656374
vt 0.868435 0.644417
vt 0.870486 0.661520
vt 0.906155 0.666759
vt 0.945356 0.637519
vt 0.935001 0.655443
vt 0.960836 0.657632
vt 0.907392 0.672454
vt 0.885031 0.683893
vt 0.944563 0.667510
vt 0.945933 0.680841
vt 0.881139 0.688330
vt 0.930052 0.700132
vt 0.916563 0.701688
vt 0.901013 0.700539
vt 0.795660 0.634669
vt 0.783672 0.618052
vt 0.766741 0.641642
vt 0.814392 0.635902
vt 0.749695 0.634100
vt 0.794585 0.629730
vt 0.816447 0.626031
vt 0.805076 0.670141
vt 0.749339 0.668609
vt 0.790805 0.679325
vt 0.744192 0.684563
vt 0.766203 0.644274
vt 0.834357 0.653872
vt 0.797148 0.656809
vt 0.828458 0.677706
vt 0.804703 0.697247
vt 0.769603 0.674130
vt 0.827759 0.678776
vt 0.770139 0.707341
vt 0.799933 0.705470
vt 0.788571 0.711268
vt 0.797232 0.712003
vt 0.388583 0.571837
vt 0.405352 0.566481
vt 0.415500 0.574561
vt 0.373249 0.579002
vt 0.437420 0.577893
vt 0.406096 0.599089
vt 0.378644 0.584020
vt 0.377229 0.600263
vt 0.433043 0.599329
vt 0.390191 0.606268
vt 0.448327 0.634074
vt 0.433535 0.611763
vt 0.361314 0.609161
vt 0.406357 0.628175
vt 0.360690 0.619163
vt 0.380221 0.629746
vt 0.431040 0.639669
vt 0.372067 0.639151
vt 0.415986 0.641544
vt 0.397527 0.660043
vt 0.406015 0.660432
vt 0.392975 0.652847
vt 0.392581 0.543227
vt 0.425130 0.541407
vt 0.435241 0.540750
vt 0.370265 0.561086
vt 0.476766 0.551749
vt 0.437823 0.609415
vt 0.386128 0.579965
vt 0.371969 0.583647
vt 0.464506 0.575575
vt 0.392188 0.588809
vt 0.501061 0.644078
vt 0.483558 0.624819
vt 0.357548 0.620118
vt 0.441110 0.657844
vt 0.350744 0.624870
vt 0.379453 0.631658
vt 0.480384 0.668518
vt 0.379486 0.670970
vt 0.440202 0.647189
vt 0.420473 0.696477
vt 0.432027 0.691384
vt 0.405831 0.673781
vt 0.420128 0.653019
vt 0.433935 0.664302
vt 0.401098 0.649930
vt 0.437260 0.647806
vt 0.411954 0.652845
vt 0.471391 0.641813
vt 0.462321 0.649908
vt 0.410462 0.621199
vt 0.388758 0.625792
vt 0.398771 0.614645
vt 0.416717 0.601537
vt 0.456419 0.630275
vt 0.464475 0.622940
vt 0.475248 0.614335
vt 0.438323 0.606771
vt 0.412524 0.593543
vt 0.453994 0.602158
vt 0.469349 0.596464
vt 0.400577 0.585189
vt 0.447287 0.575157
vt 0.433223 0.572925
vt 0.422654 0.575626
vt 0.903629 0.661855
vt 0.921271 0.646125
vt 0.893006 0.657984
vt 0.916547 0.669172
vt 0.910136 0.647757
vt 0.961907 0.660794
vt 0.942985 0.663490
vt 0.894098 0.692024
vt 0.888389 0.673729
vt 0.887053 0.694606
vt 0.923956 0.686683
vt 0.956805 0.663326
vt 0.942592 0.690588
vt 0.969025 0.683167
vt 0.918181 0.706185
vt 0.899963 0.713524
vt 0.956666 0.687844
vt 0.953826 0.708689
vt 0.899588 0.711189
vt 0.942068 0.720780
vt 0.930757 0.721392
vt 0.915809 0.723753
vt 0.554395 0.581293
vt 0.578643 0.561930
vt 0.538226 0.579307
vt 0.573143 0.590532
vt 0.561381 0.569041
vt 0.635388 0.586881
vt 0.610114 0.584833
vt 0.540979 0.623717
vt 0.530561 0.605456
vt 0.530399 0.629252
vt 0.579474 0.630079
vt 0.626804 0.595063
vt 0.609887 0.622284
vt 0.644942 0.620843
vt 0.575328 0.643750
vt 0.548643 0.656722
vt 0.626258 0.631233
vt 0.624791 0.651926
vt 0.546393 0.659292
vt 0.606783 0.673526
vt 0.590462 0.675087
vt 0.570066 0.675291
vt 0.899817 0.631376
vt 0.918236 0.614092
vt 0.884379 0.628344
vt 0.916068 0.639516
vt 0.901174 0.618125
vt 0.963091 0.633241
vt 0.945432 0.633844
vt 0.888984 0.666846
vt 0.875906 0.648621
vt 0.879142 0.670721
vt 0.913065 0.666677
vt 0.953364 0.638250
vt 0.945897 0.665416
vt 0.969857 0.660652
vt 0.917607 0.683548
vt 0.894011 0.693347
vt 0.952225 0.667832
vt 0.956105 0.688545
vt 0.888811 0.693184
vt 0.938676 0.704793
vt 0.924726 0.705822
vt 0.909560 0.707222
vt 0.429432 0.625029
vt 0.440129 0.612876
vt 0.413778 0.624876
vt 0.443370 0.630267
vt 0.422037 0.618817
vt 0.471333 0.628623
vt 0.463523 0.626465
vt 0.422524 0.652067
vt 0.403852 0.642561
vt 0.413133 0.656228
vt 0.426719 0.658902
vt 0.459247 0.635107
vt 0.465739 0.650018
vt 0.475144 0.650691
vt 0.445089 0.664067
vt 0.424605 0.673408
vt 0.457806 0.658637
vt 0.470326 0.669538
vt 0.414503 0.676646
vt 0.452818 0.684763
vt 0.441327 0.686235
vt 0.432844 0.685856
vt 0.443816 0.608773
vt 0.428504 0.602580
vt 0.462996 0.615292
vt 0.425976 0.613090
vt 0.450421 0.618222
vt 0.389623 0.630335
vt 0.399286 0.615269
vt 0.454861 0.638544
vt 0.475295 0.642156
vt 0.466967 0.646636
vt 0.445075 0.672689
vt 0.404606 0.645501
vt 0.397244 0.639936
vt 0.385684 0.658628
vt 0.425258 0.653763
vt 0.452519 0.668523
vt 0.407140 0.672998
vt 0.392009 0.670088
vt 0.463665 0.682261
vt 0.414773 0.694224
vt 0.429347 0.696531
vt 0.441049 0.690575
vt 0.932351 0.704319
vt 0.916390 0.699314
vt 0.924291 0.710793
vt 0.934809 0.704110
vt 0.906919 0.711390
vt 0.901183 0.709815
vt 0.921325 0.702026
vt 0.944108 0.721283
vt 0.919952 0.727327
vt 0.941347 0.727362
vt 0.900324 0.741579
vt 0.891341 0.721055
vt 0.931980 0.714912
vt 0.900362 0.725416
vt 0.943467 0.725600
vt 0.942561 0.737176
vt 0.894843 0.736977
vt 0.924406 0.731305
vt 0.926573 0.747316
vt 0.918803 0.748242
vt 0.919585 0.751371
vt 0.931586 0.748562
vt 0.596208 0.763371
vt 0.596839 0.762378
vt 0.599693 0.763959
vt 0.593822 0.763995
vt 0.600928 0.764071
vt 0.594576 0.765701
vt 0.592764 0.764121
vt 0.595754 0.767101
vt 0.601909 0.767159
vt 0.597577 0.768001
vt 0.601468 0.770838
vt 0.597838 0.767427
vt 0.591077 0.767269
vt 0.594310 0.769229
vt 0.592590 0.768986
vt 0.595831 0.770674
vt 0.597711 0.770925
vt 0.591662 0.770844
vt 0.599631 0.772184
vt 0.595168 0.773701
vt 0.596754 0.773961
vt 0.596278 0.773273
vt 0.920708 0.576346
vt 0.930390 0.577863
vt 0.944003 0.577453
vt 0.906631 0.583695
vt 0.958036 0.585439
vt 0.925274 0.610662
vt 0.906503 0.593905
vt 0.914719 0.594011
vt 0.960047 0.595524
vt 0.926647 0.597554
vt 0.967005 0.630274
vt 0.948066 0.620294
vt 0.893954 0.610987
vt 0.925570 0.633280
vt 0.898015 0.612672
vt 0.917341 0.617466
vt 0.947588 0.640466
vt 0.901730 0.636128
vt 0.946584 0.628396
vt 0.924855 0.650566
vt 0.933680 0.648910
vt 0.925684 0.639171
s 1
usemtl lambert1
f 1160/642/927 1158/643/927 1157/644/927
f 1159/645/928 1158/643/928 1160/642/928
f 1157/644/929 1158/643/929 1161/646/929
f 1161/646/930 1158/643/930 1162/647/930
f 1162/647/931 1158/643/931 1163/648/931
f 1163/648/932 1158/643/932 1159/645/932
f 1160/642/933 1157/644/934 1164/649/935
f 1157/644/936 1161/646/936 1165/650/936
f 1159/645/937 1160/642/937 1164/649/937
f 1164/649/935 1157/644/934 1166/651/938
f 1157/644/939 1165/650/939 1166/651/939
f 1165/650/940 1161/646/940 1167/652/940
f 1167/652/941 1161/646/941 1168/653/941
f 1161/646/942 1162/647/942 1168/653/942
f 1163/648/943 1159/645/943 1169/654/943
f 1168/653/944 1162/647/944 1170/655/944
f 1162/647/945 1163/648/945 1170/655/945
f 1163/648/946 1169/654/946 1170/655/946
f 1169/654/947 1159/645/947 1171/656/947
f 1159/645/948 1164/649/948 1171/656/948
f 1164/649/949 1166/651/949 1172/657/949
f 1167/652/950 1168/653/950 1173/658/950
f 1173/658/951 1168/653/951 1170/655/951
f 1170/655/952 1169/654/952 1174/659/952
f 1169/654/953 1171/656/953 1174/659/953
f 1171/656/954 1164/649/954 1172/657/954
f 1166/651/955 1165/650/955 1172/657/955
f 1172/657/956 1165/650/956 1175/660/956
f 1165/650/957 1167/652/957 1175/660/957
f 1173/658/958 1170/655/958 1176/661/958
f 1176/661/959 1170/655/959 1174/659/959
f 1175/660/960 1167/652/960 1177/662/960
f 1167/652/961 1173/658/961 1177/662/961
f 1174/659/962 1171/656/962 1178/663/962
f 1171/656/963 1172/657/963 1178/663/963
f 1172/657/964 1175/660/964 1178/663/964
f 1173/658/965 1176/661/965 1177/662/965
f 1176/661/966 1174/659/966 1177/662/966
f 1174/659/967 1178/663/967 1177/662/967
f 1178/663/968 1175/660/968 1177/662/968
f 1182/664/927 1180/665/927 1179/666/927
f 1181/667/928 1180/665/928 1182/664/928
f 1179/666/929 1180/665/929 1183/668/929
f 1183/668/930 1180/665/930 1184/669/930
f 1184/669/931 1180/665/931 1185/670/931
f 1185/670/932 1180/665/932 1181/667/932
f 1182/664/933 1179/666/934 1186/671/935
f 1179/666/936 1183/668/936 1187/672/936
f 1181/667/937 1182/664/937 1186/671/937
f 1186/671/935 1179/666/934 1188/673/938
f 1179/666/939 1187/672/939 1188/673/939
f 1187/672/940 1183/668/940 1189/674/940
f 1189/674/941 1183/668/941 1190/675/941
f 1183/668/942 1184/669/942 1190/675/942
f 1185/670/943 1181/667/943 1191/676/943
f 1190/675/944 1184/669/944 1192/677/944
f 1184/669/945 1185/670/945 1192/677/945
f 1185/670/946 1191/676/946 1192/677/946
f 1191/676/947 1181/667/947 1193/678/947
f 1181/667/948 1186/671/948 1193/678/948
f 1186/671/949 1188/673/949 1194/679/949
f 1189/674/950 1190/675/950 1195/680/950
f 1195/680/951 1190/675/951 1192/677/951
f 1192/677/952 1191/676/952 1196/681/952
f 1191/676/953 1193/678/953 1196/681/953
f 1193/678/954 1186/671/954 1194/679/954
f 1188/673/955 1187/672/955 1194/679/955
f 1194/679/969 1187/672/969 1197/682/969
f 1187/672/957 1189/674/957 1197/682/957
f 1195/680/958 1192/677/958 1198/683/958
f 1198/683/959 1192/677/959 1196/681/959
f 1197/682/960 1189/674/960 1199/684/960
f 1189/674/961 1195/680/961 1199/684/961
f 1196/681/962 1193/678/962 1200/685/962
f 1193/678/963 1194/679/963 1200/685/963
f 1194/679/964 1197/682/964 1200/685/964
f 1195/680/965 1198/683/965 1199/684/965
f 1198/683/966 1196/681/966 1199/684/966
f 1196/681/967 1200/685/967 1199/684/967
f 1200/685/968 1197/682/968 1199/684/968
f 1204/686/927 1202/687/927 1201/688/927
f 1203/689/928 1202/687/928 1204/686/928
f 1201/688/929 1202/687/929 1205/690/929
f 1205/690/930 1202/687/930 1206/691/930
f 1206/691/931 1202/687/931 1207/692/931
f 1207/692/932 1202/687/932 1203/689/932
f 1204/686/933 1201/688/934 1208/693/935
f 1201/688/936 1205/690/936 1209/694/936
f 1203/689/937 1204/686/937 1208/693/937
f 1208/693/935 1201/688/934 1210/695/938
f 1201/688/939 1209/694/939 1210/695/939
f 1209/694/940 1205/690/940 1211/696/940
f 1211/696/941 1205/690/941 1212/697/941
f 1205/690/942 1206/691/942 1212/697/942
f 1207/692/943 1203/689/943 1213/698/943
f 1212/697/944 1206/691/944 1214/699/944
f 1206/691/945 1207/692/945 1214/699/945
f 1207/692/946 1213/698/946 1214/699/946
f 1213/698/947 1203/689/947 1215/700/947
f 1203/689/948 1208/693/948 1215/700/948
f 1208/693/949 1210/695/949 1216/701/949
f 1211/696/950 1212/697/950 1217/702/950
f 1217/702/951 1212/697/951 1214/699/951
f 1214/699/952 1213/698/952 1218/703/952
f 1213/698/953 1215/700/953 1218/703/953
f 1215/700/954 1208/693/954 1216/701/954
f 1210/695/955 1209/694/955 1216/701/955
f 1216/701/970 1209/694/970 1219/704/970
f 1209/694/957 1211/696/957 1219/704/957
f 1217/702/958 1214/699/958 1220/705/958
f 1220/705/959 1214/699/959 1218/703/959
f 1219/704/960 1211/696/960 1221/706/960
f 1211/696/961 1217/702/961 1221/706/961
f 1218/703/962 1215/700/962 1222/707/962
f 1215/700/963 1216/701/963 1222/707/963
f 1216/701/964 1219/704/964 1222/707/964
f 1217/702/965 1220/705/965 1221/706/965
f 1220/705/966 1218/703/966 1221/706/966
f 1218/703/967 1222/707/967 1221/706/967
f 1222/707/968 1219/704/968 1221/706/968
f 1226/708/927 1224/709/927 1223/710/927
f 1225/711/928 1224/709/928 1226/708/928
f 1223/710/929 1224/709/929 1227/712/929
f 1227/712/930 1224/709/930 1228/713/930
f 1228/713/931 1224/709/931 1229/714/931
f 1229/714/932 1224/709/932 1225/711/932
f 1226/708/933 1223/710/934 1230/715/935
f 1223/710/936 1227/712/936 1231/716/936
f 1225/711/937 1226/708/937 1230/715/937
f 1230/715/935 1223/710/934 1232/717/938
f 1223/710/939 1231/716/939 1232/717/939
f 1231/716/940 1227/712/940 1233/718/940
f 1233/718/941 1227/712/941 1234/719/941
f 1227/712/942 1228/713/942 1234/719/942
f 1229/714/943 1225/711/943 1235/720/943
f 1234/719/944 1228/713/944 1236/721/944
f 1228/713/945 1229/714/945 1236/721/945
f 1229/714/946 1235/720/946 1236/721/946
f 1235/720/947 1225/711/947 1237/722/947
f 1225/711/948 1230/715/948 1237/722/948
f 1230/715/949 1232/717/949 1238/723/949
f 1233/718/950 1234/719/950 1239/724/950
f 1239/724/951 1234/719/951 1236/721/951
f 1236/721/952 1235/720/952 1240/725/952
f 1235/720/953 1237/722/953 1240/725/953
f 1237/722/954 1230/715/954 1238/723/954
f 1232/717/955 1231/716/955 1238/723/955
f 1238/723/969 1231/716/969 1241/726/969
f 1231/716/957 1233/718/957 1241/726/957
f 1239/724/958 1236/721/958 1242/727/958
f 1242/727/959 1236/721/959 1240/725/959
f 1241/726/960 1233/718/960 1243/728/960
f 1233/718/961 1239/724/961 1243/728/961
f 1240/725/962 1237/722/962 1244/729/962
f 1237/722/963 1238/723/963 1244/729/963
f 1238/723/964 1241/726/964 1244/729/964
f 1239/724/965 1242/727/965 1243/728/965
f 1242/727/966 1240/725/966 1243/728/966
f 1240/725/967 1244/729/967 1243/728/967
f 1244/729/968 1241/726/968 1243/728/968
f 1248/730/927 1246/731/927 1245/732/927
f 1247/733/928 1246/731/928 1248/730/928
f 1245/732/929 1246/731/929 1249/734/929
f 1249/734/930 1246/731/930 1250/735/930
f 1250/735/931 1246/731/931 1251/736/931
f 1251/736/932 1246/731/932 1247/733/932
f 1248/730/933 1245/732/934 1252/737/935
f 1245/732/936 1249/734/936 1253/738/936
f 1247/733/937 1248/730/937 1252/737/937
f 1252/737/935 1245/732/934 1254/739/938
f 1245/732/939 1253/738/939 1254/739/939
f 1253/738/940 1249/734/940 1255/740/940
f 1255/740/941 1249/734/941 1256/741/941
f 1249/734/942 1250/735/942 1256/741/942
f 1251/736/943 1247/733/943 1257/742/943
f 1256/741/944 1250/735/944 1258/743/944
f 1250/735/945 1251/736/945 1258/743/945
f 1251/736/946 1257/742/946 1258/743/946
f 1257/742/947 1247/733/947 1259/744/947
f 1247/733/948 1252/737/948 1259/744/948
f 1252/737/949 1254/739/949 1260/745/949
f 1255/740/950 1256/741/950 1261/746/950
f 1261/746/951 1256/741/951 1258/743/951
f 1258/743/952 1257/742/952 1262/747/952
f 1257/742/953 1259/744/953 1262/747/953
f 1259/744/954 1252/737/954 1260/745/954
f 1254/739/955 1253/738/955 1260/745/955
f 1260/745/969 1253/738/969 1263/748/969
f 1253/738/957 1255/740/957 1263/748/957
f 1261/746/958 1258/743/958 1264/749/958
f 1264/749/959 1258/743/959 1262/747/959
f 1263/748/960 1255/740/960 1265/750/960
f 1255/740/961 1261/746/961 1265/750/961
f 1262/747/962 1259/744/962 1266/751/962
f 1259/744/963 1260/745/963 1266/751/963
f 1260/745/964 1263/748/964 1266/751/964
f 1261/746/965 1264/749/965 1265/750/965
f 1264/749/966 1262/747/966 1265/750/966
f 1262/747/967 1266/751/967 1265/750/967
f 1266/751/968 1263/748/968 1265/750/968
f 1270/752/927 1268/753/927 1267/754/927
f 1269/755/928 1268/753/928 1270/752/928
f 1267/754/929 1268/753/929 1271/756/929
f 1271/756/930 1268/753/930 1272/757/930
f 1272/757/931 1268/753/931 1273/758/931
f 1273/758/932 1268/753/932 1269/755/932
f 1270/752/933 1267/754/934 1274/759/935
f 1267/754/936 1271/756/936 1275/760/936
f 1269/755/937 1270/752/937 1274/759/937
f 1274/759/935 1267/754/934 1276/761/938
f 1267/754/939 1275/760/939 1276/761/939
f 1275/760/940 1271/756/940 1277/762/940
f 1277/762/941 1271/756/941 1278/763/941
f 1271/756/942 1272/757/942 1278/763/942
f 1273/758/943 1269/755/943 1279/764/943
f 1278/763/944 1272/757/944 1280/765/944
f 1272/757/945 1273/758/945 1280/765/945
f 1273/758/946 1279/764/946 1280/765/946
f 1279/764/947 1269/755/947 1281/766/947
f 1269/755/948 1274/759/948 1281/766/948
f 1274/759/949 1276/761/949 1282/767/949
f 1277/762/950 1278/763/950 1283/768/950
f 1283/768/951 1278/763/951 1280/765/951
f 1280/765/952 1279/764/952 1284/769/952
f 1279/764/953 1281/766/953 1284/769/953
f 1281/766/954 1274/759/954 1282/767/954
f 1276/761/955 1275/760/955 1282/767/955
f 1282/767/971 1275/760/971 1285/770/971
f 1275/760/957 1277/762/957 1285/770/957
f 1283/768/958 1280/765/958 1286/771/958
f 1286/771/959 1280/765/959 1284/769/959
f 1285/770/960 1277/762/960 1287/772/960
f 1277/762/961 1283/768/961 1287/772/961
f 1284/769/962 1281/766/962 1288/773/962
f 1281/766/963 1282/767/963 1288/773/963
f 1282/767/964 1285/770/964 1288/773/964
f 1283/768/965 1286/771/965 1287/772/965
f 1286/771/966 1284/769/966 1287/772/966
f 1284/769/967 1288/773/967 1287/772/967
f 1288/773/972 1285/770/972 1287/772/972
f 1292/774/927 1290/775/927 1289/776/927
f 1291/777/928 1290/775/928 1292/774/928
f 1289/776/929 1290/775/929 1293/778/929
f 1293/778/930 1290/775/930 1294/779/930
f 1294/779/931 1290/775/931 1295/780/931
f 1295/780/932 1290/775/932 1291/777/932
f 1292/774/933 1289/776/934 1296/781/935
f 1289/776/936 1293/778/936 1297/782/936
f 1291/777/937 1292/774/937 1296/781/937
f 1296/781/935 1289/776/934 1298/783/938
f 1289/776/939 1297/782/939 1298/783/939
f 1297/782/940 1293/778/940 1299/784/940
f 1299/784/941 1293/778/941 1300/785/941
f 1293/778/942 1294/779/942 1300/785/942
f 1295/780/943 1291/777/943 1301/786/943
f 1300/785/944 1294/779/944 1302/787/944
f 1294/779/945 1295/780/945 1302/787/945
f 1295/780/946 1301/786/946 1302/787/946
f 1301/786/947 1291/777/947 1303/788/947
f 1291/777/948 1296/781/948 1303/788/948
f 1296/781/949 1298/783/949 1304/789/949
f 1299/784/950 1300/785/950 1305/790/950
f 1305/790/951 1300/785/951 1302/787/951
f 1302/787/952 1301/786/952 1306/791/952
f 1301/786/953 1303/788/953 1306/791/953
f 1303/788/954 1296/781/954 1304/789/954
f 1298/783/955 1297/782/955 1304/789/955
f 1304/789/969 1297/782/969 1307/792/969
f 1297/782/957 1299/784/957 1307/792/957
f 1305/790/958 1302/787/958 1308/793/958
f 1308/793/959 1302/787/959 1306/791/959
f 1307/792/960 1299/784/960 1309/794/960
f 1299/784/961 1305/790/961 1309/794/961
f 1306/791/962 1303/788/962 1310/795/962
f 1303/788/963 1304/789/963 1310/795/963
f 1304/789/964 1307/792/964 1310/795/964
f 1305/790/965 1308/793/965 1309/794/965
f 1308/793/966 1306/791/966 1309/794/966
f 1306/791/967 1310/795/967 1309/794/967
f 1310/795/968 1307/792/968 1309/794/968
f 1314/796/927 1312/797/927 1311/798/927
f 1313/799/928 1312/797/928 1314/796/928
f 1311/798/929 1312/797/929 1315/800/929
f 1315/800/930 1312/797/930 1316/801/930
f 1316/801/931 1312/797/931 1317/802/931
f 1317/802/932 1312/797/932 1313/799/932
f 1314/796/933 1311/798/934 1318/803/935
f 1311/798/936 1315/800/936 1319/804/936
f 1313/799/937 1314/796/937 1318/803/937
f 1318/803/935 1311/798/934 1320/805/938
f 1311/798/939 1319/804/939 1320/805/939
f 1319/804/940 1315/800/940 1321/806/940
f 1321/806/941 1315/800/941 1322/807/941
f 1315/800/942 1316/801/942 1322/807/942
f 1317/802/943 1313/799/943 1323/808/943
f 1322/807/944 1316/801/944 1324/809/944
f 1316/801/945 1317/802/945 1324/809/945
f 1317/802/946 1323/808/946 1324/809/946
f 1323/808/947 1313/799/947 1325/810/947
f 1313/799/948 1318/803/948 1325/810/948
f 1318/803/949 1320/805/949 1326/811/949
f 1321/806/950 1322/807/950 1327/812/950
f 1327/812/951 1322/807/951 1324/809/951
f 1324/809/952 1323/808/952 1328/813/952
f 1323/808/953 1325/810/953 1328/813/953
f 1325/810/954 1318/803/954 1326/811/954
f 1320/805/955 1319/804/955 1326/811/955
f 1326/811/969 1319/804/969 1329/814/969
f 1319/804/957 1321/806/957 1329/814/957
f 1327/812/958 1324/809/958 1330/815/958
f 1330/815/959 1324/809/959 1328/813/959
f 1329/814/960 1321/806/960 1331/816/960
f 1321/806/973 1327/812/973 1331/816/973
f 1328/813/962 1325/810/962 1332/817/962
f 1325/810/963 1326/811/963 1332/817/963
f 1326/811/964 1329/814/964 1332/817/964
f 1327/812/965 1330/815/965 1331/816/965
f 1330/815/966 1328/813/966 1331/816/966
f 1328/813/967 1332/817/967 1331/816/967
f 1332/817/968 1329/814/968 1331/816/968
f 1336/818/927 1334/819/927 1333/820/927
f 1335/821/928 1334/819/928 1336/818/928
f 1333/820/929 1334/819/929 1337/822/929
f 1337/822/930 1334/819/930 1338/823/930
f 1338/823/931 1334/819/931 1339/824/931
f 1339/824/932 1334/819/932 1335/821/932
f 1336/818/933 1333/820/934 1340/825/935
f 1333/820/936 1337/822/936 1341/826/936
f 1335/821/937 1336/818/937 1340/825/937
f 1340/825/935 1333/820/934 1342/827/938
f 1333/820/939 1341/826/939 1342/827/939
f 1341/826/940 1337/822/940 1343/828/940
f 1343/828/941 1337/822/941 1344/829/941
f 1337/822/942 1338/823/942 1344/829/942
f 1339/824/943 1335/821/943 1345/830/943
f 1344/829/944 1338/823/944 1346/831/944
f 1338/823/945 1339/824/945 1346/831/945
f 1339/824/946 1345/830/946 1346/831/946
f 1345/830/947 1335/821/947 1347/832/947
f 1335/821/948 1340/825/948 1347/832/948
f 1340/825/949 1342/827/949 1348/833/949
f 1343/828/950 1344/829/950 1349/834/950
f 1349/834/951 1344/829/951 1346/831/951
f 1346/831/952 1345/830/952 1350/835/952
f 1345/830/953 1347/832/953 1350/835/953
f 1347/832/954 1340/825/954 1348/833/954
f 1342/827/955 1341/826/955 1348/833/955
f 1348/833/969 1341/826/969 1351/836/969
f 1341/826/957 1343/828/957 1351/836/957
f 1349/834/958 1346/831/958 1352/837/958
f 1352/837/959 1346/831/959 1350/835/959
f 1351/836/960 1343/828/960 1353/838/960
f 1343/828/961 1349/834/961 1353/838/961
f 1350/835/962 1347/832/962 1354/839/962
f 1347/832/963 1348/833/963 1354/839/963
f 1348/833/974 1351/836/974 1354/839/974
f 1349/834/965 1352/837/965 1353/838/965
f 1352/837/966 1350/835/966 1353/838/966
f 1350/835/967 1354/839/967 1353/838/967
f 1354/839/968 1351/836/968 1353/838/968
f 1358/840/927 1356/841/927 1355/842/927
f 1357/843/928 1356/841/928 1358/840/928
f 1355/842/929 1356/841/929 1359/844/929
f 1359/844/930 1356/841/930 1360/845/930
f 1360/845/931 1356/841/931 1361/846/931
f 1361/846/932 1356/841/932 1357/843/932
f 1358/840/933 1355/842/934 1362/847/935
f 1355/842/936 1359/844/936 1363/848/936
f 1357/843/937 1358/840/937 1362/847/937
f 1362/847/935 1355/842/934 1364/849/938
f 1355/842/939 1363/848/939 1364/849/939
f 1363/848/940 1359/844/940 1365/850/940
f 1365/850/941 1359/844/941 1366/851/941
f 1359/844/942 1360/845/942 1366/851/942
f 1361/846/943 1357/843/943 1367/852/943
f 1366/851/944 1360/845/944 1368/853/944
f 1360/845/945 1361/846/945 1368/853/945
f 1361/846/946 1367/852/946 1368/853/946
f 1367/852/947 1357/843/947 1369/854/947
f 1357/843/948 1362/847/948 1369/854/948
f 1362/847/949 1364/849/949 1370/855/949
f 1365/850/950 1366/851/950 1371/856/950
f 1371/856/951 1366/851/951 1368/853/951
f 1368/853/952 1367/852/952 1372/857/952
f 1367/852/953 1369/854/953 1372/857/953
f 1369/854/954 1362/847/954 1370/855/954
f 1364/849/955 1363/848/955 1370/855/955
f 1370/855/969 1363/848/969 1373/858/969
f 1363/848/957 1365/850/957 1373/858/957
f 1371/856/958 1368/853/958 1374/859/958
f 1374/859/959 1368/853/959 1372/857/959
f 1373/858/960 1365/850/960 1375/860/960
f 1365/850/961 1371/856/961 1375/860/961
f 1372/857/962 1369/854/962 1376/861/962
f 1369/854/963 1370/855/963 1376/861/963
f 1370/855/964 1373/858/964 1376/861/964
f 1371/856/965 1374/859/965 1375/860/965
f 1374/859/966 1372/857/966 1375/860/966
f 1372/857/967 1376/861/967 1375/860/967
f 1376/861/968 1373/858/968 1375/860/968
f 1380/862/927 1378/863/927 1377/864/927
f 1379/865/928 1378/863/928 1380/862/928
f 1377/864/929 1378/863/929 1381/866/929
f 1381/866/930 1378/863/930 1382/867/930
f 1382/867/931 1378/863/931 1383/868/931
f 1383/868/932 1378/863/932 1379/865/932
f 1380/862/933 1377/864/934 1384/869/935
f 1377/864/936 1381/866/936 1385/870/936
f 1379/865/937 1380/862/937 1384/869/937
f 1384/869/935 1377/864/934 1386/871/938
f 1377/864/939 1385/870/939 1386/871/939
f 1385/870/940 1381/866/940 1387/872/940
f 1387/872/941 1381/866/941 1388/873/941
f 1381/866/942 1382/867/942 1388/873/942
f 1383/868/943 1379/865/943 1389/874/943
f 1388/873/944 1382/867/944 1390/875/944
f 1382/867/945 1383/868/945 1390/875/945
f 1383/868/946 1389/874/946 1390/875/946
f 1389/874/947 1379/865/947 1391/876/947
f 1379/865/948 1384/869/948 1391/876/948
f 1384/869/949 1386/871/949 1392/877/949
f 1387/872/950 1388/873/950 1393/878/950
f 1393/878/951 1388/873/951 1390/875/951
f 1390/875/952 1389/874/952 1394/879/952
f 1389/874/953 1391/876/953 1394/879/953
f 1391/876/954 1384/869/954 1392/877/954
f 1386/871/955 1385/870/955 1392/877/955
f 1392/877/969 1385/870/969 1395/880/969
f 1385/870/957 1387/872/957 1395/880/957
f 1393/878/958 1390/875/958 1396/881/958
f 1396/881/959 1390/875/959 1394/879/959
f 1395/880/960 1387/872/960 1397/882/960
f 1387/872/961 1393/878/961 1397/882/961
f 1394/879/962 1391/876/962 1398/883/962
f 1391/876/963 1392/877/963 1398/883/963
f 1392/877/974 1395/880/974 1398/883/974
f 1393/878/965 1396/881/965 1397/882/965
f 1396/881/966 1394/879/966 1397/882/966
f 1394/879/967 1398/883/967 1397/882/967
f 1398/883/968 1395/880/968 1397/882/968
f 1402/884/927 1400/885/927 1399/886/927
f 1401/887/928 1400/885/928 1402/884/928
f 1399/886/929 1400/885/929 1403/888/929
f 1403/888/930 1400/885/930 1404/889/930
f 1404/889/931 1400/885/931 1405/890/931
f 1405/890/932 1400/885/932 1401/887/932
f 1402/884/933 1399/886/934 1406/891/935
f 1399/886/936 1403/888/936 1407/892/936
f 1401/887/937 1402/884/937 1406/891/937
f 1406/891/935 1399/886/934 1408/893/938
f 1399/886/939 1407/892/939 1408/893/939
f 1407/892/940 1403/888/940 1409/894/940
f 1409/894/941 1403/888/941 1410/895/941
f 1403/888/942 1404/889/942 1410/895/942
f 1405/890/943 1401/887/943 1411/896/943
f 1410/895/944 1404/889/944 1412/897/944
f 1404/889/945 1405/890/945 1412/897/945
f 1405/890/946 1411/896/946 1412/897/946
f 1411/896/947 1401/887/947 1413/898/947
f 1401/887/948 1406/891/948 1413/898/948
f 1406/891/949 1408/893/949 1414/899/949
f 1409/894/950 1410/895/950 1415/900/950
f 1415/900/951 1410/895/951 1412/897/951
f 1412/897/952 1411/896/952 1416/901/952
f 1411/896/953 1413/898/953 1416/901/953
f 1413/898/954 1406/891/954 1414/899/954
f 1408/893/955 1407/892/955 1414/899/955
f 1414/899/969 1407/892/969 1417/902/969
f 1407/892/957 1409/894/957 1417/902/957
f 1415/900/958 1412/897/958 1418/903/958
f 1418/903/959 1412/897/959 1416/901/959
f 1417/902/960 1409/894/960 1419/904/960
f 1409/894/961 1415/900/961 1419/904/961
f 1416/901/962 1413/898/962 1420/905/962
f 1413/898/963 1414/899/963 1420/905/963
f 1414/899/964 1417/902/964 1420/905/964
f 1415/900/965 1418/903/965 1419/904/965
f 1418/903/966 1416/901/966 1419/904/966
f 1416/901/967 1420/905/967 1419/904/967
f 1420/905/968 1417/902/968 1419/904/968
f 1424/906/927 1422/907/927 1421/908/927
f 1423/909/928 1422/907/928 1424/906/928
f 1421/908/929 1422/907/929 1425/910/929
f 1425/910/930 1422/907/930 1426/911/930
f 1426/911/931 1422/907/931 1427/912/931
f 1427/912/932 1422/907/932 1423/909/932
f 1424/906/933 1421/908/934 1428/913/935
f 1421/908/936 1425/910/936 1429/914/936
f 1423/909/937 1424/906/937 1428/913/937
f 1428/913/935 1421/908/934 1430/915/938
f 1421/908/939 1429/914/939 1430/915/939
f 1429/914/940 1425/910/940 1431/916/940
f 1431/916/941 1425/910/941 1432/917/941
f 1425/910/942 1426/911/942 1432/917/942
f 1427/912/943 1423/909/943 1433/918/943
f 1432/917/944 1426/911/944 1434/919/944
f 1426/911/945 1427/912/945 1434/919/945
f 1427/912/946 1433/918/946 1434/919/946
f 1433/918/947 1423/909/947 1435/920/947
f 1423/909/948 1428/913/948 1435/920/948
f 1428/913/949 1430/915/949 1436/921/949
f 1431/916/950 1432/917/950 1437/922/950
f 1437/922/951 1432/917/951 1434/919/951
f 1434/919/952 1433/918/952 1438/923/952
f 1433/918/953 1435/920/953 1438/923/953
f 1435/920/954 1428/913/954 1436/921/954
f 1430/915/955 1429/914/955 1436/921/955
f 1436/921/969 1429/914/969 1439/924/969
f 1429/914/957 1431/916/957 1439/924/957
f 1437/922/958 1434/919/958 1440/925/958
f 1440/925/959 1434/919/959 1438/923/959
f 1439/924/960 1431/916/960 1441/926/960
f 1431/916/961 1437/922/961 1441/926/961
f 1438/923/962 1435/920/962 1442/927/962
f 1435/920/963 1436/921/963 1442/927/963
f 1436/921/964 1439/924/964 1442/927/964
f 1437/922/965 1440/925/965 1441/926/965
f 1440/925/966 1438/923/966 1441/926/966
f 1438/923/967 1442/927/967 1441/926/967
f 1442/927/968 1439/924/968 1441/926/968
f 1446/928/927 1444/929/927 1443/930/927
f 1445/931/928 1444/929/928 1446/928/928
f 1443/930/929 1444/929/929 1447/932/929
f 1447/932/930 1444/929/930 1448/933/930
f 1448/933/931 1444/929/931 1449/934/931
f 1449/934/932 1444/929/932 1445/931/932
f 1446/928/933 1443/930/934 1450/935/935
f 1443/930/936 1447/932/936 1451/936/936
f 1445/931/937 1446/928/937 1450/935/937
f 1450/935/935 1443/930/934 1452/937/938
f 1443/930/939 1451/936/939 1452/937/939
f 1451/936/940 1447/932/940 1453/938/940
f 1453/938/941 1447/932/941 1454/939/941
f 1447/932/942 1448/933/942 1454/939/942
f 1449/934/943 1445/931/943 1455/940/943
f 1454/939/944 1448/933/944 1456/941/944
f 1448/933/945 1449/934/945 1456/941/945
f 1449/934/946 1455/940/946 1456/941/946
f 1455/940/947 1445/931/947 1457/942/947
f 1445/931/948 1450/935/948 1457/942/948
f 1450/935/949 1452/937/949 1458/943/949
f 1453/938/950 1454/939/950 1459/944/950
f 1459/944/951 1454/939/951 1456/941/951
f 1456/941/952 1455/940/952 1460/945/952
f 1455/940/953 1457/942/953 1460/945/953
f 1457/942/954 1450/935/954 1458/943/954
f 1452/937/955 1451/936/955 1458/943/955
f 1458/943/956 1451/936/956 1461/946/956
f 1451/936/957 1453/938/957 1461/946/957
f 1459/944/958 1456/941/958 1462/947/958
f 1462/947/959 1456/941/959 1460/945/959
f 1461/946/960 1453/938/960 1463/948/960
f 1453/938/961 1459/944/961 1463/948/961
f 1460/945/962 1457/942/962 1464/949/962
f 1457/942/963 1458/943/963 1464/949/963
f 1458/943/964 1461/946/964 1464/949/964
f 1459/944/965 1462/947/965 1463/948/965
f 1462/947/966 1460/945/966 1463/948/966
f 1460/945/967 1464/949/967 1463/948/967
f 1464/949/968 1461/946/968 1463/948/968
f 1468/950/927 1466/951/927 1465/952/927
f 1467/953/928 1466/951/928 1468/950/928
f 1465/952/929 1466/951/929 1469/954/929
f 1469/954/930 1466/951/930 1470/955/930
f 1470/955/931 1466/951/931 1471/956/931
f 1471/956/932 1466/951/932 1467/953/932
f 1468/950/933 1465/952/934 1472/957/935
f 1465/952/936 1469/954/936 1473/958/936
f 1467/953/937 1468/950/937 1472/957/937
f 1472/957/935 1465/952/934 1474/959/938
f 1465/952/939 1473/958/939 1474/959/939
f 1473/958/940 1469/954/940 1475/960/940
f 1475/960/941 1469/954/941 1476/961/941
f 1469/954/942 1470/955/942 1476/961/942
f 1471/956/943 1467/953/943 1477/962/943
f 1476/961/944 1470/955/944 1478/963/944
f 1470/955/945 1471/956/945 1478/963/945
f 1471/956/946 1477/962/946 1478/963/946
f 1477/962/947 1467/953/947 1479/964/947
f 1467/953/948 1472/957/948 1479/964/948
f 1472/957/949 1474/959/949 1480/965/949
f 1475/960/950 1476/961/950 1481/966/950
f 1481/966/951 1476/961/951 1478/963/951
f 1478/963/952 1477/962/952 1482/967/952
f 1477/962/953 1479/964/953 1482/967/953
f 1479/964/954 1472/957/954 1480/965/954
f 1474/959/955 1473/958/955 1480/965/955
f 1480/965/971 1473/958/971 1483/968/971
f 1473/958/957 1475/960/957 1483/968/957
f 1481/966/958 1478/963/958 1484/969/958
f 1484/969/959 1478/963/959 1482/967/959
f 1483/968/960 1475/960/960 1485/970/960
f 1475/960/961 1481/966/961 1485/970/961
f 1482/967/962 1479/964/962 1486/971/962
f 1479/964/963 1480/965/963 1486/971/963
f 1480/965/964 1483/968/964 1486/971/964
f 1481/966/965 1484/969/965 1485/970/965
f 1484/969/966 1482/967/966 1485/970/966
f 1482/967/967 1486/971/967 1485/970/967
f 1486/971/968 1483/968/968 1485/970/968
f 1490/972/927 1488/973/927 1487/974/927
f 1489/975/928 1488/973/928 1490/972/928
f 1487/974/929 1488/973/929 1491/976/929
f 1491/976/930 1488/973/930 1492/977/930
f 1492/977/931 1488/973/931 1493/978/931
f 1493/978/932 1488/973/932 1489/975/932
f 1490/972/933 1487/974/934 1494/979/935
f 1487/974/936 1491/976/936 1495/980/936
f 1489/975/937 1490/972/937 1494/979/937
f 1494/979/935 1487/974/934 1496/981/938
f 1487/974/939 1495/980/939 1496/981/939
f 1495/980/940 1491/976/940 1497/982/940
f 1497/982/941 1491/976/941 1498/983/941
f 1491/976/942 1492/977/942 1498/983/942
f 1493/978/943 1489/975/943 1499/984/943
f 1498/983/944 1492/977/944 1500/985/944
f 1492/977/945 1493/978/945 1500/985/945
f 1493/978/946 1499/984/946 1500/985/946
f 1499/984/947 1489/975/947 1501/986/947
f 1489/975/948 1494/979/948 1501/986/948
f 1494/979/949 1496/981/949 1502/987/949
f 1497/982/950 1498/983/950 1503/988/950
f 1503/988/951 1498/983/951 1500/985/951
f 1500/985/952 1499/984/952 1504/989/952
f 1499/984/953 1501/986/953 1504/989/953
f 1501/986/954 1494/979/954 1502/987/954
f 1496/981/955 1495/980/955 1502/987/955
f 1502/987/969 1495/980/969 1505/990/969
f 1495/980/957 1497/982/957 1505/990/957
f 1503/988/958 1500/985/958 1506/991/958
f 1506/991/959 1500/985/959 1504/989/959
f 1505/990/960 1497/982/960 1507/992/960
f 1497/982/961 1503/988/961 1507/992/961
f 1504/989/962 1501/986/962 1508/993/962
f 1501/986/963 1502/987/963 1508/993/963
f 1502/987/964 1505/990/964 1508/993/964
f 1503/988/965 1506/991/965 1507/992/965
f 1506/991/966 1504/989/966 1507/992/966
f 1504/989/967 1508/993/967 1507/992/967
f 1508/993/968 1505/990/968 1507/992/968
f 1512/994/927 1510/995/927 1509/996/927
f 1511/997/928 1510/995/928 1512/994/928
f 1509/996/929 1510/995/929 1513/998/929
f 1513/998/930 1510/995/930 1514/999/930
f 1514/999/931 1510/995/931 1515/1000/931
f 1515/1000/932 1510/995/932 1511/997/932
f 1512/994/933 1509/996/934 1516/1001/935
f 1509/996/936 1513/998/936 1517/1002/936
f 1511/997/937 1512/994/937 1516/1001/937
f 1516/1001/935 1509/996/934 1518/1003/938
f 1509/996/939 1517/1002/939 1518/1003/939
f 1517/1002/940 1513/998/940 1519/1004/940
f 1519/1004/941 1513/998/941 1520/1005/941
f 1513/998/942 1514/999/942 1520/1005/942
f 1515/1000/943 1511/997/943 1521/1006/943
f 1520/1005/944 1514/999/944 1522/1007/944
f 1514/999/945 1515/1000/945 1522/1007/945
f 1515/1000/946 1521/1006/946 1522/1007/946
f 1521/1006/947 1511/997/947 1523/1008/947
f 1511/997/948 1516/1001/948 1523/1008/948
f 1516/1001/949 1518/1003/949 1524/1009/949
f 1519/1004/950 1520/1005/950 1525/1010/950
f 1525/1010/951 1520/1005/951 1522/1007/951
f 1522/1007/952 1521/1006/952 1526/1011/952
f 1521/1006/953 1523/1008/953 1526/1011/953
f 1523/1008/954 1516/1001/954 1524/1009/954
f 1518/1003/955 1517/1002/955 1524/1009/955
f 1524/1009/969 1517/1002/969 1527/1012/969
f 1517/1002/957 1519/1004/957 1527/1012/957
f 1525/1010/958 1522/1007/958 1528/1013/958
f 1528/1013/959 1522/1007/959 1526/1011/959
f 1527/1012/960 1519/1004/960 1529/1014/960
f 1519/1004/961 1525/1010/961 1529/1014/961
f 1526/1011/962 1523/1008/962 1530/1015/962
f 1523/1008/963 1524/1009/963 1530/1015/963
f 1524/1009/964 1527/1012/964 1530/1015/964
f 1525/1010/965 1528/1013/965 1529/1014/965
f 1528/1013/966 1526/1011/966 1529/1014/966
f 1526/1011/967 1530/1015/967 1529/1014/967
f 1530/1015/968 1527/1012/968 1529/1014/968
