# Blender v3.0.1 OBJ File: ''
# www.blender.org
o Suzanne
v 0.437500 0.164062 0.765625
v -0.437500 0.164062 0.765625
v 0.500000 0.093750 0.687500
v -0.500000 0.093750 0.687500
v 0.546875 0.054688 0.578125
v -0.546875 0.054688 0.578125
v 0.351562 -0.023438 0.617188
v -0.351562 -0.023438 0.617188
v 0.351562 0.031250 0.718750
v -0.351562 0.031250 0.718750
v 0.351562 0.132812 0.781250
v -0.351562 0.132812 0.781250
v 0.273438 0.164062 0.796875
v -0.273438 0.164062 0.796875
v 0.203125 0.093750 0.742188
v -0.203125 0.093750 0.742188
v 0.156250 0.054688 0.648438
v -0.156250 0.054688 0.648438
v 0.078125 0.242188 0.656250
v -0.078125 0.242188 0.656250
v 0.140625 0.242188 0.742188
v -0.140625 0.242188 0.742188
v 0.242188 0.242188 0.796875
v -0.242188 0.242188 0.796875
v 0.273438 0.328125 0.796875
v -0.273438 0.328125 0.796875
v 0.203125 0.390625 0.742188
v -0.203125 0.390625 0.742188
v 0.156250 0.437500 0.648438
v -0.156250 0.437500 0.648438
v 0.351562 0.515625 0.617188
v -0.351562 0.515625 0.617188
v 0.351562 0.453125 0.718750
v -0.351562 0.453125 0.718750
v 0.351562 0.359375 0.781250
v -0.351562 0.359375 0.781250
v 0.437500 0.328125 0.765625
v -0.437500 0.328125 0.765625
v 0.500000 0.390625 0.687500
v -0.500000 0.390625 0.687500
v 0.546875 0.437500 0.578125
v -0.546875 0.437500 0.578125
v 0.625000 0.242188 0.562500
v -0.625000 0.242188 0.562500
v 0.562500 0.242188 0.671875
v -0.562500 0.242188 0.671875
v 0.468750 0.242188 0.757812
v -0.468750 0.242188 0.757812
v 0.476562 0.242188 0.773438
v -0.476562 0.242188 0.773438
v 0.445312 0.335938 0.781250
v -0.445312 0.335938 0.781250
v 0.351562 0.375000 0.804688
v -0.351562 0.375000 0.804688
v 0.265625 0.335938 0.820312
v -0.265625 0.335938 0.820312
v 0.226562 0.242188 0.820312
v -0.226562 0.242188 0.820312
v 0.265625 0.156250 0.820312
v -0.265625 0.156250 0.820312
v 0.351562 0.242188 0.828125
v -0.351562 0.242188 0.828125
v 0.351562 0.117188 0.804688
v -0.351562 0.117188 0.804688
v 0.445312 0.156250 0.781250
v -0.445312 0.156250 0.781250
v 0.000000 0.429688 0.742188
v 0.000000 0.351562 0.820312
v 0.000000 -0.320312 0.781250
v 0.000000 -0.187500 0.796875
v 0.000000 -0.773438 0.718750
v 0.000000 0.406250 0.601562
v 0.000000 0.570312 0.570312
v 0.000000 0.898438 -0.546875
v 0.000000 0.562500 -0.851562
v 0.000000 0.070312 -0.828125
v 0.000000 -0.382812 -0.351562
v 0.203125 -0.187500 0.562500
v -0.203125 -0.187500 0.562500
v 0.312500 -0.437500 0.570312
v -0.312500 -0.437500 0.570312
v 0.351562 -0.695312 0.570312
v -0.351562 -0.695312 0.570312
v 0.367188 -0.890625 0.531250
v -0.367188 -0.890625 0.531250
v 0.328125 -0.945312 0.523438
v -0.328125 -0.945312 0.523438
v 0.179688 -0.968750 0.554688
v -0.179688 -0.968750 0.554688
v 0.000000 -0.984375 0.578125
v 0.437500 -0.140625 0.531250
v -0.437500 -0.140625 0.531250
v 0.632812 -0.039062 0.539062
v -0.632812 -0.039062 0.539062
v 0.828125 0.148438 0.445312
v -0.828125 0.148438 0.445312
v 0.859375 0.429688 0.593750
v -0.859375 0.429688 0.593750
v 0.710938 0.484375 0.625000
v -0.710938 0.484375 0.625000
v 0.492188 0.601562 0.687500
v -0.492188 0.601562 0.687500
v 0.320312 0.757812 0.734375
v -0.320312 0.757812 0.734375
v 0.156250 0.718750 0.757812
v -0.156250 0.718750 0.757812
v 0.062500 0.492188 0.750000
v -0.062500 0.492188 0.750000
v 0.164062 0.414062 0.773438
v -0.164062 0.414062 0.773438
v 0.125000 0.304688 0.765625
v -0.125000 0.304688 0.765625
v 0.203125 0.093750 0.742188
v -0.203125 0.093750 0.742188
v 0.375000 0.015625 0.703125
v -0.375000 0.015625 0.703125
v 0.492188 0.062500 0.671875
v -0.492188 0.062500 0.671875
v 0.625000 0.187500 0.648438
v -0.625000 0.187500 0.648438
v 0.640625 0.296875 0.648438
v -0.640625 0.296875 0.648438
v 0.601562 0.375000 0.664062
v -0.601562 0.375000 0.664062
v 0.429688 0.437500 0.718750
v -0.429688 0.437500 0.718750
v 0.250000 0.468750 0.757812
v -0.250000 0.468750 0.757812
v 0.000000 -0.765625 0.734375
v 0.109375 -0.718750 0.734375
v -0.109375 -0.718750 0.734375
v 0.117188 -0.835938 0.710938
v -0.117188 -0.835938 0.710938
v 0.062500 -0.882812 0.695312
v -0.062500 -0.882812 0.695312
v 0.000000 -0.890625 0.687500
v 0.000000 -0.195312 0.750000
v 0.000000 -0.140625 0.742188
v 0.101562 -0.148438 0.742188
v -0.101562 -0.148438 0.742188
v 0.125000 -0.226562 0.750000
v -0.125000 -0.226562 0.750000
v 0.085938 -0.289062 0.742188
v -0.085938 -0.289062 0.742188
v 0.398438 -0.046875 0.671875
v -0.398438 -0.046875 0.671875
v 0.617188 0.054688 0.625000
v -0.617188 0.054688 0.625000
v 0.726562 0.203125 0.601562
v -0.726562 0.203125 0.601562
v 0.742188 0.375000 0.656250
v -0.742188 0.375000 0.656250
v 0.687500 0.414062 0.726562
v -0.687500 0.414062 0.726562
v 0.437500 0.546875 0.796875
v -0.437500 0.546875 0.796875
v 0.312500 0.640625 0.835938
v -0.312500 0.640625 0.835938
v 0.203125 0.617188 0.851562
v -0.203125 0.617188 0.851562
v 0.101562 0.429688 0.843750
v -0.101562 0.429688 0.843750
v 0.125000 -0.101562 0.812500
v -0.125000 -0.101562 0.812500
v 0.210938 -0.445312 0.710938
v -0.210938 -0.445312 0.710938
v 0.250000 -0.703125 0.687500
v -0.250000 -0.703125 0.687500
v 0.265625 -0.820312 0.664062
v -0.265625 -0.820312 0.664062
v 0.234375 -0.914062 0.632812
v -0.234375 -0.914062 0.632812
v 0.164062 -0.929688 0.632812
v -0.164062 -0.929688 0.632812
v 0.000000 -0.945312 0.640625
v 0.000000 0.046875 0.726562
v 0.000000 0.210938 0.765625
v 0.328125 0.476562 0.742188
v -0.328125 0.476562 0.742188
v 0.164062 0.140625 0.750000
v -0.164062 0.140625 0.750000
v 0.132812 0.210938 0.757812
v -0.132812 0.210938 0.757812
v 0.117188 -0.687500 0.734375
v -0.117188 -0.687500 0.734375
v 0.078125 -0.445312 0.750000
v -0.078125 -0.445312 0.750000
v 0.000000 -0.328125 0.742188
v 0.093750 -0.273438 0.781250
v -0.093750 -0.273438 0.781250
v 0.132812 -0.226562 0.796875
v -0.132812 -0.226562 0.796875
v 0.109375 -0.132812 0.781250
v -0.109375 -0.132812 0.781250
v 0.039062 -0.125000 0.781250
v -0.039062 -0.125000 0.781250
v 0.000000 -0.203125 0.828125
v 0.046875 -0.148438 0.812500
v -0.046875 -0.148438 0.812500
v 0.093750 -0.156250 0.812500
v -0.093750 -0.156250 0.812500
v 0.109375 -0.226562 0.828125
v -0.109375 -0.226562 0.828125
v 0.078125 -0.250000 0.804688
v -0.078125 -0.250000 0.804688
v 0.000000 -0.289062 0.804688
v 0.257812 -0.312500 0.554688
v -0.257812 -0.312500 0.554688
v 0.164062 -0.242188 0.710938
v -0.164062 -0.242188 0.710938
v 0.179688 -0.312500 0.710938
v -0.179688 -0.312500 0.710938
v 0.234375 -0.250000 0.554688
v -0.234375 -0.250000 0.554688
v 0.000000 -0.875000 0.687500
v 0.046875 -0.867188 0.687500
v -0.046875 -0.867188 0.687500
v 0.093750 -0.820312 0.710938
v -0.093750 -0.820312 0.710938
v 0.093750 -0.742188 0.726562
v -0.093750 -0.742188 0.726562
v 0.000000 -0.781250 0.656250
v 0.093750 -0.750000 0.664062
v -0.093750 -0.750000 0.664062
v 0.093750 -0.812500 0.640625
v -0.093750 -0.812500 0.640625
v 0.046875 -0.851562 0.632812
v -0.046875 -0.851562 0.632812
v 0.000000 -0.859375 0.632812
v 0.171875 0.218750 0.781250
v -0.171875 0.218750 0.781250
v 0.187500 0.156250 0.773438
v -0.187500 0.156250 0.773438
v 0.335938 0.429688 0.757812
v -0.335938 0.429688 0.757812
v 0.273438 0.421875 0.773438
v -0.273438 0.421875 0.773438
v 0.421875 0.398438 0.773438
v -0.421875 0.398438 0.773438
v 0.562500 0.351562 0.695312
v -0.562500 0.351562 0.695312
v 0.585938 0.289062 0.687500
v -0.585938 0.289062 0.687500
v 0.578125 0.195312 0.679688
v -0.578125 0.195312 0.679688
v 0.476562 0.101562 0.718750
v -0.476562 0.101562 0.718750
v 0.375000 0.062500 0.742188
v -0.375000 0.062500 0.742188
v 0.226562 0.109375 0.781250
v -0.226562 0.109375 0.781250
v 0.179688 0.296875 0.781250
v -0.179688 0.296875 0.781250
v 0.210938 0.375000 0.781250
v -0.210938 0.375000 0.781250
v 0.234375 0.359375 0.757812
v -0.234375 0.359375 0.757812
v 0.195312 0.296875 0.757812
v -0.195312 0.296875 0.757812
v 0.242188 0.125000 0.757812
v -0.242188 0.125000 0.757812
v 0.375000 0.085938 0.726562
v -0.375000 0.085938 0.726562
v 0.460938 0.117188 0.703125
v -0.460938 0.117188 0.703125
v 0.546875 0.210938 0.671875
v -0.546875 0.210938 0.671875
v 0.554688 0.281250 0.671875
v -0.554688 0.281250 0.671875
v 0.531250 0.335938 0.679688
v -0.531250 0.335938 0.679688
v 0.414062 0.390625 0.750000
v -0.414062 0.390625 0.750000
v 0.281250 0.398438 0.765625
v -0.281250 0.398438 0.765625
v 0.335938 0.406250 0.750000
v -0.335938 0.406250 0.750000
v 0.203125 0.171875 0.750000
v -0.203125 0.171875 0.750000
v 0.195312 0.226562 0.750000
v -0.195312 0.226562 0.750000
v 0.109375 0.460938 0.609375
v -0.109375 0.460938 0.609375
v 0.195312 0.664062 0.617188
v -0.195312 0.664062 0.617188
v 0.335938 0.687500 0.593750
v -0.335938 0.687500 0.593750
v 0.484375 0.554688 0.554688
v -0.484375 0.554688 0.554688
v 0.679688 0.453125 0.492188
v -0.679688 0.453125 0.492188
v 0.796875 0.406250 0.460938
v -0.796875 0.406250 0.460938
v 0.773438 0.164062 0.375000
v -0.773438 0.164062 0.375000
v 0.601562 0.000000 0.414062
v -0.601562 0.000000 0.414062
v 0.437500 -0.093750 0.468750
v -0.437500 -0.093750 0.468750
v 0.000000 0.898438 0.289062
v 0.000000 0.984375 -0.078125
v 0.000000 -0.195312 -0.671875
v 0.000000 -0.460938 0.187500
v 0.000000 -0.976562 0.460938
v 0.000000 -0.804688 0.343750
v 0.000000 -0.570312 0.320312
v 0.000000 -0.484375 0.281250
v 0.851562 0.234375 0.054688
v -0.851562 0.234375 0.054688
v 0.859375 0.320312 -0.046875
v -0.859375 0.320312 -0.046875
v 0.773438 0.265625 -0.437500
v -0.773438 0.265625 -0.437500
v 0.460938 0.437500 -0.703125
v -0.460938 0.437500 -0.703125
v 0.734375 -0.046875 0.070312
v -0.734375 -0.046875 0.070312
v 0.593750 -0.125000 -0.164062
v -0.593750 -0.125000 -0.164062
v 0.640625 -0.007812 -0.429688
v -0.640625 -0.007812 -0.429688
v 0.335938 0.054688 -0.664062
v -0.335938 0.054688 -0.664062
v 0.234375 -0.351562 0.406250
v -0.234375 -0.351562 0.406250
v 0.179688 -0.414062 0.257812
v -0.179688 -0.414062 0.257812
v 0.289062 -0.710938 0.382812
v -0.289062 -0.710938 0.382812
v 0.250000 -0.500000 0.390625
v -0.250000 -0.500000 0.390625
v 0.328125 -0.914062 0.398438
v -0.328125 -0.914062 0.398438
v 0.140625 -0.757812 0.367188
v -0.140625 -0.757812 0.367188
v 0.125000 -0.539062 0.359375
v -0.125000 -0.539062 0.359375
v 0.164062 -0.945312 0.437500
v -0.164062 -0.945312 0.437500
v 0.218750 -0.281250 0.429688
v -0.218750 -0.281250 0.429688
v 0.210938 -0.226562 0.468750
v -0.210938 -0.226562 0.468750
v 0.203125 -0.171875 0.500000
v -0.203125 -0.171875 0.500000
v 0.210938 -0.390625 0.164062
v -0.210938 -0.390625 0.164062
v 0.296875 -0.312500 -0.265625
v -0.296875 -0.312500 -0.265625
v 0.343750 -0.148438 -0.539062
v -0.343750 -0.148438 -0.539062
v 0.453125 0.867188 -0.382812
v -0.453125 0.867188 -0.382812
v 0.453125 0.929688 -0.070312
v -0.453125 0.929688 -0.070312
v 0.453125 0.851562 0.234375
v -0.453125 0.851562 0.234375
v 0.460938 0.523438 0.429688
v -0.460938 0.523438 0.429688
v 0.726562 0.406250 0.335938
v -0.726562 0.406250 0.335938
v 0.632812 0.453125 0.281250
v -0.632812 0.453125 0.281250
v 0.640625 0.703125 0.054688
v -0.640625 0.703125 0.054688
v 0.796875 0.562500 0.125000
v -0.796875 0.562500 0.125000
v 0.796875 0.617188 -0.117188
v -0.796875 0.617188 -0.117188
v 0.640625 0.750000 -0.195312
v -0.640625 0.750000 -0.195312
v 0.640625 0.679688 -0.445312
v -0.640625 0.679688 -0.445312
v 0.796875 0.539062 -0.359375
v -0.796875 0.539062 -0.359375
v 0.617188 0.328125 -0.585938
v -0.617188 0.328125 -0.585938
v 0.484375 0.023438 -0.546875
v -0.484375 0.023438 -0.546875
v 0.820312 0.328125 -0.203125
v -0.820312 0.328125 -0.203125
v 0.406250 -0.171875 0.148438
v -0.406250 -0.171875 0.148438
v 0.429688 -0.195312 -0.210938
v -0.429688 -0.195312 -0.210938
v 0.890625 0.406250 -0.234375
v -0.890625 0.406250 -0.234375
v 0.773438 -0.140625 -0.125000
v -0.773438 -0.140625 -0.125000
v 1.039062 -0.101562 -0.328125
v -1.039062 -0.101562 -0.328125
v 1.281250 0.054688 -0.429688
v -1.281250 0.054688 -0.429688
v 1.351562 0.320312 -0.421875
v -1.351562 0.320312 -0.421875
v 1.234375 0.507812 -0.421875
v -1.234375 0.507812 -0.421875
v 1.023438 0.476562 -0.312500
v -1.023438 0.476562 -0.312500
v 1.015625 0.414062 -0.289062
v -1.015625 0.414062 -0.289062
v 1.187500 0.437500 -0.390625
v -1.187500 0.437500 -0.390625
v 1.265625 0.289062 -0.406250
v -1.265625 0.289062 -0.406250
v 1.210938 0.078125 -0.406250
v -1.210938 0.078125 -0.406250
v 1.031250 -0.039062 -0.304688
v -1.031250 -0.039062 -0.304688
v 0.828125 -0.070312 -0.132812
v -0.828125 -0.070312 -0.132812
v 0.921875 0.359375 -0.218750
v -0.921875 0.359375 -0.218750
v 0.945312 0.304688 -0.289062
v -0.945312 0.304688 -0.289062
v 0.882812 -0.023438 -0.210938
v -0.882812 -0.023438 -0.210938
v 1.039062 0.000000 -0.367188
v -1.039062 0.000000 -0.367188
v 1.187500 0.093750 -0.445312
v -1.187500 0.093750 -0.445312
v 1.234375 0.250000 -0.445312
v -1.234375 0.250000 -0.445312
v 1.171875 0.359375 -0.437500
v -1.171875 0.359375 -0.437500
v 1.023438 0.343750 -0.359375
v -1.023438 0.343750 -0.359375
v 0.843750 0.289062 -0.210938
v -0.843750 0.289062 -0.210938
v 0.835938 0.171875 -0.273438
v -0.835938 0.171875 -0.273438
v 0.757812 0.093750 -0.273438
v -0.757812 0.093750 -0.273438
v 0.820312 0.085938 -0.273438
v -0.820312 0.085938 -0.273438
v 0.843750 0.015625 -0.273438
v -0.843750 0.015625 -0.273438
v 0.812500 -0.015625 -0.273438
v -0.812500 -0.015625 -0.273438
v 0.726562 0.000000 -0.070312
v -0.726562 0.000000 -0.070312
v 0.718750 -0.023438 -0.171875
v -0.718750 -0.023438 -0.171875
v 0.718750 0.039062 -0.187500
v -0.718750 0.039062 -0.187500
v 0.796875 0.203125 -0.210938
v -0.796875 0.203125 -0.210938
v 0.890625 0.242188 -0.265625
v -0.890625 0.242188 -0.265625
v 0.890625 0.234375 -0.320312
v -0.890625 0.234375 -0.320312
v 0.812500 -0.015625 -0.320312
v -0.812500 -0.015625 -0.320312
v 0.851562 0.015625 -0.320312
v -0.851562 0.015625 -0.320312
v 0.828125 0.078125 -0.320312
v -0.828125 0.078125 -0.320312
v 0.765625 0.093750 -0.320312
v -0.765625 0.093750 -0.320312
v 0.843750 0.171875 -0.320312
v -0.843750 0.171875 -0.320312
v 1.039062 0.328125 -0.414062
v -1.039062 0.328125 -0.414062
v 1.187500 0.343750 -0.484375
v -1.187500 0.343750 -0.484375
v 1.257812 0.242188 -0.492188
v -1.257812 0.242188 -0.492188
v 1.210938 0.085938 -0.484375
v -1.210938 0.085938 -0.484375
v 1.046875 0.000000 -0.421875
v -1.046875 0.000000 -0.421875
v 0.882812 -0.015625 -0.265625
v -0.882812 -0.015625 -0.265625
v 0.953125 0.289062 -0.343750
v -0.953125 0.289062 -0.343750
v 0.890625 0.109375 -0.328125
v -0.890625 0.109375 -0.328125
v 0.937500 0.062500 -0.335938
v -0.937500 0.062500 -0.335938
v 1.000000 0.125000 -0.367188
v -1.000000 0.125000 -0.367188
v 0.960938 0.171875 -0.351562
v -0.960938 0.171875 -0.351562
v 1.015625 0.234375 -0.375000
v -1.015625 0.234375 -0.375000
v 1.054688 0.187500 -0.382812
v -1.054688 0.187500 -0.382812
v 1.109375 0.210938 -0.390625
v -1.109375 0.210938 -0.390625
v 1.085938 0.273438 -0.390625
v -1.085938 0.273438 -0.390625
v 1.023438 0.437500 -0.484375
v -1.023438 0.437500 -0.484375
v 1.250000 0.468750 -0.546875
v -1.250000 0.468750 -0.546875
v 1.367188 0.296875 -0.500000
v -1.367188 0.296875 -0.500000
v 1.312500 0.054688 -0.531250
v -1.312500 0.054688 -0.531250
v 1.039062 -0.085938 -0.492188
v -1.039062 -0.085938 -0.492188
v 0.789062 -0.125000 -0.328125
v -0.789062 -0.125000 -0.328125
v 0.859375 0.382812 -0.382812
v -0.859375 0.382812 -0.382812
v 0.468750 0.242188 0.757812
v 0.468750 0.242188 0.757812
v 0.437500 0.164062 0.765625
v 0.437500 0.164062 0.765625
v -0.437500 0.164062 0.765625
v -0.437500 0.164062 0.765625
v -0.468750 0.242188 0.757812
v -0.468750 0.242188 0.757812
v 0.625000 0.242188 0.562500
v 0.546875 0.054688 0.578125
v -0.546875 0.054688 0.578125
v -0.625000 0.242188 0.562500
v 0.351562 -0.023438 0.617188
v -0.351562 -0.023438 0.617188
v 0.351562 0.132812 0.781250
v 0.351562 0.132812 0.781250
v -0.351562 0.132812 0.781250
v -0.351562 0.132812 0.781250
v 0.273438 0.164062 0.796875
v 0.273438 0.164062 0.796875
v 0.273438 0.164062 0.796875
v 0.203125 0.093750 0.742188
v -0.203125 0.093750 0.742188
v -0.273438 0.164062 0.796875
v -0.273438 0.164062 0.796875
v -0.273438 0.164062 0.796875
v 0.156250 0.054688 0.648438
v -0.156250 0.054688 0.648438
v 0.078125 0.242188 0.656250
v -0.078125 0.242188 0.656250
v 0.242188 0.242188 0.796875
v 0.242188 0.242188 0.796875
v -0.242188 0.242188 0.796875
v -0.242188 0.242188 0.796875
v 0.273438 0.328125 0.796875
v 0.273438 0.328125 0.796875
v 0.273438 0.328125 0.796875
v 0.203125 0.390625 0.742188
v -0.203125 0.390625 0.742188
v -0.273438 0.328125 0.796875
v -0.273438 0.328125 0.796875
v -0.273438 0.328125 0.796875
v 0.156250 0.437500 0.648438
v -0.156250 0.437500 0.648438
v 0.351562 0.515625 0.617188
v -0.351562 0.515625 0.617188
v 0.351562 0.359375 0.781250
v 0.351562 0.359375 0.781250
v -0.351562 0.359375 0.781250
v -0.351562 0.359375 0.781250
v 0.437500 0.328125 0.765625
v 0.437500 0.328125 0.765625
v -0.437500 0.328125 0.765625
v -0.437500 0.328125 0.765625
v 0.546875 0.437500 0.578125
v -0.546875 0.437500 0.578125
v 0.476562 0.242188 0.773438
v 0.476562 0.242188 0.773438
v 0.445312 0.335938 0.781250
v 0.445312 0.335938 0.781250
v -0.476562 0.242188 0.773438
v -0.476562 0.242188 0.773438
v -0.445312 0.335938 0.781250
v -0.445312 0.335938 0.781250
v 0.351562 0.375000 0.804688
v 0.351562 0.375000 0.804688
v -0.351562 0.375000 0.804688
v -0.351562 0.375000 0.804688
v 0.265625 0.335938 0.820312
v 0.265625 0.335938 0.820312
v -0.265625 0.335938 0.820312
v -0.265625 0.335938 0.820312
v 0.226562 0.242188 0.820312
v 0.226562 0.242188 0.820312
v -0.226562 0.242188 0.820312
v -0.226562 0.242188 0.820312
v 0.265625 0.156250 0.820312
v 0.265625 0.156250 0.820312
v -0.265625 0.156250 0.820312
v -0.265625 0.156250 0.820312
v 0.351562 0.117188 0.804688
v 0.351562 0.117188 0.804688
v -0.351562 0.117188 0.804688
v -0.351562 0.117188 0.804688
v 0.445312 0.156250 0.781250
v 0.445312 0.156250 0.781250
v -0.445312 0.156250 0.781250
v -0.445312 0.156250 0.781250
v 0.000000 -0.984375 0.578125
v 0.179688 -0.968750 0.554688
v -0.179688 -0.968750 0.554688
v 0.328125 -0.945312 0.523438
v 0.328125 -0.945312 0.523438
v 0.328125 -0.945312 0.523438
v -0.328125 -0.945312 0.523438
v -0.328125 -0.945312 0.523438
v -0.328125 -0.945312 0.523438
v 0.367188 -0.890625 0.531250
v -0.367188 -0.890625 0.531250
v 0.351562 -0.695312 0.570312
v 0.250000 -0.703125 0.687500
v -0.250000 -0.703125 0.687500
v -0.351562 -0.695312 0.570312
v 0.312500 -0.437500 0.570312
v 0.210938 -0.445312 0.710938
v -0.210938 -0.445312 0.710938
v -0.312500 -0.437500 0.570312
v 0.125000 -0.101562 0.812500
v 0.125000 -0.101562 0.812500
v 0.125000 -0.101562 0.812500
v 0.125000 -0.101562 0.812500
v 0.203125 -0.187500 0.562500
v 0.203125 -0.187500 0.562500
v 0.437500 -0.140625 0.531250
v -0.125000 -0.101562 0.812500
v -0.125000 -0.101562 0.812500
v -0.125000 -0.101562 0.812500
v -0.125000 -0.101562 0.812500
v -0.437500 -0.140625 0.531250
v -0.203125 -0.187500 0.562500
v -0.203125 -0.187500 0.562500
v 0.632812 -0.039062 0.539062
v -0.632812 -0.039062 0.539062
v 0.828125 0.148438 0.445312
v 0.828125 0.148438 0.445312
v -0.828125 0.148438 0.445312
v -0.828125 0.148438 0.445312
v 0.859375 0.429688 0.593750
v 0.859375 0.429688 0.593750
v 0.859375 0.429688 0.593750
v 0.742188 0.375000 0.656250
v -0.742188 0.375000 0.656250
v -0.859375 0.429688 0.593750
v -0.859375 0.429688 0.593750
v -0.859375 0.429688 0.593750
v 0.710938 0.484375 0.625000
v 0.687500 0.414062 0.726562
v -0.687500 0.414062 0.726562
v -0.710938 0.484375 0.625000
v 0.492188 0.601562 0.687500
v 0.437500 0.546875 0.796875
v -0.437500 0.546875 0.796875
v -0.492188 0.601562 0.687500
v 0.320312 0.757812 0.734375
v 0.320312 0.757812 0.734375
v 0.320312 0.757812 0.734375
v 0.312500 0.640625 0.835938
v 0.312500 0.640625 0.835938
v -0.312500 0.640625 0.835938
v -0.312500 0.640625 0.835938
v -0.320312 0.757812 0.734375
v -0.320312 0.757812 0.734375
v -0.320312 0.757812 0.734375
v 0.156250 0.718750 0.757812
v 0.156250 0.718750 0.757812
v 0.156250 0.718750 0.757812
v 0.203125 0.617188 0.851562
v 0.203125 0.617188 0.851562
v -0.203125 0.617188 0.851562
v -0.203125 0.617188 0.851562
v -0.156250 0.718750 0.757812
v -0.156250 0.718750 0.757812
v -0.156250 0.718750 0.757812
v 0.062500 0.492188 0.750000
v 0.062500 0.492188 0.750000
v 0.101562 0.429688 0.843750
v -0.101562 0.429688 0.843750
v -0.062500 0.492188 0.750000
v -0.062500 0.492188 0.750000
v 0.000000 0.429688 0.742188
v 0.000000 0.429688 0.742188
v 0.000000 0.429688 0.742188
v 0.000000 0.351562 0.820312
v 0.000000 0.351562 0.820312
v 0.164062 0.414062 0.773438
v 0.250000 0.468750 0.757812
v -0.250000 0.468750 0.757812
v -0.164062 0.414062 0.773438
v 0.328125 0.476562 0.742188
v -0.328125 0.476562 0.742188
v 0.429688 0.437500 0.718750
v -0.429688 0.437500 0.718750
v 0.601562 0.375000 0.664062
v -0.601562 0.375000 0.664062
v 0.375000 0.015625 0.703125
v 0.203125 0.093750 0.742188
v 0.203125 0.093750 0.742188
v -0.203125 0.093750 0.742188
v -0.203125 0.093750 0.742188
v -0.375000 0.015625 0.703125
v 0.164062 0.140625 0.750000
v 0.000000 0.046875 0.726562
v 0.000000 0.046875 0.726562
v -0.164062 0.140625 0.750000
v 0.125000 0.304688 0.765625
v -0.125000 0.304688 0.765625
v 0.132812 0.210938 0.757812
v -0.132812 0.210938 0.757812
v 0.062500 -0.882812 0.695312
v 0.000000 -0.890625 0.687500
v -0.062500 -0.882812 0.695312
v 0.085938 -0.289062 0.742188
v 0.085938 -0.289062 0.742188
v 0.000000 -0.328125 0.742188
v 0.000000 -0.328125 0.742188
v -0.085938 -0.289062 0.742188
v -0.085938 -0.289062 0.742188
v 0.000000 -0.765625 0.734375
v 0.109375 -0.718750 0.734375
v -0.109375 -0.718750 0.734375
v 0.125000 -0.226562 0.750000
v 0.125000 -0.226562 0.750000
v 0.125000 -0.226562 0.750000
v 0.132812 -0.226562 0.796875
v 0.132812 -0.226562 0.796875
v 0.132812 -0.226562 0.796875
v 0.093750 -0.273438 0.781250
v 0.093750 -0.273438 0.781250
v -0.093750 -0.273438 0.781250
v -0.093750 -0.273438 0.781250
v -0.132812 -0.226562 0.796875
v -0.132812 -0.226562 0.796875
v -0.132812 -0.226562 0.796875
v -0.125000 -0.226562 0.750000
v -0.125000 -0.226562 0.750000
v -0.125000 -0.226562 0.750000
v 0.101562 -0.148438 0.742188
v 0.101562 -0.148438 0.742188
v 0.109375 -0.132812 0.781250
v 0.109375 -0.132812 0.781250
v 0.109375 -0.132812 0.781250
v -0.109375 -0.132812 0.781250
v -0.109375 -0.132812 0.781250
v -0.109375 -0.132812 0.781250
v -0.101562 -0.148438 0.742188
v -0.101562 -0.148438 0.742188
v 0.000000 -0.140625 0.742188
v 0.000000 -0.140625 0.742188
v 0.000000 -0.140625 0.742188
v 0.000000 -0.140625 0.742188
v 0.000000 -0.140625 0.742188
v 0.039062 -0.125000 0.781250
v 0.039062 -0.125000 0.781250
v -0.039062 -0.125000 0.781250
v -0.039062 -0.125000 0.781250
v 0.000000 -0.195312 0.750000
v 0.000000 -0.187500 0.796875
v 0.000000 -0.320312 0.781250
v 0.000000 -0.320312 0.781250
v 0.000000 -0.320312 0.781250
v 0.000000 -0.203125 0.828125
v 0.000000 -0.203125 0.828125
v 0.000000 -0.203125 0.828125
v 0.000000 -0.203125 0.828125
v 0.046875 -0.148438 0.812500
v 0.046875 -0.148438 0.812500
v -0.046875 -0.148438 0.812500
v -0.046875 -0.148438 0.812500
v 0.093750 -0.156250 0.812500
v 0.093750 -0.156250 0.812500
v -0.093750 -0.156250 0.812500
v -0.093750 -0.156250 0.812500
v 0.109375 -0.226562 0.828125
v 0.109375 -0.226562 0.828125
v 0.109375 -0.226562 0.828125
v -0.109375 -0.226562 0.828125
v -0.109375 -0.226562 0.828125
v -0.109375 -0.226562 0.828125
v 0.164062 -0.242188 0.710938
v 0.164062 -0.242188 0.710938
v -0.164062 -0.242188 0.710938
v -0.164062 -0.242188 0.710938
v 0.179688 -0.312500 0.710938
v -0.179688 -0.312500 0.710938
v 0.257812 -0.312500 0.554688
v -0.257812 -0.312500 0.554688
v 0.093750 -0.742188 0.726562
v 0.093750 -0.742188 0.726562
v 0.093750 -0.742188 0.726562
v 0.000000 -0.773438 0.718750
v 0.000000 -0.773438 0.718750
v -0.093750 -0.742188 0.726562
v -0.093750 -0.742188 0.726562
v -0.093750 -0.742188 0.726562
v 0.093750 -0.820312 0.710938
v 0.093750 -0.820312 0.710938
v -0.093750 -0.820312 0.710938
v -0.093750 -0.820312 0.710938
v 0.046875 -0.867188 0.687500
v 0.046875 -0.867188 0.687500
v -0.046875 -0.867188 0.687500
v -0.046875 -0.867188 0.687500
v 0.000000 -0.875000 0.687500
v 0.046875 -0.851562 0.632812
v 0.046875 -0.851562 0.632812
v 0.000000 -0.859375 0.632812
v -0.046875 -0.851562 0.632812
v -0.046875 -0.851562 0.632812
v 0.093750 -0.812500 0.640625
v 0.093750 -0.812500 0.640625
v -0.093750 -0.812500 0.640625
v -0.093750 -0.812500 0.640625
v 0.093750 -0.750000 0.664062
v 0.093750 -0.750000 0.664062
v -0.093750 -0.750000 0.664062
v -0.093750 -0.750000 0.664062
v 0.000000 -0.781250 0.656250
v 0.000000 -0.781250 0.656250
v 0.187500 0.156250 0.773438
v 0.171875 0.218750 0.781250
v -0.171875 0.218750 0.781250
v -0.187500 0.156250 0.773438
v 0.179688 0.296875 0.781250
v -0.179688 0.296875 0.781250
v 0.210938 0.375000 0.781250
v -0.210938 0.375000 0.781250
v 0.226562 0.109375 0.781250
v -0.226562 0.109375 0.781250
v 0.375000 0.062500 0.742188
v 0.375000 0.062500 0.742188
v -0.375000 0.062500 0.742188
v -0.375000 0.062500 0.742188
v 0.476562 0.101562 0.718750
v -0.476562 0.101562 0.718750
v 0.578125 0.195312 0.679688
v 0.578125 0.195312 0.679688
v -0.578125 0.195312 0.679688
v -0.578125 0.195312 0.679688
v 0.585938 0.289062 0.687500
v -0.585938 0.289062 0.687500
v 0.562500 0.351562 0.695312
v 0.562500 0.351562 0.695312
v -0.562500 0.351562 0.695312
v -0.562500 0.351562 0.695312
v 0.421875 0.398438 0.773438
v -0.421875 0.398438 0.773438
v 0.335938 0.429688 0.757812
v 0.335938 0.429688 0.757812
v -0.335938 0.429688 0.757812
v -0.335938 0.429688 0.757812
v 0.273438 0.421875 0.773438
v -0.273438 0.421875 0.773438
v 0.335938 0.406250 0.750000
v -0.335938 0.406250 0.750000
v 0.531250 0.335938 0.679688
v -0.531250 0.335938 0.679688
v 0.546875 0.210938 0.671875
v -0.546875 0.210938 0.671875
v 0.000000 0.406250 0.601562
v 0.000000 0.406250 0.601562
v 0.109375 0.460938 0.609375
v 0.109375 0.460938 0.609375
v 0.109375 0.460938 0.609375
v 0.109375 0.460938 0.609375
v -0.109375 0.460938 0.609375
v -0.109375 0.460938 0.609375
v -0.109375 0.460938 0.609375
v -0.109375 0.460938 0.609375
v 0.195312 0.664062 0.617188
v 0.195312 0.664062 0.617188
v -0.195312 0.664062 0.617188
v -0.195312 0.664062 0.617188
v 0.335938 0.687500 0.593750
v 0.335938 0.687500 0.593750
v -0.335938 0.687500 0.593750
v -0.335938 0.687500 0.593750
v 0.484375 0.554688 0.554688
v 0.484375 0.554688 0.554688
v -0.484375 0.554688 0.554688
v -0.484375 0.554688 0.554688
v 0.796875 0.406250 0.460938
v 0.796875 0.406250 0.460938
v -0.796875 0.406250 0.460938
v -0.796875 0.406250 0.460938
v 0.773438 0.164062 0.375000
v 0.773438 0.164062 0.375000
v 0.773438 0.164062 0.375000
v -0.773438 0.164062 0.375000
v -0.773438 0.164062 0.375000
v -0.773438 0.164062 0.375000
v 0.601562 0.000000 0.414062
v 0.601562 0.000000 0.414062
v -0.601562 0.000000 0.414062
v -0.601562 0.000000 0.414062
v 0.437500 -0.093750 0.468750
v 0.437500 -0.093750 0.468750
v -0.437500 -0.093750 0.468750
v -0.437500 -0.093750 0.468750
v 0.125000 -0.539062 0.359375
v 0.125000 -0.539062 0.359375
v 0.000000 -0.570312 0.320312
v 0.000000 -0.484375 0.281250
v 0.000000 -0.484375 0.281250
v 0.179688 -0.414062 0.257812
v 0.179688 -0.414062 0.257812
v 0.179688 -0.414062 0.257812
v -0.125000 -0.539062 0.359375
v -0.125000 -0.539062 0.359375
v -0.179688 -0.414062 0.257812
v -0.179688 -0.414062 0.257812
v -0.179688 -0.414062 0.257812
v 0.164062 -0.945312 0.437500
v 0.000000 -0.976562 0.460938
v -0.164062 -0.945312 0.437500
v 0.328125 -0.914062 0.398438
v 0.328125 -0.914062 0.398438
v -0.328125 -0.914062 0.398438
v -0.328125 -0.914062 0.398438
v 0.289062 -0.710938 0.382812
v -0.289062 -0.710938 0.382812
v 0.250000 -0.500000 0.390625
v -0.250000 -0.500000 0.390625
v 0.234375 -0.351562 0.406250
v -0.234375 -0.351562 0.406250
v 0.218750 -0.281250 0.429688
v 0.218750 -0.281250 0.429688
v 0.210938 -0.226562 0.468750
v 0.210938 -0.226562 0.468750
v -0.210938 -0.226562 0.468750
v -0.210938 -0.226562 0.468750
v -0.218750 -0.281250 0.429688
v -0.218750 -0.281250 0.429688
v 0.203125 -0.171875 0.500000
v 0.203125 -0.171875 0.500000
v -0.203125 -0.171875 0.500000
v -0.203125 -0.171875 0.500000
v 0.000000 -0.195312 -0.671875
v 0.000000 0.070312 -0.828125
v 0.000000 -0.382812 -0.351562
v 0.000000 -0.460938 0.187500
v 0.210938 -0.390625 0.164062
v 0.210938 -0.390625 0.164062
v -0.210938 -0.390625 0.164062
v -0.210938 -0.390625 0.164062
v 0.851562 0.234375 0.054688
v -0.851562 0.234375 0.054688
v 0.000000 0.562500 -0.851562
v 0.000000 0.562500 -0.851562
v 0.000000 0.562500 -0.851562
v 0.460938 0.437500 -0.703125
v -0.460938 0.437500 -0.703125
v 0.000000 0.898438 0.289062
v 0.453125 0.851562 0.234375
v 0.453125 0.851562 0.234375
v 0.453125 0.929688 -0.070312
v -0.453125 0.929688 -0.070312
v -0.453125 0.851562 0.234375
v -0.453125 0.851562 0.234375
v 0.453125 0.867188 -0.382812
v 0.453125 0.867188 -0.382812
v 0.000000 0.898438 -0.546875
v 0.000000 0.898438 -0.546875
v -0.453125 0.867188 -0.382812
v -0.453125 0.867188 -0.382812
v 0.726562 0.406250 0.335938
v 0.726562 0.406250 0.335938
v 0.632812 0.453125 0.281250
v 0.632812 0.453125 0.281250
v -0.632812 0.453125 0.281250
v -0.632812 0.453125 0.281250
v -0.726562 0.406250 0.335938
v -0.726562 0.406250 0.335938
v 0.640625 0.703125 0.054688
v 0.796875 0.562500 0.125000
v 0.796875 0.562500 0.125000
v -0.640625 0.703125 0.054688
v -0.796875 0.562500 0.125000
v -0.796875 0.562500 0.125000
v 0.796875 0.617188 -0.117188
v -0.796875 0.617188 -0.117188
v 0.796875 0.539062 -0.359375
v 0.796875 0.539062 -0.359375
v 0.640625 0.679688 -0.445312
v -0.640625 0.679688 -0.445312
v -0.796875 0.539062 -0.359375
v -0.796875 0.539062 -0.359375
v 0.773438 0.265625 -0.437500
v 0.773438 0.265625 -0.437500
v 0.773438 0.265625 -0.437500
v 0.617188 0.328125 -0.585938
v -0.617188 0.328125 -0.585938
v -0.773438 0.265625 -0.437500
v -0.773438 0.265625 -0.437500
v -0.773438 0.265625 -0.437500
v 0.460938 0.523438 0.429688
v 0.460938 0.523438 0.429688
v 0.460938 0.523438 0.429688
v -0.460938 0.523438 0.429688
v -0.460938 0.523438 0.429688
v -0.460938 0.523438 0.429688
v 0.000000 0.570312 0.570312
v 0.000000 0.570312 0.570312
v 0.000000 0.570312 0.570312
v 0.820312 0.328125 -0.203125
v 0.820312 0.328125 -0.203125
v -0.820312 0.328125 -0.203125
v -0.820312 0.328125 -0.203125
v 0.640625 -0.007812 -0.429688
v 0.640625 -0.007812 -0.429688
v 0.484375 0.023438 -0.546875
v -0.484375 0.023438 -0.546875
v -0.640625 -0.007812 -0.429688
v -0.640625 -0.007812 -0.429688
v 0.593750 -0.125000 -0.164062
v 0.593750 -0.125000 -0.164062
v -0.593750 -0.125000 -0.164062
v -0.593750 -0.125000 -0.164062
v 1.023438 0.476562 -0.312500
v 0.890625 0.406250 -0.234375
v 0.921875 0.359375 -0.218750
v 1.015625 0.414062 -0.289062
v -1.015625 0.414062 -0.289062
v -0.921875 0.359375 -0.218750
v -0.890625 0.406250 -0.234375
v -1.023438 0.476562 -0.312500
v 1.234375 0.507812 -0.421875
v 1.234375 0.507812 -0.421875
v 1.187500 0.437500 -0.390625
v 1.187500 0.437500 -0.390625
v -1.187500 0.437500 -0.390625
v -1.187500 0.437500 -0.390625
v -1.234375 0.507812 -0.421875
v -1.234375 0.507812 -0.421875
v 1.351562 0.320312 -0.421875
v 1.351562 0.320312 -0.421875
v 1.265625 0.289062 -0.406250
v 1.265625 0.289062 -0.406250
v -1.265625 0.289062 -0.406250
v -1.265625 0.289062 -0.406250
v -1.351562 0.320312 -0.421875
v -1.351562 0.320312 -0.421875
v 1.281250 0.054688 -0.429688
v 1.281250 0.054688 -0.429688
v 1.210938 0.078125 -0.406250
v 1.210938 0.078125 -0.406250
v -1.210938 0.078125 -0.406250
v -1.210938 0.078125 -0.406250
v -1.281250 0.054688 -0.429688
v -1.281250 0.054688 -0.429688
v 1.039062 -0.101562 -0.328125
v 1.031250 -0.039062 -0.304688
v 1.031250 -0.039062 -0.304688
v -1.031250 -0.039062 -0.304688
v -1.031250 -0.039062 -0.304688
v -1.039062 -0.101562 -0.328125
v 0.773438 -0.140625 -0.125000
v 0.773438 -0.140625 -0.125000
v 0.828125 -0.070312 -0.132812
v 0.828125 -0.070312 -0.132812
v 0.828125 -0.070312 -0.132812
v -0.773438 -0.140625 -0.125000
v -0.773438 -0.140625 -0.125000
v -0.828125 -0.070312 -0.132812
v -0.828125 -0.070312 -0.132812
v -0.828125 -0.070312 -0.132812
v 1.039062 0.000000 -0.367188
v 1.039062 0.000000 -0.367188
v 1.039062 0.000000 -0.367188
v 0.882812 -0.023438 -0.210938
v -0.882812 -0.023438 -0.210938
v -1.039062 0.000000 -0.367188
v -1.039062 0.000000 -0.367188
v -1.039062 0.000000 -0.367188
v 1.187500 0.093750 -0.445312
v 1.187500 0.093750 -0.445312
v 1.187500 0.093750 -0.445312
v -1.187500 0.093750 -0.445312
v -1.187500 0.093750 -0.445312
v -1.187500 0.093750 -0.445312
v 1.234375 0.250000 -0.445312
v 1.234375 0.250000 -0.445312
v 1.234375 0.250000 -0.445312
v -1.234375 0.250000 -0.445312
v -1.234375 0.250000 -0.445312
v -1.234375 0.250000 -0.445312
v 1.171875 0.359375 -0.437500
v 1.171875 0.359375 -0.437500
v -1.171875 0.359375 -0.437500
v -1.171875 0.359375 -0.437500
v 0.718750 -0.023438 -0.171875
v 0.718750 -0.023438 -0.171875
v 0.718750 -0.023438 -0.171875
v 0.718750 -0.023438 -0.171875
v -0.718750 -0.023438 -0.171875
v -0.718750 -0.023438 -0.171875
v -0.718750 -0.023438 -0.171875
v -0.718750 -0.023438 -0.171875
v 0.843750 0.289062 -0.210938
v 0.843750 0.289062 -0.210938
v -0.843750 0.289062 -0.210938
v -0.843750 0.289062 -0.210938
v 0.812500 -0.015625 -0.273438
v 0.812500 -0.015625 -0.273438
v -0.812500 -0.015625 -0.273438
v -0.812500 -0.015625 -0.273438
v 0.843750 0.015625 -0.273438
v 0.843750 0.015625 -0.273438
v 0.843750 0.015625 -0.273438
v 0.718750 0.039062 -0.187500
v 0.718750 0.039062 -0.187500
v -0.718750 0.039062 -0.187500
v -0.718750 0.039062 -0.187500
v -0.843750 0.015625 -0.273438
v -0.843750 0.015625 -0.273438
v -0.843750 0.015625 -0.273438
v 0.820312 0.085938 -0.273438
v 0.820312 0.085938 -0.273438
v 0.757812 0.093750 -0.273438
v 0.757812 0.093750 -0.273438
v -0.820312 0.085938 -0.273438
v -0.820312 0.085938 -0.273438
v -0.757812 0.093750 -0.273438
v -0.757812 0.093750 -0.273438
v 0.890625 0.242188 -0.265625
v -0.890625 0.242188 -0.265625
v 0.890625 0.234375 -0.320312
v 0.953125 0.289062 -0.343750
v -0.953125 0.289062 -0.343750
v -0.890625 0.234375 -0.320312
v 0.843750 0.171875 -0.320312
v -0.843750 0.171875 -0.320312
v 0.765625 0.093750 -0.320312
v 0.765625 0.093750 -0.320312
v -0.765625 0.093750 -0.320312
v -0.765625 0.093750 -0.320312
v 0.828125 0.078125 -0.320312
v 0.828125 0.078125 -0.320312
v -0.828125 0.078125 -0.320312
v -0.828125 0.078125 -0.320312
v 0.851562 0.015625 -0.320312
v 0.851562 0.015625 -0.320312
v 0.851562 0.015625 -0.320312
v -0.851562 0.015625 -0.320312
v -0.851562 0.015625 -0.320312
v -0.851562 0.015625 -0.320312
v 0.812500 -0.015625 -0.320312
v 0.812500 -0.015625 -0.320312
v -0.812500 -0.015625 -0.320312
v -0.812500 -0.015625 -0.320312
v 0.882812 -0.015625 -0.265625
v 0.882812 -0.015625 -0.265625
v -0.882812 -0.015625 -0.265625
v -0.882812 -0.015625 -0.265625
v 1.039062 0.328125 -0.414062
v -1.039062 0.328125 -0.414062
v 1.187500 0.343750 -0.484375
v 1.187500 0.343750 -0.484375
v -1.187500 0.343750 -0.484375
v -1.187500 0.343750 -0.484375
v 1.257812 0.242188 -0.492188
v 1.257812 0.242188 -0.492188
v -1.257812 0.242188 -0.492188
v -1.257812 0.242188 -0.492188
v 1.210938 0.085938 -0.484375
v 1.210938 0.085938 -0.484375
v -1.210938 0.085938 -0.484375
v -1.210938 0.085938 -0.484375
v 1.046875 0.000000 -0.421875
v 1.046875 0.000000 -0.421875
v -1.046875 0.000000 -0.421875
v -1.046875 0.000000 -0.421875
v 0.937500 0.062500 -0.335938
v -0.937500 0.062500 -0.335938
v 0.789062 -0.125000 -0.328125
v 0.789062 -0.125000 -0.328125
v 1.039062 -0.085938 -0.492188
v -1.039062 -0.085938 -0.492188
v -0.789062 -0.125000 -0.328125
v -0.789062 -0.125000 -0.328125
v 1.312500 0.054688 -0.531250
v 1.312500 0.054688 -0.531250
v 1.312500 0.054688 -0.531250
v -1.312500 0.054688 -0.531250
v -1.312500 0.054688 -0.531250
v -1.312500 0.054688 -0.531250
v 1.367188 0.296875 -0.500000
v 1.367188 0.296875 -0.500000
v -1.367188 0.296875 -0.500000
v -1.367188 0.296875 -0.500000
v 1.250000 0.468750 -0.546875
v 1.250000 0.468750 -0.546875
v 1.250000 0.468750 -0.546875
v -1.250000 0.468750 -0.546875
v -1.250000 0.468750 -0.546875
v -1.250000 0.468750 -0.546875
v 1.023438 0.437500 -0.484375
v -1.023438 0.437500 -0.484375
v 0.859375 0.382812 -0.382812
v 0.859375 0.382812 -0.382812
v -0.859375 0.382812 -0.382812
v -0.859375 0.382812 -0.382812
vt 0.890955 0.590063
vt 0.870622 0.589649
vt 0.860081 0.560115
vt 0.904571 0.559404
vt 0.856226 0.850547
vt 0.868067 0.821510
vt 0.888398 0.821999
vt 0.900640 0.853232
vt 0.853018 0.521562
vt 0.920166 0.524546
vt 0.847458 0.888748
vt 0.914672 0.888748
vt 0.828900 0.590771
vt 0.798481 0.569535
vt 0.853018 0.521562
vt 0.795104 0.838402
vt 0.826436 0.818537
vt 0.847458 0.888748
vt 0.854402 0.604754
vt 0.852534 0.805700
vt 0.854107 0.625459
vt 0.828171 0.633354
vt 0.827598 0.775964
vt 0.853157 0.785002
vt 0.791018 0.645443
vt 0.798481 0.569535
vt 0.791018 0.762238
vt 0.795104 0.838402
vt 0.828171 0.633354
vt 0.855181 0.668527
vt 0.842358 0.702491
vt 0.791018 0.645443
vt 0.844839 0.707525
vt 0.856142 0.742025
vt 0.827598 0.775964
vt 0.791018 0.762238
vt 0.854107 0.625459
vt 0.867508 0.642291
vt 0.867293 0.768782
vt 0.853157 0.785002
vt 0.890474 0.641909
vt 0.900375 0.666964
vt 0.901223 0.745592
vt 0.890219 0.770183
vt 0.918898 0.699697
vt 0.842358 0.702491
vt 0.921180 0.713713
vt 0.844839 0.707525
vt 0.900375 0.666964
vt 0.931889 0.636832
vt 0.968392 0.645333
vt 0.918898 0.699697
vt 0.968213 0.770220
vt 0.931368 0.777093
vt 0.901223 0.745592
vt 0.921180 0.713713
vt 0.890474 0.641909
vt 0.905882 0.627902
vt 0.904990 0.784860
vt 0.890219 0.770183
vt 0.906232 0.605742
vt 0.933717 0.593037
vt 0.931250 0.820926
vt 0.904357 0.807013
vt 0.968392 0.573812
vt 0.968392 0.645333
vt 0.965038 0.841671
vt 0.968213 0.770220
vt 0.920166 0.524546
vt 0.968392 0.573812
vt 0.914672 0.888748
vt 0.965038 0.841671
vt 0.890955 0.590063
vt 0.906232 0.605742
vt 0.902359 0.607909
vt 0.889591 0.593275
vt 0.900583 0.804677
vt 0.904357 0.807013
vt 0.888398 0.821999
vt 0.887178 0.818729
vt 0.906232 0.605742
vt 0.905882 0.627902
vt 0.899781 0.626257
vt 0.902359 0.607909
vt 0.898822 0.786233
vt 0.904990 0.784860
vt 0.904357 0.807013
vt 0.900583 0.804677
vt 0.905882 0.627902
vt 0.890474 0.641909
vt 0.887842 0.636527
vt 0.899781 0.626257
vt 0.887351 0.775442
vt 0.890219 0.770183
vt 0.904990 0.784860
vt 0.898822 0.786233
vt 0.890474 0.641909
vt 0.867508 0.642291
vt 0.870908 0.635245
vt 0.887842 0.636527
vt 0.870376 0.775972
vt 0.867293 0.768782
vt 0.890219 0.770183
vt 0.887351 0.775442
vt 0.867508 0.642291
vt 0.854107 0.625459
vt 0.859881 0.623942
vt 0.870908 0.635245
vt 0.858859 0.786774
vt 0.853157 0.785002
vt 0.867293 0.768782
vt 0.870376 0.775972
vt 0.854107 0.625459
vt 0.854402 0.604754
vt 0.859664 0.608186
vt 0.859881 0.623942
vt 0.857942 0.802505
vt 0.852534 0.805700
vt 0.853157 0.785002
vt 0.858859 0.786774
vt 0.854402 0.604754
vt 0.870622 0.589649
vt 0.871664 0.593961
vt 0.859664 0.608186
vt 0.869299 0.817249
vt 0.868067 0.821510
vt 0.852534 0.805700
vt 0.857942 0.802505
vt 0.870622 0.589649
vt 0.890955 0.590063
vt 0.889591 0.593275
vt 0.871664 0.593961
vt 0.887178 0.818729
vt 0.888398 0.821999
vt 0.868067 0.821510
vt 0.869299 0.817249
vt 0.879400 0.616512
vt 0.871664 0.593961
vt 0.889591 0.593275
vt 0.887178 0.818729
vt 0.869299 0.817249
vt 0.878029 0.795063
vt 0.859664 0.608186
vt 0.857942 0.802505
vt 0.859881 0.623942
vt 0.858859 0.786774
vt 0.516297 0.074966
vt 0.518928 0.074259
vt 0.521560 0.074970
vt 0.524601 0.079886
vt 0.518926 0.079331
vt 0.513252 0.079879
vt 0.887842 0.636527
vt 0.870908 0.635245
vt 0.899781 0.626257
vt 0.887351 0.775442
vt 0.898822 0.786233
vt 0.902359 0.607909
vt 0.900583 0.804677
vt 0.540260 0.053805
vt 0.536419 0.062072
vt 0.518925 0.059681
vt 0.518916 0.050294
vt 0.501452 0.062043
vt 0.497626 0.053770
vt 0.551930 0.058338
vt 0.542788 0.064089
vt 0.495083 0.064047
vt 0.485955 0.058273
vt 0.555073 0.061900
vt 0.546290 0.072669
vt 0.551930 0.058338
vt 0.491565 0.072625
vt 0.482805 0.061829
vt 0.485955 0.058273
vt 0.563812 0.076586
vt 0.548333 0.084893
vt 0.489507 0.084858
vt 0.474014 0.076511
vt 0.583135 0.108495
vt 0.555621 0.121749
vt 0.482177 0.121781
vt 0.454527 0.108481
vt 0.605512 0.165134
vt 0.647395 0.200502
vt 0.621513 0.227818
vt 0.553118 0.209599
vt 0.416514 0.229490
vt 0.389677 0.201890
vt 0.432024 0.165644
vt 0.485339 0.210053
vt 0.676379 0.233241
vt 0.664761 0.253225
vt 0.372747 0.256357
vt 0.360308 0.235899
vt 0.715342 0.265392
vt 0.683908 0.279995
vt 0.353696 0.284606
vt 0.320452 0.270303
vt 0.707254 0.310054
vt 0.687515 0.311539
vt 0.351187 0.317440
vt 0.330721 0.316853
vt 0.707254 0.310054
vt 0.697446 0.332673
vt 0.676824 0.323937
vt 0.687515 0.311539
vt 0.362723 0.329722
vt 0.341964 0.339667
vt 0.330721 0.316853
vt 0.351187 0.317440
vt 0.662817 0.372521
vt 0.639050 0.357330
vt 0.402772 0.362131
vt 0.379297 0.378686
vt 0.626842 0.395792
vt 0.618316 0.375151
vt 0.424583 0.379267
vt 0.416915 0.400552
vt 0.626842 0.395792
vt 0.604826 0.397804
vt 0.600808 0.377857
vt 0.618316 0.375151
vt 0.442396 0.381222
vt 0.439252 0.401540
vt 0.416915 0.400552
vt 0.424583 0.379267
vt 0.604826 0.397804
vt 0.553095 0.390512
vt 0.559674 0.357011
vt 0.600808 0.377857
vt 0.482938 0.358497
vt 0.490934 0.391862
vt 0.439252 0.401540
vt 0.442396 0.381222
vt 0.521923 0.386009
vt 0.521086 0.343868
vt 0.521086 0.343868
vt 0.521923 0.386009
vt 0.577279 0.340156
vt 0.599845 0.344815
vt 0.600808 0.377857
vt 0.559674 0.357011
vt 0.442396 0.381222
vt 0.441977 0.347815
vt 0.464579 0.342230
vt 0.482938 0.358497
vt 0.615546 0.342005
vt 0.618316 0.375151
vt 0.424583 0.379267
vt 0.425972 0.345582
vt 0.634472 0.332311
vt 0.639050 0.357330
vt 0.402772 0.362131
vt 0.406362 0.336480
vt 0.662406 0.312804
vt 0.676824 0.323937
vt 0.362723 0.329722
vt 0.377061 0.317685
vt 0.668440 0.297958
vt 0.370304 0.302644
vt 0.664101 0.277872
vt 0.374100 0.281778
vt 0.639236 0.253047
vt 0.398938 0.255633
vt 0.613992 0.242662
vt 0.424464 0.244473
vt 0.572941 0.258564
vt 0.553118 0.209599
vt 0.485339 0.210053
vt 0.466409 0.259709
vt 0.572941 0.258564
vt 0.563905 0.272007
vt 0.519760 0.248864
vt 0.553118 0.209599
vt 0.475886 0.273078
vt 0.466409 0.259709
vt 0.485339 0.210053
vt 0.521086 0.343868
vt 0.558527 0.316594
vt 0.482619 0.317843
vt 0.520277 0.294764
vt 0.556923 0.291214
vt 0.483433 0.292249
vt 0.518981 0.151749
vt 0.499851 0.158434
vt 0.505828 0.127728
vt 0.532042 0.127713
vt 0.538112 0.158382
vt 0.525483 0.068967
vt 0.518928 0.067899
vt 0.512375 0.068956
vt 0.531231 0.073829
vt 0.506626 0.073811
vt 0.531019 0.087431
vt 0.506827 0.087416
vt 0.478371 0.149447
vt 0.482177 0.121781
vt 0.489507 0.084858
vt 0.505177 0.090908
vt 0.288183 0.346496
vt 0.268122 0.398737
vt 0.239776 0.382592
vt 0.242992 0.325552
vt 0.267408 0.310142
vt 0.301067 0.320593
vt 0.548333 0.084893
vt 0.532669 0.090920
vt 0.354026 0.840297
vt 0.315867 0.868209
vt 0.297562 0.837358
vt 0.324790 0.815460
vt 0.338952 0.783073
vt 0.372270 0.794472
vt 0.548362 0.173560
vt 0.537959 0.175966
vt 0.535214 0.166808
vt 0.538112 0.158382
vt 0.502799 0.166857
vt 0.500100 0.176033
vt 0.489683 0.173693
vt 0.499851 0.158434
vt 0.544281 0.193366
vt 0.537248 0.187577
vt 0.537959 0.175966
vt 0.548362 0.173560
vt 0.500100 0.176033
vt 0.500890 0.187571
vt 0.493996 0.193428
vt 0.489683 0.173693
vt 0.519841 0.200843
vt 0.528757 0.191785
vt 0.537248 0.187577
vt 0.544281 0.193366
vt 0.500890 0.187571
vt 0.509219 0.191626
vt 0.519841 0.200843
vt 0.493996 0.193428
vt 0.517577 0.190607
vt 0.519132 0.185382
vt 0.528757 0.191785
vt 0.519841 0.200843
vt 0.509219 0.191626
vt 0.519132 0.185382
vt 0.517577 0.190607
vt 0.519841 0.200843
vt 0.518981 0.151749
vt 0.538112 0.158382
vt 0.535214 0.166808
vt 0.518998 0.159028
vt 0.502799 0.166857
vt 0.499851 0.158434
vt 0.518981 0.151749
vt 0.518998 0.159028
vt 0.518998 0.159028
vt 0.535214 0.166808
vt 0.531131 0.171631
vt 0.519016 0.165599
vt 0.506910 0.171667
vt 0.502799 0.166857
vt 0.518998 0.159028
vt 0.519099 0.179457
vt 0.528222 0.186316
vt 0.509787 0.186260
vt 0.519099 0.179457
vt 0.528757 0.191785
vt 0.528222 0.186316
vt 0.533528 0.184215
vt 0.537248 0.187577
vt 0.504547 0.184206
vt 0.509787 0.186260
vt 0.509219 0.191626
vt 0.500890 0.187571
vt 0.537248 0.187577
vt 0.533528 0.184215
vt 0.533449 0.176739
vt 0.537959 0.175966
vt 0.504604 0.176791
vt 0.504547 0.184206
vt 0.500890 0.187571
vt 0.500100 0.176033
vt 0.537959 0.175966
vt 0.533449 0.176739
vt 0.504604 0.176791
vt 0.500100 0.176033
vt 0.519099 0.179457
vt 0.533449 0.176739
vt 0.533528 0.184215
vt 0.528222 0.186316
vt 0.504547 0.184206
vt 0.504604 0.176791
vt 0.519099 0.179457
vt 0.509787 0.186260
vt 0.252972 0.783410
vt 0.237920 0.787045
vt 0.204331 0.782156
vt 0.217774 0.759319
vt 0.249419 0.738732
vt 0.268291 0.766661
vt 0.519841 0.200843
vt 0.544281 0.193366
vt 0.553118 0.209599
vt 0.519760 0.248864
vt 0.485339 0.210053
vt 0.493996 0.193428
vt 0.519841 0.200843
vt 0.519760 0.248864
vt 0.548362 0.173560
vt 0.561572 0.167779
vt 0.476363 0.167996
vt 0.489683 0.173693
vt 0.548362 0.173560
vt 0.559475 0.149319
vt 0.561572 0.167779
vt 0.489683 0.173693
vt 0.476363 0.167996
vt 0.596138 0.133426
vt 0.559475 0.149319
vt 0.478371 0.149447
vt 0.441395 0.133592
vt 0.601169 0.147885
vt 0.561572 0.167779
vt 0.476363 0.167996
vt 0.436337 0.148194
vt 0.605512 0.165134
vt 0.553118 0.209599
vt 0.485339 0.210053
vt 0.432024 0.165644
vt 0.531019 0.087431
vt 0.518927 0.085180
vt 0.518925 0.083865
vt 0.528933 0.084957
vt 0.506827 0.087416
vt 0.508915 0.084945
vt 0.528933 0.084957
vt 0.529036 0.075429
vt 0.508915 0.084945
vt 0.508820 0.075415
vt 0.525483 0.068967
vt 0.523751 0.070508
vt 0.512375 0.068956
vt 0.514106 0.070501
vt 0.518928 0.067899
vt 0.518929 0.069468
vt 0.518929 0.069468
vt 0.523751 0.070508
vt 0.521560 0.074970
vt 0.518928 0.074259
vt 0.516297 0.074966
vt 0.514106 0.070501
vt 0.523751 0.070508
vt 0.529036 0.075429
vt 0.524236 0.076691
vt 0.521560 0.074970
vt 0.513619 0.076684
vt 0.508820 0.075415
vt 0.514106 0.070501
vt 0.516297 0.074966
vt 0.529036 0.075429
vt 0.528933 0.084957
vt 0.524601 0.079886
vt 0.524236 0.076691
vt 0.513252 0.079879
vt 0.508915 0.084945
vt 0.508820 0.075415
vt 0.513619 0.076684
vt 0.528933 0.084957
vt 0.518925 0.083865
vt 0.518926 0.079331
vt 0.524601 0.079886
vt 0.518926 0.079331
vt 0.518925 0.083865
vt 0.508915 0.084945
vt 0.513252 0.079879
vt 0.376796 0.075296
vt 0.349875 0.075955
vt 0.246353 0.076510
vt 0.232648 0.003484
vt 0.365979 0.020991
vt 0.388827 0.021586
vt 0.524236 0.076691
vt 0.513619 0.076684
vt 0.556923 0.291214
vt 0.563905 0.272007
vt 0.571787 0.277295
vt 0.568351 0.292904
vt 0.468070 0.278617
vt 0.475886 0.273078
vt 0.483433 0.292249
vt 0.471978 0.294282
vt 0.558527 0.316594
vt 0.573085 0.311386
vt 0.482619 0.317843
vt 0.467790 0.313081
vt 0.577279 0.340156
vt 0.584855 0.327708
vt 0.464579 0.342230
vt 0.456477 0.329961
vt 0.572941 0.258564
vt 0.580734 0.266620
vt 0.458737 0.268049
vt 0.466409 0.259709
vt 0.613992 0.242662
vt 0.611720 0.255725
vt 0.427062 0.257728
vt 0.424464 0.244473
vt 0.632494 0.262853
vt 0.611720 0.255725
vt 0.406068 0.265508
vt 0.427062 0.257728
vt 0.653658 0.279971
vt 0.384904 0.283634
vt 0.656064 0.297636
vt 0.383015 0.301864
vt 0.662406 0.312804
vt 0.652752 0.310186
vt 0.386858 0.314615
vt 0.377061 0.317685
vt 0.634472 0.332311
vt 0.629040 0.323864
vt 0.411556 0.327673
vt 0.406362 0.336480
vt 0.615546 0.342005
vt 0.614408 0.331972
vt 0.426727 0.335361
vt 0.425972 0.345582
vt 0.599845 0.344815
vt 0.601033 0.333624
vt 0.440344 0.336537
vt 0.441977 0.347815
vt 0.601033 0.333624
vt 0.584855 0.327708
vt 0.590644 0.321516
vt 0.601799 0.328453
vt 0.450408 0.323919
vt 0.456477 0.329961
vt 0.440344 0.336537
vt 0.439372 0.331331
vt 0.614408 0.331972
vt 0.613335 0.327083
vt 0.426727 0.335361
vt 0.427623 0.330358
vt 0.629040 0.323864
vt 0.614408 0.331972
vt 0.613335 0.327083
vt 0.626851 0.320513
vt 0.427623 0.330358
vt 0.426727 0.335361
vt 0.411556 0.327673
vt 0.413648 0.324175
vt 0.652752 0.310186
vt 0.646248 0.306421
vt 0.386858 0.314615
vt 0.393381 0.310510
vt 0.656064 0.297636
vt 0.652752 0.310186
vt 0.646248 0.306421
vt 0.649541 0.296225
vt 0.393381 0.310510
vt 0.386858 0.314615
vt 0.383015 0.301864
vt 0.389662 0.300183
vt 0.653658 0.279971
vt 0.647785 0.283486
vt 0.384904 0.283634
vt 0.391040 0.287071
vt 0.632494 0.262853
vt 0.653658 0.279971
vt 0.647785 0.283486
vt 0.629829 0.267263
vt 0.391040 0.287071
vt 0.384904 0.283634
vt 0.406068 0.265508
vt 0.408893 0.269959
vt 0.611720 0.255725
vt 0.612641 0.261560
vt 0.427062 0.257728
vt 0.426254 0.263693
vt 0.580734 0.266620
vt 0.585166 0.270991
vt 0.458737 0.268049
vt 0.454369 0.272583
vt 0.571787 0.277295
vt 0.578124 0.281900
vt 0.468070 0.278617
vt 0.461798 0.283441
vt 0.573085 0.311386
vt 0.579548 0.309340
vt 0.461204 0.311233
vt 0.467790 0.313081
vt 0.568351 0.292904
vt 0.577524 0.293776
vt 0.462754 0.295432
vt 0.471978 0.294282
vt 0.521923 0.386009
vt 0.553095 0.390512
vt 0.553209 0.433063
vt 0.523031 0.433628
vt 0.492809 0.434538
vt 0.490934 0.391862
vt 0.521923 0.386009
vt 0.523031 0.433628
vt 0.553095 0.390512
vt 0.604826 0.397804
vt 0.609819 0.431516
vt 0.553209 0.433063
vt 0.435860 0.435740
vt 0.439252 0.401540
vt 0.490934 0.391862
vt 0.492809 0.434538
vt 0.604826 0.397804
vt 0.626842 0.395792
vt 0.648174 0.419316
vt 0.609819 0.431516
vt 0.396518 0.425416
vt 0.416915 0.400552
vt 0.439252 0.401540
vt 0.435860 0.435740
vt 0.626842 0.395792
vt 0.662817 0.372521
vt 0.692106 0.388274
vt 0.648174 0.419316
vt 0.350292 0.396229
vt 0.379297 0.378686
vt 0.416915 0.400552
vt 0.396518 0.425416
vt 0.697446 0.332673
vt 0.726332 0.341754
vt 0.312756 0.350588
vt 0.341964 0.339667
vt 0.707254 0.310054
vt 0.735879 0.312112
vt 0.330721 0.316853
vt 0.707254 0.310054
vt 0.715342 0.265392
vt 0.729900 0.256393
vt 0.735879 0.312112
vt 0.304876 0.261087
vt 0.320452 0.270303
vt 0.330721 0.316853
vt 0.301067 0.320593
vt 0.715342 0.265392
vt 0.676379 0.233241
vt 0.698172 0.216906
vt 0.729900 0.256393
vt 0.337414 0.219179
vt 0.360308 0.235899
vt 0.320452 0.270303
vt 0.304876 0.261087
vt 0.647395 0.200502
vt 0.663103 0.190671
vt 0.373474 0.191872
vt 0.389677 0.201890
vt 0.626908 0.015608
vt 0.649444 0.022378
vt 0.660451 0.076084
vt 0.621440 0.048089
vt 0.376796 0.075296
vt 0.388827 0.021586
vt 0.411318 0.015131
vt 0.416419 0.047631
vt 0.567460 0.000144
vt 0.626908 0.015608
vt 0.621440 0.048089
vt 0.577206 0.032801
vt 0.416419 0.047631
vt 0.411318 0.015131
vt 0.470636 0.000144
vt 0.460782 0.032656
vt 0.518922 0.024886
vt 0.547413 0.041724
vt 0.490511 0.041669
vt 0.540260 0.053805
vt 0.518916 0.050294
vt 0.518922 0.024886
vt 0.547413 0.041724
vt 0.497626 0.053770
vt 0.490511 0.041669
vt 0.551930 0.058338
vt 0.558059 0.053871
vt 0.485955 0.058273
vt 0.479842 0.053785
vt 0.555073 0.061900
vt 0.551930 0.058338
vt 0.558059 0.053871
vt 0.576951 0.057998
vt 0.479842 0.053785
vt 0.485955 0.058273
vt 0.482805 0.061829
vt 0.460920 0.057845
vt 0.474014 0.076511
vt 0.454527 0.108481
vt 0.410618 0.111244
vt 0.425932 0.077985
vt 0.870376 0.775972
vt 0.576951 0.057998
vt 0.611687 0.078268
vt 0.460920 0.057845
vt 0.425932 0.077985
vt 0.558059 0.053871
vt 0.479842 0.053785
vt 0.626663 0.111357
vt 0.611687 0.078268
vt 0.621440 0.048089
vt 0.660451 0.076084
vt 0.416419 0.047631
vt 0.376796 0.075296
vt 0.583135 0.108495
vt 0.563812 0.076586
vt 0.629482 0.130456
vt 0.623495 0.146796
vt 0.596138 0.133426
vt 0.619303 0.159841
vt 0.413741 0.147158
vt 0.418035 0.160361
vt 0.605512 0.165134
vt 0.619303 0.159841
vt 0.418035 0.160361
vt 0.432024 0.165644
vt 0.945900 0.079569
vt 0.886245 0.121777
vt 0.849114 0.099732
vt 0.891780 0.036916
vt 0.183115 0.092127
vt 0.141314 0.112482
vt 0.078961 0.060719
vt 0.142277 0.021467
vt 0.788458 0.080826
vt 0.805584 0.010786
vt 0.518927 0.085180
vt 0.687018 0.077204
vt 0.660451 0.076084
vt 0.649444 0.022378
vt 0.672384 0.022201
vt 0.626663 0.111357
vt 0.660451 0.076084
vt 0.687018 0.077204
vt 0.629482 0.130456
vt 0.349875 0.075955
vt 0.376796 0.075296
vt 0.410618 0.111244
vt 0.407648 0.130594
vt 0.729900 0.256393
vt 0.698172 0.216906
vt 0.760215 0.193244
vt 0.789046 0.233323
vt 0.271553 0.193871
vt 0.337414 0.219179
vt 0.304876 0.261087
vt 0.241255 0.236977
vt 0.994525 0.167705
vt 0.909112 0.183261
vt 0.107928 0.179083
vt 0.011829 0.155367
vt 0.911671 0.402429
vt 0.862868 0.338556
vt 0.894128 0.301884
vt 0.962901 0.344752
vt 0.123776 0.315519
vt 0.160557 0.356821
vt 0.106400 0.432652
vt 0.043968 0.367038
vt 0.915360 0.259804
vt 0.999856 0.254640
vt 0.098965 0.266968
vt 0.000144 0.259113
vt 0.999856 0.254640
vt 0.915360 0.259804
vt 0.909112 0.183261
vt 0.994525 0.167705
vt 0.107928 0.179083
vt 0.098965 0.266968
vt 0.000144 0.259113
vt 0.011829 0.155367
vt 0.145224 0.182749
vt 0.171653 0.132294
vt 0.196622 0.155241
vt 0.176788 0.196179
vt 0.770185 0.379538
vt 0.749542 0.334683
vt 0.766337 0.300809
vt 0.789162 0.313727
vt 0.794286 0.364062
vt 0.789162 0.313727
vt 0.766337 0.300809
vt 0.815314 0.276388
vt 0.846174 0.293397
vt 0.213065 0.285164
vt 0.267408 0.310142
vt 0.242992 0.325552
vt 0.178537 0.304983
vt 0.846174 0.293397
vt 0.815314 0.276388
vt 0.845007 0.256352
vt 0.873517 0.265922
vt 0.179662 0.263312
vt 0.213065 0.285164
vt 0.178537 0.304983
vt 0.147089 0.274284
vt 0.859075 0.228168
vt 0.886999 0.233769
vt 0.162803 0.231720
vt 0.131514 0.237587
vt 0.842355 0.195160
vt 0.875030 0.184705
vt 0.886999 0.233769
vt 0.859075 0.228168
vt 0.131514 0.237587
vt 0.145224 0.182749
vt 0.176788 0.196179
vt 0.162803 0.231720
vt 0.915360 0.259804
vt 0.894128 0.301884
vt 0.123776 0.315519
vt 0.098965 0.266968
vt 0.862868 0.338556
vt 0.160557 0.356821
vt 0.794286 0.364062
vt 0.789162 0.313727
vt 0.242992 0.325552
vt 0.239776 0.382592
vt 0.845499 0.449967
vt 0.794286 0.364062
vt 0.862868 0.338556
vt 0.911671 0.402429
vt 0.160557 0.356821
vt 0.239776 0.382592
vt 0.185281 0.484099
vt 0.106400 0.432652
vt 0.815858 0.445381
vt 0.770572 0.444261
vt 0.755700 0.418603
vt 0.770185 0.379538
vt 0.287033 0.442912
vt 0.271364 0.473316
vt 0.219260 0.477186
vt 0.268122 0.398737
vt 0.815858 0.445381
vt 0.770185 0.379538
vt 0.794286 0.364062
vt 0.845499 0.449967
vt 0.239776 0.382592
vt 0.268122 0.398737
vt 0.219260 0.477186
vt 0.185281 0.484099
vt 0.819845 0.468071
vt 0.815858 0.445381
vt 0.845499 0.449967
vt 0.185281 0.484099
vt 0.219260 0.477186
vt 0.215894 0.503605
vt 0.735879 0.312112
vt 0.729900 0.256393
vt 0.789046 0.233323
vt 0.766337 0.300809
vt 0.241255 0.236977
vt 0.304876 0.261087
vt 0.301067 0.320593
vt 0.267408 0.310142
vt 0.809631 0.233887
vt 0.815314 0.276388
vt 0.213065 0.285164
vt 0.219168 0.237388
vt 0.829287 0.219562
vt 0.845007 0.256352
vt 0.179662 0.263312
vt 0.199067 0.222464
vt 0.842355 0.195160
vt 0.859075 0.228168
vt 0.162803 0.231720
vt 0.176788 0.196179
vt 0.687018 0.077204
vt 0.786480 0.117591
vt 0.715482 0.139727
vt 0.246666 0.114850
vt 0.349875 0.075955
vt 0.319538 0.139409
vt 0.785486 0.152330
vt 0.245969 0.151002
vt 0.698172 0.216906
vt 0.663103 0.190671
vt 0.373474 0.191872
vt 0.337414 0.219179
vt 0.623495 0.146796
vt 0.629482 0.130456
vt 0.407648 0.130594
vt 0.413741 0.147158
vt 0.663103 0.190671
vt 0.619303 0.159841
vt 0.623495 0.146796
vt 0.413741 0.147158
vt 0.418035 0.160361
vt 0.373474 0.191872
vt 0.875030 0.184705
vt 0.842355 0.195160
vt 0.837382 0.156361
vt 0.858171 0.137775
vt 0.858171 0.137775
vt 0.837382 0.156361
vt 0.171653 0.132294
vt 0.196622 0.155241
vt 0.506166 0.904851
vt 0.432388 0.894943
vt 0.438797 0.870229
vt 0.491058 0.881714
vt 0.315867 0.868209
vt 0.321637 0.893225
vt 0.247207 0.901159
vt 0.263032 0.878321
vt 0.572792 0.860484
vt 0.604825 0.879946
vt 0.181486 0.854693
vt 0.148729 0.873349
vt 0.586396 0.793977
vt 0.619962 0.791615
vt 0.169745 0.787474
vt 0.136063 0.784093
vt 0.549027 0.746412
vt 0.563786 0.739211
vt 0.208656 0.740879
vt 0.194086 0.733241
vt 0.500314 0.711729
vt 0.508270 0.697693
vt 0.258399 0.707497
vt 0.250811 0.693249
vt 0.438641 0.680683
vt 0.434803 0.658882
vt 0.320962 0.677959
vt 0.325318 0.656224
vt 0.500314 0.711729
vt 0.505666 0.730944
vt 0.452955 0.700023
vt 0.438641 0.680683
vt 0.306136 0.696976
vt 0.252524 0.726592
vt 0.258399 0.707497
vt 0.320962 0.677959
vt 0.549027 0.746412
vt 0.542850 0.755753
vt 0.505666 0.730944
vt 0.500314 0.711729
vt 0.252524 0.726592
vt 0.214575 0.750414
vt 0.208656 0.740879
vt 0.258399 0.707497
vt 0.586396 0.793977
vt 0.568148 0.787367
vt 0.542850 0.755753
vt 0.549027 0.746412
vt 0.214575 0.750414
vt 0.188269 0.781375
vt 0.169745 0.787474
vt 0.208656 0.740879
vt 0.572792 0.860484
vt 0.555495 0.826352
vt 0.568148 0.787367
vt 0.586396 0.793977
vt 0.188269 0.781375
vt 0.199850 0.820889
vt 0.181486 0.854693
vt 0.169745 0.787474
vt 0.491058 0.881714
vt 0.501231 0.844356
vt 0.555495 0.826352
vt 0.572792 0.860484
vt 0.199850 0.820889
vt 0.253846 0.840502
vt 0.263032 0.878321
vt 0.181486 0.854693
vt 0.438797 0.870229
vt 0.457832 0.840040
vt 0.796021 0.176969
vt 0.783193 0.187449
vt 0.233625 0.175620
vt 0.246955 0.187075
vt 0.391039 0.611891
vt 0.434803 0.658882
vt 0.438641 0.680683
vt 0.394766 0.686125
vt 0.320962 0.677959
vt 0.325318 0.656224
vt 0.369913 0.610196
vt 0.364838 0.684445
vt 0.391747 0.862097
vt 0.401605 0.841460
vt 0.354026 0.840297
vt 0.363377 0.861308
vt 0.438641 0.680683
vt 0.452955 0.700023
vt 0.435018 0.718280
vt 0.394766 0.686125
vt 0.323658 0.715731
vt 0.306136 0.696976
vt 0.320962 0.677959
vt 0.364838 0.684445
vt 0.433669 0.729661
vt 0.384658 0.710299
vt 0.394766 0.686125
vt 0.435018 0.718280
vt 0.364838 0.684445
vt 0.374400 0.708969
vt 0.324726 0.727177
vt 0.323658 0.715731
vt 0.410995 0.747662
vt 0.384658 0.710299
vt 0.433669 0.729661
vt 0.427812 0.742828
vt 0.324726 0.727177
vt 0.374400 0.708969
vt 0.347028 0.745816
vt 0.330270 0.740536
vt 0.418086 0.784946
vt 0.384657 0.795423
vt 0.384658 0.710299
vt 0.410995 0.747662
vt 0.374400 0.708969
vt 0.347028 0.745816
vt 0.286960 0.745020
vt 0.302729 0.758742
vt 0.281439 0.780511
vt 0.261790 0.798626
vt 0.401605 0.841460
vt 0.431333 0.817535
vt 0.816266 0.203086
vt 0.825107 0.209762
vt 0.199767 0.214827
vt 0.209828 0.206161
vt 0.802192 0.184609
vt 0.226485 0.183086
vt 0.796021 0.176969
vt 0.233625 0.175620
vt 0.431333 0.817535
vt 0.448505 0.804621
vt 0.473386 0.824700
vt 0.307886 0.802031
vt 0.324790 0.815460
vt 0.282357 0.821525
vt 0.435868 0.779569
vt 0.321237 0.777208
vt 0.423718 0.754191
vt 0.334089 0.752045
vt 0.410995 0.747662
vt 0.427812 0.742828
vt 0.437950 0.749777
vt 0.423718 0.754191
vt 0.319919 0.747250
vt 0.330270 0.740536
vt 0.347028 0.745816
vt 0.334089 0.752045
vt 0.427812 0.742828
vt 0.433669 0.729661
vt 0.445392 0.731997
vt 0.437950 0.749777
vt 0.312907 0.729222
vt 0.324726 0.727177
vt 0.330270 0.740536
vt 0.319919 0.747250
vt 0.433669 0.729661
vt 0.435018 0.718280
vt 0.440995 0.724383
vt 0.445392 0.731997
vt 0.317510 0.721697
vt 0.323658 0.715731
vt 0.324726 0.727177
vt 0.312907 0.729222
vt 0.407648 0.130594
vt 0.441395 0.133592
vt 0.505666 0.730944
vt 0.508439 0.743135
vt 0.455277 0.713731
vt 0.440995 0.724383
vt 0.512485 0.828811
vt 0.242975 0.824574
vt 0.550942 0.811814
vt 0.204839 0.806417
vt 0.568148 0.787367
vt 0.555495 0.826352
vt 0.550942 0.811814
vt 0.552139 0.787682
vt 0.204839 0.806417
vt 0.199850 0.820889
vt 0.188269 0.781375
vt 0.204331 0.782156
vt 0.542850 0.755753
vt 0.568148 0.787367
vt 0.552139 0.787682
vt 0.539407 0.764539
vt 0.204331 0.782156
vt 0.188269 0.781375
vt 0.214575 0.750414
vt 0.217774 0.759319
vt 0.505666 0.730944
vt 0.542850 0.755753
vt 0.539407 0.764539
vt 0.508439 0.743135
vt 0.217774 0.759319
vt 0.214575 0.750414
vt 0.252524 0.726592
vt 0.249419 0.738732
vt 0.437950 0.749777
vt 0.445392 0.731997
vt 0.470841 0.748408
vt 0.454776 0.761665
vt 0.312907 0.729222
vt 0.319919 0.747250
vt 0.249419 0.738732
vt 0.252524 0.726592
vt 0.317510 0.721697
vt 0.303460 0.710657
vt 0.488870 0.770464
vt 0.503673 0.787562
vt 0.494476 0.802470
vt 0.475403 0.783904
vt 0.518562 0.791602
vt 0.516802 0.807339
vt 0.239243 0.802891
vt 0.512485 0.828811
vt 0.473386 0.824700
vt 0.282357 0.821525
vt 0.242975 0.824574
vt 0.448505 0.804621
vt 0.307886 0.802031
vt 0.435868 0.779569
vt 0.321237 0.777208
vt 0.423718 0.754191
vt 0.334089 0.752045
vt 0.440995 0.724383
vt 0.455277 0.713731
vt 0.470841 0.748408
vt 0.445392 0.731997
vt 0.286960 0.745020
vt 0.303460 0.710657
vt 0.317510 0.721697
vt 0.312907 0.729222
vt 0.508439 0.743135
vt 0.455277 0.713731
vt 0.303460 0.710657
vt 0.555621 0.121749
vt 0.552139 0.787682
vt 0.539407 0.764539
vt 0.550942 0.811814
vt 0.204839 0.806417
vt 0.508270 0.697693
vt 0.434803 0.658882
vt 0.484068 0.628776
vt 0.543385 0.683538
vt 0.276936 0.625067
vt 0.325318 0.656224
vt 0.250811 0.693249
vt 0.216123 0.678120
vt 0.563786 0.739211
vt 0.581052 0.726933
vt 0.194086 0.733241
vt 0.177176 0.720426
vt 0.619962 0.791615
vt 0.563786 0.739211
vt 0.581052 0.726933
vt 0.616701 0.759965
vt 0.177176 0.720426
vt 0.194086 0.733241
vt 0.136063 0.784093
vt 0.140379 0.752377
vt 0.707492 0.759884
vt 0.619962 0.791615
vt 0.616701 0.759965
vt 0.660647 0.741167
vt 0.140379 0.752377
vt 0.136063 0.784093
vt 0.049526 0.748824
vt 0.097038 0.732052
vt 0.745511 0.652100
vt 0.707492 0.759884
vt 0.660647 0.741167
vt 0.677256 0.670436
vt 0.097038 0.732052
vt 0.049526 0.748824
vt 0.019409 0.639749
vt 0.083564 0.662038
vt 0.740843 0.572428
vt 0.671403 0.592656
vt 0.033664 0.564403
vt 0.092820 0.589862
vt 0.677256 0.670436
vt 0.543385 0.683538
vt 0.484068 0.628776
vt 0.671403 0.592656
vt 0.276936 0.625067
vt 0.216123 0.678120
vt 0.083564 0.662038
vt 0.092820 0.589862
vt 0.660647 0.741167
vt 0.581052 0.726933
vt 0.177176 0.720426
vt 0.097038 0.732052
vt 0.660647 0.741167
vt 0.616701 0.759965
vt 0.581052 0.726933
vt 0.177176 0.720426
vt 0.140379 0.752377
vt 0.097038 0.732052
vt 0.842355 0.195160
vt 0.829287 0.219562
vt 0.834578 0.206879
vt 0.834705 0.206959
vt 0.051216 0.522659
vt 0.145041 0.562595
vt 0.620420 0.565675
vt 0.671403 0.592656
vt 0.484068 0.628776
vt 0.498072 0.552315
vt 0.276936 0.625067
vt 0.092820 0.589862
vt 0.145041 0.562595
vt 0.264218 0.550140
vt 0.391039 0.611891
vt 0.498072 0.552315
vt 0.264218 0.550140
vt 0.369913 0.610196
vt 0.533449 0.176739
vt 0.519099 0.179457
vt 0.504604 0.176791
vn 0.6818 -0.0034 0.7315
vn 0.5207 -0.3682 0.7702
vn 0.6040 -0.5102 0.6122
vn 0.8021 -0.0034 0.5972
vn -0.6040 -0.5102 0.6122
vn -0.5207 -0.3682 0.7702
vn -0.6818 -0.0034 0.7315
vn -0.8021 -0.0034 0.5972
vn 0.8294 -0.3036 0.4689
vn -0.8294 -0.3036 0.4689
vn 0.0982 -0.7510 0.6530
vn 0.4155 -0.7933 0.4449
vn -0.4155 -0.7933 0.4449
vn -0.0982 -0.7510 0.6530
vn 0.1311 -0.5384 0.8324
vn -0.1311 -0.5384 0.8324
vn -0.0786 -0.5394 0.8383
vn -0.1928 -0.7341 0.6511
vn 0.1928 -0.7341 0.6511
vn 0.0786 -0.5394 0.8383
vn -0.2696 -0.8413 0.4685
vn 0.2696 -0.8413 0.4685
vn -0.6624 -0.2839 0.6932
vn -0.6940 -0.0035 0.7199
vn -0.7707 -0.3352 0.5419
vn 0.7707 -0.3352 0.5419
vn 0.6940 -0.0035 0.7199
vn 0.6624 -0.2839 0.6932
vn -0.4689 -0.1940 0.8616
vn -0.4818 -0.0031 0.8762
vn 0.4818 -0.0031 0.8762
vn 0.4689 -0.1940 0.8616
vn -0.4767 0.1907 0.8581
vn -0.6616 0.2763 0.6970
vn 0.6616 0.2763 0.6970
vn 0.4767 0.1907 0.8581
vn -0.7672 0.3264 0.5521
vn 0.7672 0.3264 0.5521
vn -0.1881 0.7260 0.6614
vn 0.1019 0.7401 0.6647
vn -0.2519 0.8173 0.5181
vn 0.2519 0.8173 0.5181
vn -0.1019 0.7401 0.6647
vn 0.1881 0.7260 0.6614
vn -0.0949 0.5696 0.8164
vn 0.1252 0.5699 0.8121
vn -0.1252 0.5699 0.8121
vn 0.0949 0.5696 0.8164
vn 0.5261 0.3851 0.7583
vn 0.6084 0.4949 0.6203
vn -0.6084 0.4949 0.6203
vn -0.5261 0.3851 0.7583
vn 0.4140 0.7672 0.4898
vn -0.4140 0.7672 0.4898
vn 0.8277 0.2952 0.4771
vn -0.8277 0.2952 0.4771
vn 0.8111 0.3244 -0.4866
vn -0.8111 0.3244 -0.4866
vn 0.2051 0.8206 -0.5334
vn -0.2051 0.8206 -0.5334
vn -0.4223 0.7806 -0.4607
vn 0.4223 0.7806 -0.4607
vn -0.8240 0.3224 -0.4657
vn 0.8240 0.3224 -0.4657
vn -0.8137 -0.3487 -0.4650
vn 0.8137 -0.3487 -0.4650
vn -0.4223 -0.7806 -0.4607
vn 0.4223 -0.7806 -0.4607
vn 0.2051 -0.8206 -0.5334
vn -0.2051 -0.8206 -0.5334
vn 0.7995 -0.3510 -0.4875
vn -0.7995 -0.3510 -0.4875
vn 0.1836 -0.0052 0.9830
vn 0.3574 -0.1156 0.9268
vn 0.4008 -0.0019 0.9161
vn -0.4008 -0.0019 0.9161
vn -0.3574 -0.1156 0.9268
vn -0.1836 -0.0052 0.9830
vn 0.2070 -0.1803 0.9616
vn -0.2070 -0.1803 0.9616
vn 0.0167 -0.0930 0.9955
vn -0.0167 -0.0930 0.9955
vn -0.0238 -0.3075 0.9512
vn 0.0000 -0.2983 0.9545
vn 0.0238 -0.3075 0.9512
vn 0.0457 -0.3157 0.9477
vn -0.0457 -0.3157 0.9477
vn 0.0232 0.0919 0.9955
vn -0.0623 0.0000 0.9980
vn 0.2074 0.1700 0.9633
vn -0.0232 0.0919 0.9955
vn -0.2074 0.1700 0.9633
vn 0.3535 0.1109 0.9288
vn -0.3535 0.1109 0.9288
vn 0.1794 -0.8646 0.4694
vn 0.1679 -0.7535 0.6356
vn 0.0000 -0.7922 0.6102
vn 0.0000 -0.8682 0.4961
vn -0.1679 -0.7535 0.6356
vn -0.1794 -0.8646 0.4694
vn 0.2190 -0.8647 0.4520
vn 0.3630 -0.6184 0.6970
vn -0.3630 -0.6184 0.6970
vn -0.2190 -0.8647 0.4520
vn 0.6720 -0.3123 0.6714
vn 0.5559 -0.2160 0.8027
vn 0.5902 -0.4550 0.6668
vn -0.5559 -0.2160 0.8027
vn -0.6720 -0.3123 0.6714
vn -0.5902 -0.4550 0.6668
vn 0.7759 0.0154 0.6307
vn 0.7767 0.0266 0.6292
vn -0.7767 0.0266 0.6292
vn -0.7759 0.0154 0.6307
vn 0.8012 0.1920 0.5667
vn 0.8031 0.2040 0.5599
vn -0.8031 0.2040 0.5599
vn -0.8012 0.1920 0.5667
vn 0.3241 -0.8188 0.4739
vn 0.3590 -0.7421 0.5660
vn 0.3809 -0.5176 0.7662
vn -0.3809 -0.5176 0.7662
vn -0.3590 -0.7421 0.5660
vn -0.3241 -0.8188 0.4739
vn 0.5272 -0.5683 0.6316
vn 0.4987 -0.4011 0.7683
vn -0.4987 -0.4011 0.7683
vn -0.5272 -0.5683 0.6316
vn 0.6760 -0.3939 0.6228
vn 0.5489 -0.3266 0.7694
vn -0.5489 -0.3266 0.7694
vn -0.6760 -0.3939 0.6228
vn 0.6587 -0.3634 0.6587
vn 0.3926 -0.4252 0.8155
vn -0.3926 -0.4252 0.8155
vn -0.6587 -0.3634 0.6587
vn 0.5465 0.3707 0.7509
vn 0.5354 0.5051 0.6769
vn 0.5293 0.5449 0.6503
vn -0.5293 0.5449 0.6503
vn -0.5354 0.5051 0.6769
vn -0.5465 0.3707 0.7509
vn 0.5511 0.5945 0.5855
vn 0.5707 0.5697 0.5914
vn -0.5707 0.5697 0.5914
vn -0.5511 0.5945 0.5855
vn 0.6092 0.5167 0.6015
vn -0.6092 0.5167 0.6015
vn -0.0440 0.6610 0.7491
vn 0.0440 0.6610 0.7491
vn -0.7246 0.3187 0.6110
vn -0.6707 0.4268 0.6065
vn -0.6576 0.4496 0.6044
vn 0.6576 0.4496 0.6044
vn 0.6707 0.4268 0.6065
vn 0.7246 0.3187 0.6110
vn -0.5880 0.5553 0.5880
vn 0.5880 0.5553 0.5880
vn 0.4792 -0.4093 0.7764
vn 0.3779 -0.4378 0.8157
vn 0.3488 -0.4447 0.8249
vn 0.4584 -0.4154 0.7856
vn -0.3488 -0.4447 0.8249
vn -0.3779 -0.4378 0.8157
vn -0.4792 -0.4093 0.7764
vn -0.4584 -0.4154 0.7856
vn 0.0460 -0.5117 0.8579
vn 0.1183 -0.4961 0.8602
vn -0.1183 -0.4961 0.8602
vn -0.0460 -0.5117 0.8579
vn -0.0815 -0.6114 0.7871
vn -0.0806 -0.5756 0.8137
vn 0.0806 -0.5756 0.8137
vn 0.0815 -0.6114 0.7871
vn -0.0248 -0.6189 0.7851
vn -0.0122 -0.6099 0.7923
vn 0.0122 -0.6099 0.7923
vn 0.0248 -0.6189 0.7851
vn 0.3630 -0.2123 0.9073
vn -0.3630 -0.2123 0.9073
vn 0.4415 -0.2058 0.8733
vn -0.4415 -0.2058 0.8733
vn 0.4194 -0.3797 0.8245
vn -0.4194 -0.3797 0.8245
vn 0.3916 -0.2301 0.8909
vn -0.3916 -0.2301 0.8909
vn 0.3762 0.0603 0.9246
vn -0.3762 0.0603 0.9246
vn -0.1352 0.2680 0.9539
vn -0.0706 0.0408 0.9966
vn 0.0000 0.0695 0.9976
vn 0.0706 0.0408 0.9966
vn 0.1352 0.2680 0.9539
vn 0.0000 -0.3614 0.9324
vn 0.2799 -0.3312 0.9010
vn -0.2799 -0.3312 0.9010
vn 0.0000 -0.2239 0.9746
vn 0.0795 -0.2183 0.9726
vn -0.0795 -0.2183 0.9726
vn 0.0000 0.0574 0.9983
vn -0.2666 -0.0288 0.9633
vn -0.1432 0.0002 0.9897
vn 0.1432 0.0002 0.9897
vn 0.2666 -0.0288 0.9633
vn 0.1140 -0.6542 0.7476
vn 0.0000 -0.6984 0.7156
vn -0.1140 -0.6542 0.7476
vn 0.0891 -0.3229 0.9422
vn -0.0891 -0.3229 0.9422
vn 0.1449 -0.1324 0.9805
vn -0.1449 -0.1324 0.9805
vn -0.3526 -0.0472 0.9346
vn -0.3047 -0.0012 0.9525
vn -0.3183 -0.0779 0.9448
vn -0.1805 -0.0587 0.9818
vn -0.3455 0.9104 -0.2275
vn -0.4324 0.8621 -0.2643
vn -0.3674 0.9173 -0.1536
vn -0.3209 0.9189 -0.2291
vn 0.3183 -0.0779 0.9448
vn 0.1805 -0.0587 0.9818
vn -0.5863 -0.4221 0.6914
vn -0.6411 -0.4366 0.6311
vn -0.6872 -0.5516 0.4727
vn -0.7483 -0.5813 0.3194
vn -0.8719 -0.4260 0.2412
vn 0.8174 -0.5744 -0.0442
vn -0.8174 -0.5744 -0.0442
vn 0.9493 0.2297 -0.2144
vn -0.9493 0.2297 -0.2144
vn 0.0825 0.9073 -0.4124
vn -0.0825 0.9073 -0.4124
vn -0.8836 0.3555 0.3047
vn -0.7610 0.5093 0.4018
vn -0.7895 0.4794 0.3832
vn 0.7895 0.4794 0.3832
vn 0.7610 0.5093 0.4018
vn 0.8836 0.3555 0.3047
vn 0.4207 -0.8796 0.2218
vn -0.4207 -0.8796 0.2218
vn 0.2873 -0.5747 0.7663
vn 0.3353 -0.6415 0.6899
vn 0.2068 -0.5657 0.7983
vn 0.0000 -0.5293 0.8484
vn -0.2068 -0.5657 0.7983
vn -0.3353 -0.6415 0.6899
vn -0.2873 -0.5747 0.7663
vn -0.6542 0.6019 0.4579
vn 0.6542 0.6019 0.4579
vn 0.1052 0.7892 0.6050
vn -0.1052 0.7892 0.6050
vn 0.7582 0.2916 0.5832
vn -0.7582 0.2916 0.5832
vn 0.3889 -0.7130 0.5834
vn -0.3889 -0.7130 0.5834
vn 0.0463 0.2314 0.9717
vn -0.0463 0.2314 0.9717
vn -0.3480 -0.0695 0.9349
vn -0.4205 -0.0101 0.9072
vn -0.5155 0.0360 0.8561
vn -0.4743 -0.2065 0.8557
vn -0.5447 -0.1075 0.8317
vn -0.4417 -0.0355 0.8965
vn -0.4451 -0.1610 0.8808
vn -0.3328 -0.3087 0.8910
vn -0.3838 -0.2449 0.8903
vn 0.3838 -0.2449 0.8903
vn 0.3328 -0.3087 0.8910
vn 0.4451 -0.1610 0.8808
vn -0.2182 -0.4364 0.8729
vn 0.2182 -0.4364 0.8729
vn 0.4340 -0.1290 0.8916
vn 0.3526 -0.0472 0.9346
vn -0.4340 -0.1290 0.8916
vn 0.8428 0.2814 0.4587
vn 0.8473 0.2783 0.4523
vn -0.8473 0.2783 0.4523
vn -0.8428 0.2814 0.4587
vn 0.9524 0.2879 0.0998
vn 0.9166 0.1984 0.3470
vn -0.9166 0.1984 0.3470
vn -0.9524 0.2879 0.0998
vn 0.9591 0.2423 0.1460
vn 0.9385 0.1601 0.3059
vn -0.9385 0.1601 0.3059
vn -0.9591 0.2423 0.1460
vn 0.2237 -0.6539 0.7227
vn 0.0000 -0.6709 0.7415
vn -0.2237 -0.6539 0.7227
vn -0.1536 -0.1997 0.9677
vn -0.2081 -0.1564 0.9655
vn 0.1536 -0.1997 0.9677
vn 0.2081 -0.1564 0.9655
vn -0.2153 0.0006 0.9765
vn -0.1711 0.0759 0.9823
vn 0.2153 0.0006 0.9765
vn 0.1711 0.0759 0.9823
vn 0.0000 0.1961 0.9806
vn 0.0000 0.9615 0.2747
vn -0.1582 0.9494 0.2712
vn 0.1582 0.9494 0.2712
vn -0.6934 0.7082 0.1328
vn 0.6934 0.7082 0.1328
vn -1.0000 0.0000 0.0000
vn 1.0000 0.0000 0.0000
vn 0.3051 -0.9449 0.1181
vn -0.3051 -0.9449 0.1181
vn -0.2838 -0.9492 -0.1354
vn -0.5223 -0.8244 -0.2180
vn -0.3035 -0.8955 -0.3254
vn 0.1353 -0.3479 0.9277
vn -0.1353 -0.3479 0.9277
vn -0.4511 -0.1604 0.8779
vn -0.5470 -0.3860 0.7429
vn -0.5433 -0.3743 0.7515
vn -0.4458 -0.1507 0.8823
vn 0.5433 -0.3743 0.7515
vn 0.5470 -0.3860 0.7429
vn 0.4511 -0.1604 0.8779
vn 0.4458 -0.1507 0.8823
vn -0.2984 -0.0025 0.9544
vn -0.2929 -0.0001 0.9561
vn 0.2984 -0.0025 0.9544
vn 0.2929 -0.0001 0.9561
vn -0.1121 0.1473 0.9827
vn -0.1167 0.1421 0.9829
vn 0.1121 0.1473 0.9827
vn 0.1167 0.1421 0.9829
vn -0.3743 -0.6317 0.6788
vn -0.3435 -0.6510 0.6769
vn 0.3435 -0.6510 0.6769
vn 0.3743 -0.6317 0.6788
vn -0.1369 -0.7530 0.6435
vn 0.1369 -0.7530 0.6435
vn 0.4920 -0.5183 0.6994
vn 0.4088 -0.6070 0.6814
vn -0.4920 -0.5183 0.6994
vn -0.4088 -0.6070 0.6814
vn 0.5788 -0.2822 0.7650
vn -0.5788 -0.2822 0.7650
vn 0.5718 0.0140 0.8202
vn -0.5718 0.0140 0.8202
vn 0.5542 0.2788 0.7843
vn 0.5329 0.3918 0.7500
vn -0.5329 0.3918 0.7500
vn -0.5542 0.2788 0.7843
vn 0.3817 0.5893 0.7121
vn 0.3701 0.5919 0.7160
vn -0.3701 0.5919 0.7160
vn -0.3817 0.5893 0.7121
vn 0.2073 0.4727 0.8564
vn 0.2214 0.5093 0.8316
vn -0.2214 0.5093 0.8316
vn -0.2073 0.4727 0.8564
vn 0.0687 0.3040 0.9502
vn 0.0746 0.3076 0.9486
vn -0.0746 0.3076 0.9486
vn -0.0687 0.3040 0.9502
vn 0.3053 -0.3397 0.8896
vn 0.5176 -0.3798 0.7667
vn 0.5010 -0.3839 0.7756
vn 0.3063 -0.3431 0.8879
vn -0.5010 -0.3839 0.7756
vn -0.5176 -0.3798 0.7667
vn -0.3053 -0.3397 0.8896
vn -0.3063 -0.3431 0.8879
vn 0.2810 -0.2610 0.9235
vn -0.2810 -0.2610 0.9235
vn -0.1386 -0.7633 0.6310
vn -0.2542 -0.6514 0.7149
vn -0.1401 -0.7620 0.6322
vn 0.2542 -0.6514 0.7149
vn 0.1386 -0.7633 0.6310
vn 0.1401 -0.7620 0.6322
vn -0.0260 -0.8455 0.5333
vn 0.0260 -0.8455 0.5333
vn -0.3548 -0.1497 0.9228
vn -0.3518 -0.2606 0.8990
vn -0.3549 -0.1286 0.9260
vn 0.3518 -0.2606 0.8990
vn 0.3548 -0.1497 0.9228
vn 0.3549 -0.1286 0.9260
vn -0.3523 -0.0110 0.9358
vn 0.3523 -0.0110 0.9358
vn -0.0847 0.5390 0.8380
vn -0.1316 0.4608 0.8777
vn -0.0831 0.5416 0.8365
vn 0.1316 0.4608 0.8777
vn 0.0847 0.5390 0.8380
vn 0.0831 0.5416 0.8365
vn 0.1904 0.6100 0.7692
vn 0.1489 0.6135 0.7755
vn -0.1904 0.6100 0.7692
vn -0.1489 0.6135 0.7755
vn 0.4406 0.5546 0.7059
vn 0.4245 0.5609 0.7108
vn -0.4406 0.5546 0.7059
vn -0.4245 0.5609 0.7108
vn 0.6423 0.3634 0.6748
vn 0.6875 0.2974 0.6625
vn -0.6423 0.3634 0.6748
vn -0.6875 0.2974 0.6625
vn 0.7575 -0.1942 0.6232
vn 0.7464 -0.2134 0.6303
vn -0.7464 -0.2134 0.6303
vn -0.7575 -0.1942 0.6232
vn 0.8029 0.0286 0.5954
vn 0.8052 0.0150 0.5928
vn -0.8052 0.0150 0.5928
vn -0.8029 0.0286 0.5954
vn -0.5306 0.8111 -0.2461
vn 0.5306 0.8111 -0.2461
vn -0.8511 0.3695 -0.3729
vn 0.8511 0.3695 -0.3729
vn -0.2446 0.8675 -0.4331
vn 0.2446 0.8675 -0.4331
vn 0.5924 0.7465 -0.3030
vn 0.5097 0.8029 -0.3088
vn 0.4324 0.8621 -0.2643
vn -0.5097 0.8029 -0.3088
vn -0.5924 0.7465 -0.3030
vn 0.3284 0.8953 -0.3009
vn 0.3455 0.9104 -0.2275
vn -0.3284 0.8953 -0.3009
vn 0.2821 0.9151 -0.2880
vn 0.3209 0.9189 -0.2291
vn -0.2821 0.9151 -0.2880
vn 0.8561 0.1340 -0.4991
vn -0.8561 0.1340 -0.4991
vn 0.5342 -0.7233 -0.4376
vn 0.4547 -0.7750 -0.4388
vn 0.4706 -0.7654 -0.4389
vn -0.4706 -0.7654 -0.4389
vn -0.4547 -0.7750 -0.4388
vn -0.5342 -0.7233 -0.4376
vn 0.2662 -0.8569 -0.4414
vn 0.3077 -0.8433 -0.4406
vn -0.3077 -0.8433 -0.4406
vn -0.2662 -0.8569 -0.4414
vn 0.0000 -0.5970 -0.8022
vn 0.2335 -0.5805 -0.7800
vn -0.2335 -0.5805 -0.7800
vn 0.0000 -0.2978 -0.9546
vn 0.0000 -0.0601 -0.9982
vn 0.1993 -0.0142 -0.9798
vn 0.1293 -0.1789 -0.9753
vn -0.1993 -0.0142 -0.9798
vn -0.1293 -0.1789 -0.9753
vn 0.0000 -0.4565 -0.8897
vn 0.0546 -0.3485 -0.9357
vn -0.0546 -0.3485 -0.9357
vn 0.1168 -0.9765 -0.1809
vn 0.0000 -0.9902 -0.1397
vn 0.1170 -0.9757 -0.1850
vn -0.1168 -0.9765 -0.1809
vn -0.1170 -0.9757 -0.1850
vn 0.1184 -0.9669 -0.2260
vn -0.1184 -0.9669 -0.2260
vn 0.9522 0.0425 -0.3026
vn 0.9597 -0.0085 -0.2808
vn 0.9351 0.1191 -0.3336
vn -0.9597 -0.0085 -0.2808
vn -0.9522 0.0425 -0.3026
vn -0.9351 0.1191 -0.3336
vn -0.9261 0.1506 -0.3457
vn -0.9283 0.2051 -0.3100
vn -0.9196 0.1120 -0.3765
vn -0.8925 -0.0140 -0.4508
vn 0.0623 0.0000 0.9980
vn 0.0795 -0.0907 -0.9927
vn 0.1626 0.0207 -0.9864
vn -0.0795 -0.0907 -0.9927
vn -0.1626 0.0207 -0.9864
vn -0.0187 -0.2177 -0.9758
vn 0.0187 -0.2177 -0.9758
vn 0.9196 0.1120 -0.3765
vn 0.8925 -0.0140 -0.4508
vn 0.7537 -0.2926 -0.5884
vn -0.7537 -0.2926 -0.5884
vn 0.9283 0.2051 -0.3100
vn 0.9261 0.1506 -0.3457
vn 0.9178 0.3299 -0.2208
vn 0.9304 0.3326 -0.1541
vn 0.9407 0.3338 -0.0607
vn -0.9304 0.3326 -0.1541
vn -0.9407 0.3338 -0.0607
vn 0.1761 -0.8804 -0.4402
vn -0.1761 -0.8804 -0.4402
vn 0.3630 -0.2799 -0.8887
vn 0.4307 -0.3287 -0.8404
vn 0.5191 -0.6556 -0.5483
vn 0.3547 -0.6514 -0.6707
vn -0.5191 -0.6556 -0.5483
vn -0.4307 -0.3287 -0.8404
vn -0.3630 -0.2799 -0.8887
vn -0.3547 -0.6514 -0.6707
vn 0.5223 -0.8244 -0.2180
vn 0.3035 -0.8955 -0.3254
vn 0.0000 -0.0512 0.9987
vn 0.2838 -0.9492 -0.1354
vn 0.9761 -0.2083 -0.0609
vn -0.9761 -0.2083 -0.0609
vn 0.8267 -0.5066 0.2447
vn 0.7152 -0.6950 0.0736
vn 0.9009 -0.4313 -0.0484
vn -0.7152 -0.6950 0.0736
vn -0.8267 -0.5066 0.2447
vn -0.9009 -0.4313 -0.0484
vn 0.3448 -0.1158 -0.9315
vn 0.4316 -0.2002 -0.8795
vn -0.4316 -0.2002 -0.8795
vn -0.3448 -0.1158 -0.9315
vn 0.0000 0.9714 0.2372
vn 0.1202 0.9644 0.2355
vn 0.1267 0.9915 0.0284
vn 0.0000 0.9997 0.0232
vn -0.1267 0.9915 0.0284
vn -0.1202 0.9644 0.2355
vn 0.1275 0.9744 -0.1851
vn 0.0000 0.9824 -0.1867
vn -0.1275 0.9744 -0.1851
vn 0.3492 0.5947 -0.7241
vn 0.4035 0.5403 -0.7384
vn 0.4274 0.5144 -0.7434
vn -0.4274 0.5144 -0.7434
vn -0.4035 0.5403 -0.7384
vn -0.3492 0.5947 -0.7241
vn -0.5275 -0.2986 -0.7953
vn -0.5202 -0.3394 -0.7837
vn -0.5358 -0.2525 -0.8057
vn -0.5378 -0.2398 -0.8082
vn 0.3674 0.9173 -0.1536
vn 0.1845 0.7035 0.6862
vn -0.1845 0.7035 0.6862
vn 0.7036 0.6576 0.2692
vn 0.6055 0.7794 0.1608
vn 0.6575 0.7533 0.0124
vn 0.6788 0.7318 -0.0612
vn -0.6575 0.7533 0.0124
vn -0.6055 0.7794 0.1608
vn -0.7036 0.6576 0.2692
vn -0.6788 0.7318 -0.0612
vn 0.7033 0.6806 -0.2052
vn 0.6762 0.7112 -0.1922
vn -0.7033 0.6806 -0.2052
vn -0.6762 0.7112 -0.1922
vn 0.6679 0.2007 -0.7166
vn 0.5933 0.3133 -0.7415
vn 0.5582 0.3594 -0.7478
vn -0.5582 0.3594 -0.7478
vn -0.5933 0.3133 -0.7415
vn -0.6679 0.2007 -0.7166
vn 0.6423 0.7459 -0.1761
vn 0.7012 0.7120 0.0382
vn -0.7012 0.7120 0.0382
vn -0.6423 0.7459 -0.1761
vn 0.7517 0.5344 0.3865
vn -0.7517 0.5344 0.3865
vn 0.7388 0.3972 0.5444
vn -0.7388 0.3972 0.5444
vn 0.0000 0.5894 0.8078
vn 0.2270 0.5740 0.7867
vn -0.2270 0.5740 0.7867
vn -0.1722 0.1046 -0.9795
vn 0.1722 0.1046 -0.9795
vn 0.0425 0.9149 0.4013
vn -0.0425 0.9149 0.4013
vn 0.0000 0.1871 0.9823
vn -0.1616 0.1846 0.9694
vn 0.1616 0.1846 0.9694
vn 0.9791 0.1973 0.0483
vn 0.9638 0.1225 0.2368
vn 0.9768 0.1622 0.1396
vn -0.9638 0.1225 0.2368
vn -0.9791 0.1973 0.0483
vn -0.9768 0.1622 0.1396
vn 0.9989 -0.0455 0.0062
vn 0.9789 0.1363 0.1519
vn -0.9789 0.1363 0.1519
vn -0.9989 -0.0455 0.0062
vn 0.9966 0.0082 -0.0818
vn 0.9879 0.1316 -0.0816
vn -0.9879 0.1316 -0.0816
vn -0.9966 0.0082 -0.0818
vn 0.9938 0.0312 -0.1069
vn -0.9938 0.0312 -0.1069
vn 0.7260 -0.6715 0.1484
vn 0.5809 -0.8007 -0.1463
vn 0.5730 -0.8037 0.1600
vn -0.5809 -0.8007 -0.1463
vn -0.7260 -0.6715 0.1484
vn -0.5730 -0.8037 0.1600
vn 0.4439 -0.8877 -0.1225
vn -0.4439 -0.8877 -0.1225
vn 0.4465 -0.8644 0.2310
vn 0.5255 -0.8172 0.2366
vn -0.5255 -0.8172 0.2366
vn -0.4465 -0.8644 0.2310
vn 0.6066 -0.7578 0.2405
vn 0.6509 -0.7197 0.2414
vn -0.6509 -0.7197 0.2414
vn -0.6066 -0.7578 0.2405
vn 0.2637 -0.4499 0.8532
vn -0.2637 -0.4499 0.8532
vn 0.5275 -0.2986 -0.7953
vn 0.5378 -0.2398 -0.8082
vn 0.5358 -0.2525 -0.8057
vn 0.5202 -0.3394 -0.7837
vn 0.5275 -0.7682 -0.3627
vn 0.3189 -0.8494 -0.4205
vn -0.5275 -0.7682 -0.3627
vn -0.3189 -0.8494 -0.4205
vn 0.4263 0.2376 0.8728
vn 0.2458 0.2861 0.9261
vn 0.2206 0.2631 0.9392
vn 0.3888 0.3118 0.8669
vn -0.2206 0.2631 0.9392
vn -0.2458 0.2861 0.9261
vn -0.4263 0.2376 0.8728
vn -0.3888 0.3118 0.8669
vn 0.3680 0.1421 0.9189
vn 0.3388 0.1324 0.9315
vn -0.3680 0.1421 0.9189
vn -0.3388 0.1324 0.9315
vn 0.2522 0.0020 0.9677
vn 0.2540 0.0280 0.9668
vn -0.2522 0.0020 0.9677
vn -0.2540 0.0280 0.9668
vn 0.3758 -0.0688 0.9241
vn 0.3264 -0.0734 0.9424
vn -0.3758 -0.0688 0.9241
vn -0.3264 -0.0734 0.9424
vn 0.5506 -0.1841 0.8141
vn 0.5533 -0.1883 0.8114
vn -0.5506 -0.1841 0.8141
vn -0.5533 -0.1883 0.8114
vn 0.6225 -0.3045 0.7210
vn -0.6225 -0.3045 0.7210
vn 0.4500 0.6590 0.6027
vn -0.4500 0.6590 0.6027
vn -0.2666 0.8309 0.4884
vn 0.2666 0.8309 0.4884
vn -0.8284 0.2291 0.5111
vn 0.8284 0.2291 0.5111
vn -0.5250 -0.3566 0.7727
vn 0.5250 -0.3566 0.7727
vn 0.6043 -0.5040 0.6171
vn 0.5587 -0.6583 0.5044
vn 0.3577 -0.7839 0.5074
vn 0.4546 -0.5665 0.6873
vn -0.3577 -0.7839 0.5074
vn -0.5587 -0.6583 0.5044
vn -0.6043 -0.5040 0.6171
vn -0.4546 -0.5665 0.6873
vn 0.6411 -0.4366 0.6311
vn 0.6872 -0.5516 0.4727
vn 0.7220 -0.6826 -0.1126
vn 0.8615 -0.4880 -0.1400
vn -0.7220 -0.6826 -0.1126
vn -0.8615 -0.4880 -0.1400
vn -0.1919 0.2860 0.9388
vn 0.1919 0.2860 0.9388
vn 0.1034 0.1551 0.9825
vn -0.1034 0.1551 0.9825
vn 0.0840 0.9318 0.3530
vn 0.0233 0.9756 0.2181
vn 0.0099 0.9821 0.1880
vn -0.0099 0.9821 0.1880
vn -0.0233 0.9756 0.2181
vn -0.0840 0.9318 0.3530
vn 0.6446 -0.0883 0.7594
vn -0.6446 -0.0883 0.7594
vn 0.4309 0.4740 0.7678
vn -0.4309 0.4740 0.7678
vn 0.7483 -0.5813 0.3194
vn 0.8719 -0.4260 0.2412
vn 0.9454 -0.3256 -0.0079
vn 0.7735 -0.5784 0.2590
vn -0.9454 -0.3256 -0.0079
vn -0.7735 -0.5784 0.2590
vn -0.4454 0.0362 0.8946
vn -0.1966 0.0006 0.9805
vn -0.3288 -0.0005 0.9444
vn -0.3196 0.0989 0.9424
vn 0.5863 -0.4221 0.6914
vn 0.9818 -0.1804 -0.0591
vn -0.9818 -0.1804 -0.0591
vn 0.9972 -0.0181 -0.0725
vn -0.9972 -0.0181 -0.0725
vn 0.7599 -0.6324 0.1506
vn 0.7596 -0.6326 0.1509
vn 0.6682 -0.6888 0.2811
vn -0.7596 -0.6326 0.1509
vn -0.7599 -0.6324 0.1506
vn -0.6682 -0.6888 0.2811
vn 0.7489 -0.6531 0.1120
vn -0.7489 -0.6531 0.1120
vn 0.7022 -0.7022 0.1170
vn -0.7022 -0.7022 0.1170
vn 0.1840 0.9816 -0.0511
vn -0.1840 0.9816 -0.0511
vn 0.9352 0.3301 0.1283
vn -0.9352 0.3301 0.1283
vn 0.6633 -0.7462 0.0553
vn -0.6633 -0.7462 0.0553
vn -0.9178 0.3299 -0.2208
vn -0.0415 0.9967 0.0701
vn 0.3762 -0.8545 0.3580
vn -0.3762 -0.8545 0.3580
vn 0.2733 -0.8925 0.3587
vn -0.2733 -0.8925 0.3587
vn -0.8328 -0.5080 -0.2199
vn 0.8328 -0.5080 -0.2199
vn -0.8339 0.2377 -0.4981
vn 0.8339 0.2377 -0.4981
vn -0.5654 0.7847 -0.2539
vn 0.5654 0.7847 -0.2539
vn 0.0968 0.0028 0.9953
vn 0.1445 0.0222 0.9892
vn 0.4454 0.0362 0.8946
vn 0.1966 0.0006 0.9805
vn -0.1445 0.0222 0.9892
vn -0.0968 0.0028 0.9953
vn 0.0415 0.9967 0.0701
vn 0.4417 -0.0355 0.8965
vn 0.3480 -0.0695 0.9349
vn 0.3196 0.0989 0.9424
vn 0.3288 -0.0005 0.9444
vn 0.4205 -0.0101 0.9072
vn 0.3573 0.2980 0.8851
vn -0.3573 0.2980 0.8851
vn 0.3312 0.4175 0.8461
vn 0.3864 0.0829 0.9186
vn -0.3864 0.0829 0.9186
vn -0.3312 0.4175 0.8461
vn 0.3268 -0.0480 0.9439
vn -0.3268 -0.0480 0.9439
vn 0.1738 -0.0388 0.9840
vn -0.1738 -0.0388 0.9840
vn 0.0637 -0.0106 0.9979
vn -0.0637 -0.0106 0.9979
vn -0.3637 0.7039 0.6101
vn 0.3637 0.7039 0.6101
vn 0.5447 -0.1075 0.8317
vn 0.6299 0.0354 0.7759
vn -0.6299 0.0354 0.7759
vn 0.3047 -0.0012 0.9525
vn 0.5155 0.0360 0.8561
vn 0.4743 -0.2065 0.8557
vn 0.4806 0.3390 0.8087
vn -0.4806 0.3390 0.8087
vn 0.2394 -0.9695 -0.0509
vn -0.1239 -0.9677 -0.2197
vn -0.0714 -0.9798 -0.1868
vn 0.3614 -0.9321 -0.0245
vn 0.0714 -0.9798 -0.1868
vn 0.1239 -0.9677 -0.2197
vn -0.2394 -0.9695 -0.0509
vn -0.3614 -0.9321 -0.0245
vn 0.5006 -0.8656 0.0080
vn -0.5006 -0.8656 0.0080
vn 0.9285 -0.2497 0.2748
vn -0.9285 -0.2497 0.2748
vn 0.8393 0.5424 -0.0378
vn -0.8393 0.5424 -0.0378
vn -0.3733 0.9104 -0.1783
vn -0.2355 0.9367 -0.2589
vn -0.3204 0.9236 -0.2105
vn 0.2355 0.9367 -0.2589
vn 0.3733 0.9104 -0.1783
vn 0.3204 0.9236 -0.2105
vn -0.6468 0.7610 -0.0491
vn -0.6453 0.7623 -0.0498
vn 0.6468 0.7610 -0.0491
vn 0.6453 0.7623 -0.0498
vn -0.3510 -0.0180 -0.9362
vn -0.4048 -0.0158 -0.9142
vn -0.5383 -0.0097 -0.8426
vn 0.5383 -0.0097 -0.8426
vn 0.4048 -0.0158 -0.9142
vn 0.3510 -0.0180 -0.9362
vn -0.1910 -0.0241 -0.9813
vn 0.1910 -0.0241 -0.9813
vn 0.4046 0.0266 -0.9141
vn -0.4046 0.0266 -0.9141
vn -0.7819 0.6231 0.0197
vn 0.7819 0.6231 0.0197
vn 0.5428 -0.2062 -0.8141
vn -0.5428 -0.2062 -0.8141
vn -0.2474 -0.9231 -0.2945
vn 0.2474 -0.9231 -0.2945
vn 0.0000 -0.4020 0.9156
s 1
f 506/1/1 508/2/2 3/3/3 45/4/4
f 4/5/5 510/6/6 512/7/7 46/8/8
f 45/4/4 3/3/3 515/9/9 514/10/9
f 516/11/10 4/5/5 46/8/8 517/12/10
f 3/3/3 9/13/11 518/14/12 5/15/12
f 519/16/13 10/17/14 4/5/5 6/18/13
f 508/2/2 520/19/15 9/13/11 3/3/3
f 10/17/14 522/20/16 510/6/6 4/5/5
f 520/19/15 524/21/17 527/22/18 9/13/11
f 528/23/19 529/24/20 522/20/16 10/17/14
f 9/13/11 527/22/18 532/25/21 7/26/21
f 533/27/22 528/23/19 10/17/14 8/28/22
f 15/29/23 21/30/24 534/31/25 17/32/25
f 535/33/26 22/34/27 16/35/28 18/36/26
f 525/37/29 536/38/30 21/30/24 15/29/23
f 22/34/27 538/39/31 530/40/32 16/35/28
f 536/38/30 540/41/33 543/42/34 21/30/24
f 544/43/35 545/44/36 538/39/31 22/34/27
f 21/30/24 543/42/34 548/45/37 19/46/37
f 549/47/38 544/43/35 22/34/27 20/48/38
f 27/49/39 33/50/40 550/51/41 29/52/41
f 551/53/42 34/54/43 28/55/44 30/56/42
f 541/57/45 552/58/46 33/50/40 27/49/39
f 34/54/43 554/59/47 546/60/48 28/55/44
f 552/58/46 556/61/49 39/62/50 33/50/40
f 40/63/51 558/64/52 554/59/47 34/54/43
f 33/50/40 39/62/50 560/65/53 31/66/53
f 561/67/54 40/63/51 34/54/43 32/68/54
f 39/62/50 45/4/4 43/69/55 41/70/55
f 44/71/56 46/8/8 40/63/51 42/72/56
f 556/61/49 506/1/1 45/4/4 39/62/50
f 46/8/8 512/7/7 558/64/52 40/63/51
f 507/73/57 557/74/57 564/75/57 562/76/57
f 568/77/58 559/78/58 513/79/58 566/80/58
f 37/81/59 553/82/59 570/83/59 565/84/59
f 572/85/60 555/86/60 38/87/60 569/88/60
f 35/89/61 542/90/61 574/91/61 571/92/61
f 576/93/62 547/94/62 36/95/62 573/96/62
f 25/97/63 537/98/63 578/99/63 575/100/63
f 580/101/64 539/102/64 26/103/64 577/104/64
f 23/105/65 526/106/65 582/107/65 579/108/65
f 584/109/66 531/110/66 24/111/66 581/112/66
f 13/113/67 521/114/67 586/115/67 583/116/67
f 588/117/68 523/118/68 14/119/68 585/120/68
f 11/121/69 509/122/69 590/123/69 587/124/69
f 592/125/70 511/126/70 12/127/70 589/128/70
f 1/129/71 47/130/71 563/131/71 591/132/71
f 567/133/72 48/134/72 2/135/72 593/136/72
f 61/137/73 65/138/74 49/139/75
f 50/140/76 66/141/77 62/142/78
f 63/143/79 65/138/74 61/137/73
f 62/142/78 66/141/77 64/144/80
f 61/137/73 59/145/81 63/143/79
f 64/144/80 60/146/82 62/142/78
f 228/147/83 229/148/84 227/149/85 223/150/86 222/151/84 224/152/87
f 61/137/73 55/153/88 57/154/89 59/145/81
f 61/137/73 53/155/90 55/153/88
f 56/156/91 54/157/92 62/142/78
f 61/137/73 51/158/93 53/155/90
f 54/157/92 52/159/94 62/142/78
f 61/137/73 49/139/75 51/158/93
f 52/159/94 50/140/76 62/142/78
f 595/160/95 173/161/96 175/162/97 594/163/98
f 175/162/97 174/164/99 596/165/100 594/163/98
f 597/166/101 171/167/102 173/161/96 595/160/95
f 174/164/99 172/168/103 600/169/104 596/165/100
f 603/170/105 169/171/106 171/167/102 598/172/107
f 172/168/103 170/173/108 604/174/109 601/175/110
f 605/176/111 606/177/112 169/171/106 603/170/105
f 170/173/108 607/178/113 608/179/114 604/174/109
f 609/180/115 610/181/116 606/177/112 605/176/111
f 607/178/113 611/182/117 612/183/118 608/179/114
f 617/184/119 619/185/120 145/186/121 613/187/119
f 146/188/122 624/189/123 625/190/124 620/191/124
f 619/185/120 627/192/125 147/193/126 145/186/121
f 148/194/127 628/195/128 624/189/123 146/188/122
f 627/192/125 629/196/129 149/197/130 147/193/126
f 150/198/131 631/199/132 628/195/128 148/194/127
f 629/196/129 633/200/133 636/201/134 149/197/130
f 637/202/135 638/203/136 631/199/132 150/198/131
f 634/204/137 641/205/138 642/206/139 151/207/137
f 643/208/140 644/209/141 639/210/142 152/211/142
f 641/205/138 645/212/143 646/213/144 642/206/139
f 647/214/145 648/215/146 644/209/141 643/208/140
f 645/212/143 649/216/147 652/217/147 646/213/144
f 654/218/148 656/219/148 648/215/146 647/214/145
f 650/220/149 659/221/149 662/222/149 653/223/149
f 664/224/150 666/225/150 657/226/150 655/227/150
f 660/228/151 669/229/152 671/230/153 663/231/151
f 672/232/154 673/233/155 667/234/156 665/235/156
f 669/229/152 675/236/157 678/237/157 671/230/153
f 679/238/158 676/239/158 673/233/155 672/232/154
f 680/240/159 681/241/160 159/242/161 161/243/162
f 160/244/163 682/245/164 683/246/165 162/247/166
f 681/241/160 684/248/167 157/249/168 159/242/161
f 158/250/169 685/251/170 682/245/164 160/244/163
f 686/252/171 155/253/172 157/249/168 684/248/167
f 158/250/169 156/254/173 687/255/174 685/251/170
f 688/256/175 153/257/176 155/253/172 686/252/171
f 156/254/173 154/258/177 689/259/178 687/255/174
f 121/260/179 636/201/134 153/257/176 688/256/175
f 154/258/177 637/202/135 122/261/180 689/259/178
f 119/262/181 149/197/130 636/201/134 121/260/179
f 637/202/135 150/198/131 120/263/182 122/261/180
f 117/264/183 147/193/126 149/197/130 119/262/181
f 150/198/131 148/194/127 118/265/184 120/263/182
f 690/266/185 145/186/121 147/193/126 117/264/183
f 148/194/127 146/188/122 695/267/186 118/265/184
f 691/268/187 614/269/187 145/186/121 690/266/185
f 146/188/122 621/270/188 693/271/188 695/267/186
f 692/272/189 696/273/190 697/274/191 615/275/189
f 697/274/191 699/276/192 694/277/193 622/278/193
f 680/240/159 161/243/162 68/279/194 700/280/195
f 68/279/194 162/247/166 683/246/165 701/281/196
f 700/280/195 68/279/194 177/282/197 702/283/198
f 177/282/197 68/279/194 701/281/196 703/284/199
f 709/285/200 711/286/201 187/287/202 186/288/203 707/289/204
f 704/290/205 705/291/206 175/162/97 173/161/96
f 175/162/97 705/291/206 706/292/207 174/164/99
f 132/293/208 704/290/205 173/161/96 171/167/102
f 174/164/99 706/292/207 133/294/209 172/168/103
f 714/295/210 132/293/208 171/167/102 169/171/106
f 172/168/103 133/294/209 715/296/211 170/173/108
f 187/287/202 711/286/201 779/297/212 166/298/213 168/299/214 185/300/215
f 291/301/216 874/302/217 994/303/218 964/304/218 966/305/218 878/306/219
f 714/295/210 169/171/106 167/307/220 184/308/221
f 168/299/214 170/173/108 715/296/211 185/300/215
f 1096/309/222 413/310/223 415/311/224 1120/312/222 431/313/225 447/314/226
f 703/284/199 699/276/192 697/274/191 696/273/190 702/283/198 177/282/197
f 716/315/227 719/316/227 722/317/227 708/318/227
f 724/319/228 726/320/228 729/321/228 712/322/228
f 732/323/229 734/324/229 720/325/229 717/326/229
f 727/327/230 737/328/230 740/329/230 730/330/230
f 742/331/231 747/332/231 735/333/231 733/334/231
f 738/335/232 749/336/232 743/337/232 741/338/232
f 751/339/233 752/340/234 748/341/235 744/342/233
f 750/343/236 70/344/237 137/345/238 138/346/238
f 710/347/239 143/348/239 723/349/239 753/350/239
f 725/351/240 144/352/240 188/353/240 754/354/240
f 755/355/241 189/356/242 204/357/243 206/358/244
f 205/359/245 190/360/246 69/361/247 206/358/244
f 752/340/234 756/362/248 760/363/248 748/341/235
f 762/364/249 757/365/249 70/344/237 750/343/236
f 195/366/250 761/367/250 764/368/250 736/369/250
f 766/370/251 763/371/251 196/372/251 739/373/251
f 193/374/252 765/375/252 768/376/252 721/377/252
f 771/378/253 767/379/253 194/380/253 728/381/253
f 191/382/254 769/383/254 204/357/243 189/356/242
f 205/359/245 772/384/255 192/385/255 190/360/246
f 758/386/256 770/387/256 200/388/256 198/389/256
f 201/390/257 773/391/257 759/392/257 199/393/257
f 487/394/258 489/395/259 467/396/260 469/397/261 471/398/262 481/399/263
f 745/400/264 139/401/265 616/402/266 698/403/264
f 623/404/267 140/405/268 746/406/269 176/407/269
f 139/401/265 718/408/270 774/409/270 616/402/266
f 776/410/271 731/411/271 140/405/268 623/404/267
f 141/412/272 707/289/204 778/413/273 775/414/272
f 779/297/212 711/286/201 142/415/274 777/416/274
f 609/180/115 780/417/275 211/418/276 610/181/116
f 212/419/277 781/420/278 612/183/118 611/182/117
f 780/417/275 213/421/279 209/422/280 211/418/276
f 210/423/281 214/424/282 781/420/278 212/419/277
f 618/425/283 163/426/284 209/422/280 213/421/279
f 210/423/281 164/427/285 626/428/286 214/424/282
f 130/429/287 129/430/288 785/431/288 782/432/287
f 785/431/288 129/430/288 131/433/289 787/434/289
f 132/293/208 714/295/210 783/435/290 790/436/291
f 788/437/292 715/296/211 133/294/209 792/438/293
f 134/439/294 132/293/208 790/436/291 794/440/295
f 792/438/293 133/294/209 135/441/296 796/442/297
f 136/443/298 134/439/294 794/440/295 798/444/298
f 796/442/297 135/441/296 136/443/298 798/444/298
f 215/445/299 795/446/300 799/447/300 801/448/299
f 802/449/301 797/450/301 215/445/299 801/448/299
f 216/451/302 791/452/302 804/453/302 800/454/302
f 806/455/303 793/456/303 217/457/303 803/458/303
f 218/459/304 784/460/304 808/461/304 805/462/304
f 810/463/305 789/464/305 219/465/305 807/466/305
f 220/467/306 786/468/306 812/469/306 809/470/306
f 813/471/307 71/472/307 221/473/307 811/474/307
f 906/475/308 938/476/308 349/477/309 77/478/310 303/479/308 307/480/308
f 223/150/86 227/149/85 225/481/311
f 226/482/312 228/147/83 224/152/87
f 182/483/313 180/484/314 814/485/315 815/486/316
f 817/487/317 181/488/318 183/489/319 816/490/320
f 111/491/321 182/483/313 815/486/316 818/492/322
f 816/490/320 183/489/319 112/493/323 819/494/324
f 109/495/325 111/491/321 818/492/322 820/496/326
f 819/494/324 112/493/323 110/497/327 821/498/328
f 180/484/314 113/499/329 822/500/330 814/485/315
f 823/501/331 114/502/332 181/488/318 817/487/317
f 113/499/329 115/503/333 824/504/333 822/500/330
f 826/505/334 116/506/334 114/502/332 823/501/331
f 690/266/185 117/264/183 828/507/335 825/508/336
f 829/509/337 118/265/184 695/267/186 827/510/338
f 117/264/183 119/262/181 830/511/339 828/507/335
f 832/512/340 120/263/182 118/265/184 829/509/337
f 119/262/181 121/260/179 834/513/341 830/511/339
f 835/514/342 122/261/180 120/263/182 832/512/340
f 121/260/179 123/515/343 836/516/344 834/513/341
f 838/517/345 124/518/346 122/261/180 835/514/342
f 123/515/343 125/519/347 840/520/348 836/516/344
f 841/521/349 126/522/350 124/518/346 838/517/345
f 125/519/347 178/523/351 842/524/352 840/520/348
f 844/525/353 179/526/354 126/522/350 841/521/349
f 178/523/351 127/527/355 846/528/356 842/524/352
f 847/529/357 128/530/358 179/526/354 844/525/353
f 127/527/355 109/495/325 820/496/326 846/528/356
f 821/498/328 110/497/327 128/530/358 847/529/357
f 236/531/359 254/532/360 256/533/361 274/534/362
f 257/535/363 255/536/364 237/537/365 275/538/366
f 843/539/367 236/531/359 274/534/362 848/540/367
f 275/538/366 237/537/365 845/541/368 849/542/368
f 238/543/369 234/544/370 276/545/370 272/546/371
f 277/547/372 235/548/372 239/549/373 273/550/374
f 837/551/375 238/543/369 272/546/371 850/552/375
f 273/550/374 239/549/373 839/553/376 851/554/376
f 242/555/377 240/556/378 270/557/378 268/558/379
f 271/559/380 241/560/380 243/561/381 269/562/382
f 831/563/383 242/555/377 268/558/379 852/564/383
f 269/562/382 243/561/381 833/565/384 853/566/384
f 246/567/385 244/568/386 266/569/386 264/570/387
f 267/571/388 245/572/388 247/573/389 265/574/390
f 248/575/391 246/567/385 264/570/387 262/576/392
f 265/574/390 247/573/389 249/577/393 263/578/394
f 250/579/395 248/575/391 262/576/392 260/580/396
f 263/578/394 249/577/393 251/581/397 261/582/398
f 232/583/399 250/579/395 260/580/396 278/584/400
f 261/582/398 251/581/397 233/585/401 279/586/402
f 254/532/360 252/587/403 258/588/404 256/533/361
f 259/589/405 253/590/406 255/536/364 257/535/363
f 252/587/403 230/591/407 280/592/408 258/588/404
f 281/593/409 231/594/410 253/590/406 259/589/405
f 230/591/407 232/583/399 278/584/400 280/592/408
f 279/586/402 233/585/401 231/594/410 281/593/409
f 677/595/411 670/596/411 856/597/411 854/598/411
f 860/599/412 674/600/412 67/601/412 855/602/412
f 107/603/413 661/604/413 864/605/413 857/606/413
f 866/607/414 668/608/414 108/609/414 861/610/414
f 105/611/415 651/612/415 868/613/415 865/614/415
f 870/615/416 658/616/416 106/617/416 867/618/416
f 103/619/417 101/620/418 872/621/419 869/622/417
f 874/623/217 102/624/420 104/625/421 871/626/421
f 101/620/418 99/627/422 290/628/423 872/621/419
f 291/629/216 100/630/424 102/624/420 874/623/217
f 99/627/422 635/631/425 876/632/426 290/628/423
f 878/306/219 640/633/427 100/630/424 291/629/216
f 97/634/428 630/635/428 880/636/428 877/637/428
f 883/638/429 632/639/429 98/640/429 879/641/429
f 95/642/430 93/643/431 886/644/432 881/645/430
f 888/646/433 94/647/434 96/648/435 884/649/435
f 93/643/431 91/650/436 890/651/437 886/644/432
f 892/652/438 92/653/439 94/647/434 888/646/433
f 896/654/440 897/655/440 899/656/441 894/657/441
f 904/658/442 897/659/440 896/660/440 902/661/442
f 305/662/443 306/663/444 895/664/445 334/665/446
f 903/666/447 306/667/444 305/668/443 335/669/448
f 908/670/449 305/662/443 334/665/446 907/671/450
f 335/669/448 305/668/443 908/670/449 909/672/451
f 88/673/452 90/674/453 304/675/453 338/676/454
f 304/675/453 90/674/453 89/677/455 339/678/456
f 599/679/457 88/673/452 338/676/454 910/680/457
f 339/678/456 89/677/455 602/681/458 912/682/458
f 84/683/459 86/684/460 911/685/460 914/686/461
f 913/687/462 87/688/462 85/689/463 915/690/464
f 83/691/465 81/692/466 919/693/467 917/694/468 915/690/464 85/689/463
f 58/695/469 56/156/91 62/142/78 60/146/82
f 328/696/470 334/665/446 895/664/445 330/697/471
f 903/666/447 335/669/448 329/698/472 331/699/473
f 328/696/470 332/700/474 907/671/450 334/665/446
f 909/672/451 333/701/475 329/698/472 335/669/448
f 918/702/476 916/703/477 336/704/478 900/705/478
f 337/706/479 917/694/468 919/693/467 905/707/479
f 80/708/480 82/709/481 84/683/459 914/686/461 916/703/477 918/702/476
f 80/708/480 918/702/476 920/710/482 922/711/483 213/421/279 207/712/482
f 618/425/283 213/421/279 922/711/483 928/713/484
f 924/714/485 214/424/282 626/428/286 930/715/486
f 78/716/487 929/717/487 890/651/437 91/650/436
f 892/652/438 931/718/488 79/719/488 92/653/439
f 933/720/489 322/721/490 350/722/491 932/723/492
f 351/724/493 323/725/494 76/726/495 302/727/496
f 932/723/492 350/722/491 348/728/497 934/729/498
f 349/477/309 351/724/493 302/727/496 77/478/310
f 186/288/203 187/287/202 185/300/215 715/296/211 713/730/499 714/295/210 184/308/221
f 936/731/500 901/732/500 898/733/500 935/734/500 934/729/498 348/728/497
f 324/735/501 326/736/501 937/737/501 921/738/501
f 939/739/502 327/740/502 325/741/502 927/742/502
f 882/743/503 887/744/503 316/745/504 940/746/505
f 317/747/506 889/748/507 885/749/507 941/750/508
f 942/751/509 945/752/510 322/721/490 933/720/489
f 323/725/494 946/753/511 943/754/512 76/726/495
f 947/755/513 948/756/514 950/757/515 301/758/516
f 951/759/517 952/760/518 947/761/513 301/762/516
f 301/758/516 950/757/515 954/763/519 956/764/520
f 958/765/521 951/759/517 301/762/516 956/766/520
f 957/767/522 955/768/523 314/769/524 944/770/522
f 315/771/525 959/772/526 74/773/527 75/774/527
f 377/775/528 946/753/511 323/725/494 1006/776/529 1007/777/530 989/778/531
f 872/779/419 290/780/423 876/632/426 960/781/532 962/782/532 991/783/532
f 963/784/533 961/785/533 969/786/533 968/787/533
f 972/788/534 967/789/534 965/790/534 971/791/534
f 364/792/535 970/793/536 974/794/537 370/795/538
f 975/796/539 973/797/540 365/798/541 371/799/542
f 370/795/538 974/794/537 976/800/543 978/801/544
f 980/802/545 975/796/539 371/799/542 979/803/546
f 982/804/547 985/805/548 372/806/549 977/807/547
f 373/808/550 986/809/551 987/810/552 981/811/552
f 314/769/524 955/768/523 372/806/549 985/805/548
f 373/808/550 959/772/526 315/771/525 986/809/551
f 352/812/553 354/813/554 370/795/538 978/801/544
f 371/799/542 355/814/555 353/815/556 979/803/546
f 354/813/554 949/816/557 364/792/535 370/795/538
f 365/798/541 953/817/558 355/814/555 371/799/542
f 949/816/557 990/818/559 362/819/559 364/792/535
f 363/820/560 993/821/560 953/817/558 365/798/541
f 996/822/561 992/823/562 356/824/562 300/825/561
f 357/826/563 995/827/563 996/828/561 300/829/561
f 858/830/564 284/831/564 286/832/564 873/833/564
f 287/834/565 285/835/565 862/836/565 875/837/565
f 859/838/566 288/839/566 358/840/566 997/841/566
f 359/842/567 289/843/567 863/844/567 998/845/567
f 72/846/568 282/847/569 73/848/568
f 73/849/568 283/850/570 72/851/568
f 292/852/571 294/853/571 308/854/572 360/855/573
f 309/856/574 295/857/575 293/858/575 361/859/576
f 308/854/572 310/860/577 366/861/578 360/855/573
f 367/862/579 311/863/580 309/856/574 361/859/576
f 310/860/577 999/864/581 368/865/582 366/861/578
f 369/866/583 1001/867/584 311/863/580 367/862/579
f 983/868/585 374/869/585 368/865/582 999/864/581
f 369/866/583 375/870/586 988/871/586 1001/867/584
f 346/872/587 348/728/497 384/873/588 382/874/589
f 385/875/590 349/477/309 347/876/591 383/877/592
f 316/745/504 382/874/589 384/873/588 1009/878/593
f 385/875/590 383/877/592 317/747/506 1011/879/594
f 296/880/595 891/881/596 382/874/589 316/745/504
f 383/877/592 893/882/597 297/883/598 317/747/506
f 891/881/596 923/884/599 340/885/600 382/874/589
f 341/886/601 925/887/602 893/882/597 383/877/592
f 340/885/600 346/872/587 382/874/589
f 383/877/592 347/876/591 341/886/601
f 298/888/603 344/889/603 342/890/603
f 343/891/604 345/892/604 299/893/604
f 945/752/510 376/894/605 984/895/606 1003/896/607 1005/897/608 322/721/490
f 1009/878/593 384/873/588 378/898/609 1004/899/610
f 379/900/611 385/875/590 1011/879/594 1008/901/612
f 348/728/497 350/722/491 378/898/609 384/873/588
f 379/900/611 351/724/493 349/477/309 385/875/590
f 322/721/490 1005/897/608 350/722/491
f 351/724/493 1006/776/529 323/725/494
f 1013/902/613 1014/903/614 1015/904/615 1016/905/616
f 1018/906/617 1019/907/618 1020/908/619 1017/909/620
f 1013/902/613 1016/905/616 1023/910/621 1021/911/622
f 1025/912/623 1017/909/620 1020/908/619 1027/913/624
f 1021/911/622 1023/910/621 1031/914/625 1029/915/626
f 1033/916/627 1025/912/623 1027/913/624 1035/917/628
f 1029/915/626 1031/914/625 1039/918/629 1037/919/630
f 1041/920/631 1033/916/627 1035/917/628 1043/921/632
f 1037/919/630 1039/918/629 1046/922/633 1045/923/634
f 1048/924/635 1041/920/631 1043/921/632 1050/925/636
f 1045/923/634 1046/922/633 1053/926/637 1051/927/637
f 1058/928/638 1048/924/635 1050/925/636 1056/929/638
f 1047/930/639 1061/931/639 1064/932/639 1054/933/639
f 1065/934/640 1066/935/640 1049/936/640 1059/937/640
f 1040/938/641 1069/939/641 1062/940/641 408/941/641
f 1067/942/642 1072/943/642 1042/944/642 409/945/642
f 1032/946/643 1075/947/643 1070/948/643 406/949/643
f 1073/950/644 1078/951/644 1034/952/644 407/953/644
f 1024/954/645 1081/955/645 1076/956/645 404/957/645
f 1079/958/646 1083/959/646 1026/960/646 405/961/646
f 400/962/647 426/963/648 1082/964/649 402/965/650
f 1084/966/651 427/967/652 401/968/653 403/969/654
f 400/962/647 412/970/655 414/971/656 426/963/648
f 415/311/224 413/310/223 401/968/653 427/967/652
f 316/745/504 1009/878/593 1085/972/657 440/973/658
f 1089/974/659 1011/879/594 317/747/506 441/975/660
f 1010/976/661 1052/977/661 1055/978/661 1086/979/661
f 1060/980/662 1057/981/662 1012/982/662 1090/983/662
f 940/746/505 316/745/504 440/973/658 310/860/577
f 441/975/660 317/747/506 941/750/508 311/863/580
f 1000/984/663 1093/985/663 1015/904/615 1014/903/614
f 1018/906/617 1095/986/664 1002/987/664 1019/907/618
f 410/988/665 416/989/666 1097/990/667 1087/991/665
f 1099/992/668 417/993/669 411/994/670 1091/995/670
f 1101/996/671 1104/997/671 1088/998/671 1098/999/671
f 1092/1000/672 1106/1001/672 1108/1002/672 1100/1003/672
f 1113/1004/673 1105/1005/673 1102/1006/673 1111/1007/673
f 1109/1008/674 1107/1009/674 1117/1010/674 1115/1011/674
f 430/1012/675 446/1013/676 444/1014/677 1114/1015/678
f 445/1016/679 447/314/226 431/313/225 1118/1017/680
f 487/394/258 481/399/263 1168/1018/681 477/1019/682 483/1020/683 485/1021/684
f 412/970/655 1094/1022/685 446/1013/676 430/1012/675 1119/1023/685 414/971/656
f 310/860/577 446/1024/676 428/1025/686 999/864/581
f 429/1026/687 447/1027/226 311/863/580 1001/867/584
f 310/860/577 440/973/658 444/1028/677 446/1024/676
f 445/1029/679 441/975/660 311/863/580 447/1027/226
f 440/973/658 442/1030/688 444/1028/677
f 445/1029/679 443/1031/689 441/975/660
f 414/971/656 448/1032/690 1121/1033/691 1122/1034/692
f 1124/1035/693 449/1036/694 415/311/224 1123/1037/695
f 448/1032/690 430/1012/675 1125/1038/696 1121/1033/691
f 1126/1039/697 431/313/225 449/1036/694 1124/1035/693
f 430/1012/675 1114/1015/678 1127/1040/698 1125/1038/696
f 1129/1041/699 1118/1017/680 431/313/225 1126/1039/697
f 432/1042/700 1112/1043/700 1131/1044/700 1128/1045/700
f 1133/1046/701 1116/1047/701 433/1048/701 1130/1049/701
f 434/1050/702 1103/1051/702 1135/1052/702 1132/1053/702
f 1138/1054/703 1110/1055/703 435/1056/703 1134/1057/703
f 436/1058/704 438/1059/704 1141/1060/704 1136/1061/704
f 1143/1062/705 439/1063/705 437/1064/705 1139/1065/705
f 926/1066/706 919/693/467 81/692/466 208/1067/706 214/424/282 924/714/485
f 416/989/666 418/1068/707 1164/1069/707 1145/1070/707 1142/1071/707 1097/990/667
f 426/963/648 414/971/656 1122/1034/692 1149/1072/708
f 1123/1037/695 415/311/224 427/967/652 1150/1073/709
f 1082/964/649 426/963/648 1149/1072/708 1151/1074/710
f 1150/1073/709 427/967/652 1084/966/651 1153/1075/711
f 1077/1076/712 424/1077/712 1152/1078/712 1155/1079/712
f 1154/1080/713 425/1081/713 1080/1082/713 1157/1083/713
f 1071/1084/714 422/1085/714 1156/1086/714 1159/1087/714
f 1158/1088/715 423/1089/715 1074/1090/715 1161/1091/715
f 1063/1092/716 420/1093/716 1160/1094/716 1163/1095/716
f 1162/1096/717 421/1097/717 1068/1098/717 1165/1099/717
f 456/1100/718 1137/1101/719 1167/1102/720 476/1103/721
f 1168/1018/681 1140/1104/722 457/1105/723 477/1019/682
f 1166/1106/724 419/1107/724 417/993/669 1099/992/668 1144/1108/724 1147/1109/724
f 480/1110/725 486/1111/726 484/1112/727 482/1113/728 476/1103/721 1167/1102/720
f 484/1112/727 486/1111/726 488/1114/729 490/1115/730
f 489/395/259 487/394/258 485/1021/684 491/1116/731
f 462/1117/732 474/1118/733 484/1112/727 490/1115/730
f 485/1021/684 475/1119/734 463/1120/735 491/1116/731
f 450/1121/736 482/1113/728 484/1112/727 474/1118/733
f 485/1021/684 483/1020/683 451/1122/737 475/1119/734
f 450/1121/736 460/1123/738 476/1103/721 482/1113/728
f 477/1019/682 461/1124/739 451/1122/737 483/1020/683
f 456/1100/718 476/1103/721 460/1123/738 458/1125/740
f 461/1124/739 477/1019/682 457/1105/723 459/1126/741
f 452/1127/742 1146/1128/742 478/1129/742 454/1130/742
f 479/1131/743 1148/1132/743 453/1133/743 455/1134/743
f 470/1135/744 480/1110/725 1167/1102/720 472/1136/745
f 1168/1018/681 481/399/263 471/398/262 473/1137/746
f 707/289/204 186/288/203 184/308/221 167/307/220 165/1138/747 778/413/273
f 466/1139/748 488/1114/729 486/1111/726 480/1110/725 470/1135/744 468/1140/749
f 464/1141/750 490/1115/730 488/1114/729 466/1139/748
f 489/395/259 491/1116/731 465/1142/751 467/396/260
f 462/1117/732 490/1115/730 464/1141/750
f 465/1142/751 491/1116/731 463/1120/735
f 390/1143/752 388/1144/753 1169/1145/754 1171/1146/755
f 1173/1147/756 389/1148/757 391/1149/758 1172/1150/759
f 1038/1151/760 390/1143/752 1171/1146/755 1175/1152/760
f 1172/1150/759 391/1149/758 1044/1153/761 1178/1154/761
f 1030/1155/762 392/1156/762 1176/1157/762 1181/1158/762
f 1179/1159/763 393/1160/763 1036/1161/763 1183/1162/763
f 1022/1163/764 394/1164/764 1182/1165/764 1185/1166/764
f 1184/1167/765 395/1168/765 1028/1169/765 1188/1170/765
f 398/1171/766 396/1172/767 1186/1173/767 1191/1174/768
f 1189/1175/769 397/1176/769 399/1177/770 1192/1178/771
f 386/1179/772 398/1171/766 1191/1174/768 1193/1180/773
f 1192/1178/771 399/1177/770 387/1181/774 1195/1182/775
f 492/1183/776 500/1184/777 1170/1185/778 1194/1186/778
f 1174/1187/779 501/1188/780 493/1189/781 1196/1190/779
f 492/1183/776 1187/1191/782 1177/1192/782 500/1184/777
f 1180/1193/783 1190/1194/783 493/1189/781 501/1188/780
f 494/1195/784 496/1196/784 498/1197/784
f 499/1198/785 497/1199/785 495/1200/785
f 312/1201/786 380/1202/786 386/1203/772 1193/1204/773
f 387/1181/774 381/1205/787 313/1206/787 1195/1182/775
f 984/1207/606 504/1208/788 502/1209/788 1003/1210/607
f 503/1211/789 505/1212/789 989/1213/531 1007/1214/530
f 318/1215/790 320/1216/790 1169/1145/754 388/1144/753
f 1173/1147/756 321/1217/791 319/1218/791 389/1148/757
f 205/359/245 206/358/244 204/357/243 202/1219/792 197/1220/792 203/1221/792
